city_id,population_difference,built_up_area_difference_m2,urban_centre_area_difference_km2,reconciliation_semantics
1,-0.3433900000018184,0,0.0,current_epoch_file_integrity_not_temporal_comparability
2,-0.2338000000017928,0,0.0,current_epoch_file_integrity_not_temporal_comparability
3,-0.3418200000014622,0,0.0,current_epoch_file_integrity_not_temporal_comparability
4,0.12570000000414439,0,0.0,current_epoch_file_integrity_not_temporal_comparability
5,0.059989999994286336,0,0.0,current_epoch_file_integrity_not_temporal_comparability
6,-0.22390000001178123,0,0.0,current_epoch_file_integrity_not_temporal_comparability
7,0.1452999999964959,0,0.0,current_epoch_file_integrity_not_temporal_comparability
8,0.1266299999988405,0,0.0,current_epoch_file_integrity_not_temporal_comparability
9,0.3215100000015809,0,0.0,current_epoch_file_integrity_not_temporal_comparability
10,0.02479999999923166,0,0.0,current_epoch_file_integrity_not_temporal_comparability
11,-0.4871899999998277,0,0.0,current_epoch_file_integrity_not_temporal_comparability
12,0.19541000000026543,0,0.0,current_epoch_file_integrity_not_temporal_comparability
13,-0.06650000000081491,0,0.0,current_epoch_file_integrity_not_temporal_comparability
14,0.42422000000078697,0,0.0,current_epoch_file_integrity_not_temporal_comparability
15,0.06130000000121072,0,0.0,current_epoch_file_integrity_not_temporal_comparability
16,-0.21755999999732012,0,0.0,current_epoch_file_integrity_not_temporal_comparability
17,-0.1518999999971129,0,0.0,current_epoch_file_integrity_not_temporal_comparability
18,0.25290000000677537,0,0.0,current_epoch_file_integrity_not_temporal_comparability
19,0.20509999999194406,0,0.0,current_epoch_file_integrity_not_temporal_comparability
20,0.10474000000249362,0,0.0,current_epoch_file_integrity_not_temporal_comparability
21,0.2820599999977276,0,0.0,current_epoch_file_integrity_not_temporal_comparability
22,0.22884000000340166,0,0.0,current_epoch_file_integrity_not_temporal_comparability
23,0.15460000000166474,0,0.0,current_epoch_file_integrity_not_temporal_comparability
24,-0.0390800000022864,0,0.0,current_epoch_file_integrity_not_temporal_comparability
25,-0.03740000000107102,0,0.0,current_epoch_file_integrity_not_temporal_comparability
26,-0.43969999998807907,0,0.0,current_epoch_file_integrity_not_temporal_comparability
27,0.2927099999942584,0,0.0,current_epoch_file_integrity_not_temporal_comparability
28,-0.3323099999979604,0,0.0,current_epoch_file_integrity_not_temporal_comparability
29,0.04960000002756715,0,0.0,current_epoch_file_integrity_not_temporal_comparability
30,-0.2738000000244938,0,0.0,current_epoch_file_integrity_not_temporal_comparability
31,0.171040000001085,0,0.0,current_epoch_file_integrity_not_temporal_comparability
32,0.09990000000107102,0,0.0,current_epoch_file_integrity_not_temporal_comparability
33,0.07490000000689179,0,0.0,current_epoch_file_integrity_not_temporal_comparability
34,-0.48889999999664724,0,0.0,current_epoch_file_integrity_not_temporal_comparability
35,0.14957999999751337,0,0.0,current_epoch_file_integrity_not_temporal_comparability
36,0.22189000000071246,0,0.0,current_epoch_file_integrity_not_temporal_comparability
37,0.3135400000028312,0,0.0,current_epoch_file_integrity_not_temporal_comparability
38,-0.12076999999408145,0,0.0,current_epoch_file_integrity_not_temporal_comparability
39,-0.2059999997727573,0,0.0,current_epoch_file_integrity_not_temporal_comparability
40,-0.2029999999795109,0,0.0,current_epoch_file_integrity_not_temporal_comparability
41,-0.01980000000912696,0,0.0,current_epoch_file_integrity_not_temporal_comparability
42,0.0013499999986379407,0,0.0,current_epoch_file_integrity_not_temporal_comparability
43,0.3312000000150874,0,0.0,current_epoch_file_integrity_not_temporal_comparability
44,0.23399999999674037,0,0.0,current_epoch_file_integrity_not_temporal_comparability
45,0.47579999998561107,0,0.0,current_epoch_file_integrity_not_temporal_comparability
46,-0.448499999998603,0,0.0,current_epoch_file_integrity_not_temporal_comparability
47,-0.05500000016763806,0,0.0,current_epoch_file_integrity_not_temporal_comparability
48,-0.11639999999897555,0,0.0,current_epoch_file_integrity_not_temporal_comparability
49,-0.014499999990221113,0,0.0,current_epoch_file_integrity_not_temporal_comparability
50,-0.4339999998919666,0,0.0,current_epoch_file_integrity_not_temporal_comparability
52,0.3077999999950407,0,0.0,current_epoch_file_integrity_not_temporal_comparability
53,0.42369999999937136,0,0.0,current_epoch_file_integrity_not_temporal_comparability
54,0.19886000000406057,0,0.0,current_epoch_file_integrity_not_temporal_comparability
55,-0.4880399999965448,0,0.0,current_epoch_file_integrity_not_temporal_comparability
56,-0.18589999999676365,0,0.0,current_epoch_file_integrity_not_temporal_comparability
57,-0.1570999999967171,0,0.0,current_epoch_file_integrity_not_temporal_comparability
58,0.22399999998742715,0,0.0,current_epoch_file_integrity_not_temporal_comparability
59,-0.28171000000293134,0,0.0,current_epoch_file_integrity_not_temporal_comparability
60,0.045639999996637926,0,0.0,current_epoch_file_integrity_not_temporal_comparability
61,0.2704899999953341,0,0.0,current_epoch_file_integrity_not_temporal_comparability
62,0.3207800000018324,0,0.0,current_epoch_file_integrity_not_temporal_comparability
63,0.274120000001858,0,0.0,current_epoch_file_integrity_not_temporal_comparability
64,-0.03509999999369029,0,0.0,current_epoch_file_integrity_not_temporal_comparability
65,-0.4247800000011921,0,0.0,current_epoch_file_integrity_not_temporal_comparability
66,0.08520000000135042,0,0.0,current_epoch_file_integrity_not_temporal_comparability
67,0.005299999989802018,0,0.0,current_epoch_file_integrity_not_temporal_comparability
68,-0.4940000000060536,0,0.0,current_epoch_file_integrity_not_temporal_comparability
69,0.032100000011269,0,0.0,current_epoch_file_integrity_not_temporal_comparability
70,0.06899999990127981,0,0.0,current_epoch_file_integrity_not_temporal_comparability
71,0.0804000000061933,0,0.0,current_epoch_file_integrity_not_temporal_comparability
72,-0.400099999998929,0,0.0,current_epoch_file_integrity_not_temporal_comparability
73,0.4939700000031735,0,0.0,current_epoch_file_integrity_not_temporal_comparability
74,-0.31066000000282656,0,0.0,current_epoch_file_integrity_not_temporal_comparability
75,0.25269999995362014,0,0.0,current_epoch_file_integrity_not_temporal_comparability
76,0.22699999995529652,0,0.0,current_epoch_file_integrity_not_temporal_comparability
77,0.4293000000034226,0,0.0,current_epoch_file_integrity_not_temporal_comparability
78,0.08699999999953434,0,0.0,current_epoch_file_integrity_not_temporal_comparability
79,0.3814999999885913,0,0.0,current_epoch_file_integrity_not_temporal_comparability
80,0.12410000001545995,0,0.0,current_epoch_file_integrity_not_temporal_comparability
81,-0.354300000006333,0,0.0,current_epoch_file_integrity_not_temporal_comparability
82,-0.14389999999548309,0,0.0,current_epoch_file_integrity_not_temporal_comparability
83,0.2470000000030268,0,0.0,current_epoch_file_integrity_not_temporal_comparability
84,-0.288669999994454,0,0.0,current_epoch_file_integrity_not_temporal_comparability
85,-0.15359999996144325,0,0.0,current_epoch_file_integrity_not_temporal_comparability
86,0.0692399999970803,0,0.0,current_epoch_file_integrity_not_temporal_comparability
87,-0.48869999998714775,0,0.0,current_epoch_file_integrity_not_temporal_comparability
88,0.4429999999993015,0,0.0,current_epoch_file_integrity_not_temporal_comparability
89,-0.07750000001396984,0,0.0,current_epoch_file_integrity_not_temporal_comparability
90,0.1570800000044983,0,0.0,current_epoch_file_integrity_not_temporal_comparability
91,-0.23024000000441447,0,0.0,current_epoch_file_integrity_not_temporal_comparability
92,0.16287000000011176,0,0.0,current_epoch_file_integrity_not_temporal_comparability
93,0.055099999997764826,0,0.0,current_epoch_file_integrity_not_temporal_comparability
94,-0.005300000018905848,0,0.0,current_epoch_file_integrity_not_temporal_comparability
95,-0.05710000000544824,0,0.0,current_epoch_file_integrity_not_temporal_comparability
96,0.10554000000411179,0,0.0,current_epoch_file_integrity_not_temporal_comparability
97,0.4258399999962421,0,0.0,current_epoch_file_integrity_not_temporal_comparability
98,-0.46379000000160886,0,0.0,current_epoch_file_integrity_not_temporal_comparability
99,-0.0268999999971129,0,0.0,current_epoch_file_integrity_not_temporal_comparability
100,-0.02305000000342261,0,0.0,current_epoch_file_integrity_not_temporal_comparability
101,0.2673700000013923,0,0.0,current_epoch_file_integrity_not_temporal_comparability
102,-0.2442000000155531,0,0.0,current_epoch_file_integrity_not_temporal_comparability
103,-0.3019399999975576,0,0.0,current_epoch_file_integrity_not_temporal_comparability
104,-0.45600000000558794,0,0.0,current_epoch_file_integrity_not_temporal_comparability
105,-0.4603999999817461,0,0.0,current_epoch_file_integrity_not_temporal_comparability
106,-0.3126999999949476,0,0.0,current_epoch_file_integrity_not_temporal_comparability
107,-0.03861000000324566,0,0.0,current_epoch_file_integrity_not_temporal_comparability
108,-0.497430000003078,0,0.0,current_epoch_file_integrity_not_temporal_comparability
109,-0.4979999999050051,0,0.0,current_epoch_file_integrity_not_temporal_comparability
110,0.23356999999668915,0,0.0,current_epoch_file_integrity_not_temporal_comparability
111,0.11840000000665896,0,0.0,current_epoch_file_integrity_not_temporal_comparability
112,0.059600000007776543,0,0.0,current_epoch_file_integrity_not_temporal_comparability
113,0.3929999999963911,0,0.0,current_epoch_file_integrity_not_temporal_comparability
114,-0.3876499999969383,0,0.0,current_epoch_file_integrity_not_temporal_comparability
115,-0.09309999999823049,0,0.0,current_epoch_file_integrity_not_temporal_comparability
116,0.06609999999636784,0,0.0,current_epoch_file_integrity_not_temporal_comparability
117,-0.09629999997559935,0,0.0,current_epoch_file_integrity_not_temporal_comparability
118,0.10090000000491273,0,0.0,current_epoch_file_integrity_not_temporal_comparability
119,-0.10852999999769963,0,0.0,current_epoch_file_integrity_not_temporal_comparability
120,0.19567999999708263,0,0.0,current_epoch_file_integrity_not_temporal_comparability
121,-0.012700000021141022,0,0.0,current_epoch_file_integrity_not_temporal_comparability
122,-0.3177900000009686,0,0.0,current_epoch_file_integrity_not_temporal_comparability
123,0.3227000000042608,0,0.0,current_epoch_file_integrity_not_temporal_comparability
124,-0.23489999998128042,0,0.0,current_epoch_file_integrity_not_temporal_comparability
125,0.2519999999931315,0,0.0,current_epoch_file_integrity_not_temporal_comparability
126,0.19008999999641674,0,0.0,current_epoch_file_integrity_not_temporal_comparability
127,0.4812000000383705,0,0.0,current_epoch_file_integrity_not_temporal_comparability
128,-0.32529999999678694,0,0.0,current_epoch_file_integrity_not_temporal_comparability
129,0.02630000002682209,0,0.0,current_epoch_file_integrity_not_temporal_comparability
130,-0.4301500000001397,0,0.0,current_epoch_file_integrity_not_temporal_comparability
131,-0.3635999999969499,0,0.0,current_epoch_file_integrity_not_temporal_comparability
133,0.07069000000046799,0,0.0,current_epoch_file_integrity_not_temporal_comparability
134,0.035499999998137355,0,0.0,current_epoch_file_integrity_not_temporal_comparability
135,-0.01471000000310596,0,0.0,current_epoch_file_integrity_not_temporal_comparability
136,-0.11350000000675209,0,0.0,current_epoch_file_integrity_not_temporal_comparability
137,-0.10910000000149012,0,0.0,current_epoch_file_integrity_not_temporal_comparability
138,-0.3220000000001164,0,0.0,current_epoch_file_integrity_not_temporal_comparability
139,-0.20999000000301749,0,0.0,current_epoch_file_integrity_not_temporal_comparability
140,-0.32760000000416767,0,0.0,current_epoch_file_integrity_not_temporal_comparability
141,0.13850000000093132,0,0.0,current_epoch_file_integrity_not_temporal_comparability
142,-0.20480000000679865,0,0.0,current_epoch_file_integrity_not_temporal_comparability
143,0.13360000000102445,0,0.0,current_epoch_file_integrity_not_temporal_comparability
144,-0.4695599999977276,0,0.0,current_epoch_file_integrity_not_temporal_comparability
145,-0.2433000000019092,0,0.0,current_epoch_file_integrity_not_temporal_comparability
146,0.38087999999697786,0,0.0,current_epoch_file_integrity_not_temporal_comparability
147,-0.3659699999989243,0,0.0,current_epoch_file_integrity_not_temporal_comparability
148,0.4714000000094529,0,0.0,current_epoch_file_integrity_not_temporal_comparability
149,0.20781000000715721,0,0.0,current_epoch_file_integrity_not_temporal_comparability
150,-0.3433999999979278,0,0.0,current_epoch_file_integrity_not_temporal_comparability
151,-0.09554999999818392,0,0.0,current_epoch_file_integrity_not_temporal_comparability
152,0.1340000000782311,0,0.0,current_epoch_file_integrity_not_temporal_comparability
153,0.12800000002607703,0,0.0,current_epoch_file_integrity_not_temporal_comparability
154,0.4681700000001001,0,0.0,current_epoch_file_integrity_not_temporal_comparability
155,0.10990999999921769,0,0.0,current_epoch_file_integrity_not_temporal_comparability
156,0.2084000000031665,0,0.0,current_epoch_file_integrity_not_temporal_comparability
157,0.31089999999676365,0,0.0,current_epoch_file_integrity_not_temporal_comparability
158,0.4197199999980512,0,0.0,current_epoch_file_integrity_not_temporal_comparability
159,-0.4449000000022352,0,0.0,current_epoch_file_integrity_not_temporal_comparability
160,0.485370000002149,0,0.0,current_epoch_file_integrity_not_temporal_comparability
161,0.07042000000365078,0,0.0,current_epoch_file_integrity_not_temporal_comparability
162,-0.28845000000001164,0,0.0,current_epoch_file_integrity_not_temporal_comparability
163,0.39380000001983717,0,0.0,current_epoch_file_integrity_not_temporal_comparability
164,0.47240000002784654,0,0.0,current_epoch_file_integrity_not_temporal_comparability
165,0.19430000000284053,0,0.0,current_epoch_file_integrity_not_temporal_comparability
166,-0.3855000000039581,0,0.0,current_epoch_file_integrity_not_temporal_comparability
167,-0.12330000000656582,0,0.0,current_epoch_file_integrity_not_temporal_comparability
168,-0.30058999999891967,0,0.0,current_epoch_file_integrity_not_temporal_comparability
169,0.3804999999993015,0,0.0,current_epoch_file_integrity_not_temporal_comparability
170,0.17600999999558553,0,0.0,current_epoch_file_integrity_not_temporal_comparability
171,-0.33284000000276137,0,0.0,current_epoch_file_integrity_not_temporal_comparability
172,-0.17869999998947605,0,0.0,current_epoch_file_integrity_not_temporal_comparability
173,-0.007400000002235174,0,0.0,current_epoch_file_integrity_not_temporal_comparability
174,0.19015000000217697,0,0.0,current_epoch_file_integrity_not_temporal_comparability
175,-0.07779999999911524,0,0.0,current_epoch_file_integrity_not_temporal_comparability
176,-0.39339999994263053,0,0.0,current_epoch_file_integrity_not_temporal_comparability
177,-0.24461999999766704,0,0.0,current_epoch_file_integrity_not_temporal_comparability
178,-0.16199999954551458,0,0.0,current_epoch_file_integrity_not_temporal_comparability
179,-0.1361800000013318,0,0.0,current_epoch_file_integrity_not_temporal_comparability
180,-0.11219999997410923,0,0.0,current_epoch_file_integrity_not_temporal_comparability
181,-0.4279700000042794,0,0.0,current_epoch_file_integrity_not_temporal_comparability
182,-0.12299999999231659,0,0.0,current_epoch_file_integrity_not_temporal_comparability
183,-0.48639999999431893,0,0.0,current_epoch_file_integrity_not_temporal_comparability
184,-0.2365600000048289,0,0.0,current_epoch_file_integrity_not_temporal_comparability
185,0.42040000000270084,0,0.0,current_epoch_file_integrity_not_temporal_comparability
186,0.17869999998947605,0,0.0,current_epoch_file_integrity_not_temporal_comparability
187,0.12969000000157394,0,0.0,current_epoch_file_integrity_not_temporal_comparability
189,0.4211000000068452,0,0.0,current_epoch_file_integrity_not_temporal_comparability
190,0.49119999998947605,0,0.0,current_epoch_file_integrity_not_temporal_comparability
191,0.04782000000705011,0,0.0,current_epoch_file_integrity_not_temporal_comparability
192,0.440759999997681,0,0.0,current_epoch_file_integrity_not_temporal_comparability
193,-0.24560000002384186,0,0.0,current_epoch_file_integrity_not_temporal_comparability
194,0.0916399999987334,0,0.0,current_epoch_file_integrity_not_temporal_comparability
195,0.23222000000532717,0,0.0,current_epoch_file_integrity_not_temporal_comparability
196,-0.42590000000200234,0,0.0,current_epoch_file_integrity_not_temporal_comparability
197,0.19550000000162981,0,0.0,current_epoch_file_integrity_not_temporal_comparability
198,-0.3121099999989383,0,0.0,current_epoch_file_integrity_not_temporal_comparability
199,-0.21259999999892898,0,0.0,current_epoch_file_integrity_not_temporal_comparability
200,-0.0464399999982561,0,0.0,current_epoch_file_integrity_not_temporal_comparability
201,0.3643000000010943,0,0.0,current_epoch_file_integrity_not_temporal_comparability
202,0.46370000002207235,0,0.0,current_epoch_file_integrity_not_temporal_comparability
203,-0.4157999999879394,0,0.0,current_epoch_file_integrity_not_temporal_comparability
204,0.3984000000054948,0,0.0,current_epoch_file_integrity_not_temporal_comparability
205,0.06502000000182306,0,0.0,current_epoch_file_integrity_not_temporal_comparability
206,0.16313000000081956,0,0.0,current_epoch_file_integrity_not_temporal_comparability
207,0.10676999999850523,0,0.0,current_epoch_file_integrity_not_temporal_comparability
208,-0.12694000000192318,0,0.0,current_epoch_file_integrity_not_temporal_comparability
209,0.30406999999831896,0,0.0,current_epoch_file_integrity_not_temporal_comparability
210,0.42119999998249114,0,0.0,current_epoch_file_integrity_not_temporal_comparability
211,-0.418100000009872,0,0.0,current_epoch_file_integrity_not_temporal_comparability
212,-0.30799999996088445,0,0.0,current_epoch_file_integrity_not_temporal_comparability
213,-0.21420000004582107,0,0.0,current_epoch_file_integrity_not_temporal_comparability
214,-0.1410000000614673,0,0.0,current_epoch_file_integrity_not_temporal_comparability
215,0.15270000000600703,0,0.0,current_epoch_file_integrity_not_temporal_comparability
216,0.39459999999962747,0,0.0,current_epoch_file_integrity_not_temporal_comparability
217,-0.1340000000782311,0,0.0,current_epoch_file_integrity_not_temporal_comparability
218,0.383719999997993,0,0.0,current_epoch_file_integrity_not_temporal_comparability
219,0.1755000000121072,0,0.0,current_epoch_file_integrity_not_temporal_comparability
220,0.10529999999562278,0,0.0,current_epoch_file_integrity_not_temporal_comparability
221,-0.1929999999993015,0,0.0,current_epoch_file_integrity_not_temporal_comparability
222,-0.10400000005029142,0,0.0,current_epoch_file_integrity_not_temporal_comparability
223,-0.1860999999989872,0,0.0,current_epoch_file_integrity_not_temporal_comparability
224,-0.2975799999985611,0,0.0,current_epoch_file_integrity_not_temporal_comparability
225,-0.3912399999971967,0,0.0,current_epoch_file_integrity_not_temporal_comparability
226,0.036690000000817236,0,0.0,current_epoch_file_integrity_not_temporal_comparability
227,0.24620999999751803,0,0.0,current_epoch_file_integrity_not_temporal_comparability
228,0.328269999998156,0,0.0,current_epoch_file_integrity_not_temporal_comparability
229,-0.12321000000520144,0,0.0,current_epoch_file_integrity_not_temporal_comparability
230,0.2154000000009546,0,0.0,current_epoch_file_integrity_not_temporal_comparability
231,-0.3200000000651926,0,0.0,current_epoch_file_integrity_not_temporal_comparability
232,-0.2933999999950174,0,0.0,current_epoch_file_integrity_not_temporal_comparability
233,0.09169999998994172,0,0.0,current_epoch_file_integrity_not_temporal_comparability
234,0.014699999999720603,0,0.0,current_epoch_file_integrity_not_temporal_comparability
235,0.4131000000052154,0,0.0,current_epoch_file_integrity_not_temporal_comparability
236,0.07391999999526888,0,0.0,current_epoch_file_integrity_not_temporal_comparability
237,0.44930000000749715,0,0.0,current_epoch_file_integrity_not_temporal_comparability
238,0.003899999996065162,0,0.0,current_epoch_file_integrity_not_temporal_comparability
239,0.3371000000042841,0,0.0,current_epoch_file_integrity_not_temporal_comparability
240,-0.009109999999054708,0,0.0,current_epoch_file_integrity_not_temporal_comparability
241,0.15877999999793246,0,0.0,current_epoch_file_integrity_not_temporal_comparability
242,-0.07929999999760184,0,0.0,current_epoch_file_integrity_not_temporal_comparability
243,0.2477599999983795,0,0.0,current_epoch_file_integrity_not_temporal_comparability
244,0.2850000001490116,0,0.0,current_epoch_file_integrity_not_temporal_comparability
245,-0.0754499999966356,0,0.0,current_epoch_file_integrity_not_temporal_comparability
246,-0.17060000001220033,0,0.0,current_epoch_file_integrity_not_temporal_comparability
247,-0.35050000000046566,0,0.0,current_epoch_file_integrity_not_temporal_comparability
248,0.31904000000213273,0,0.0,current_epoch_file_integrity_not_temporal_comparability
249,0.28049999999348074,0,0.0,current_epoch_file_integrity_not_temporal_comparability
250,0.47026999999798136,0,0.0,current_epoch_file_integrity_not_temporal_comparability
251,0.41511999999784166,0,0.0,current_epoch_file_integrity_not_temporal_comparability
252,0.3775000000023283,0,0.0,current_epoch_file_integrity_not_temporal_comparability
253,0.19390000001294538,0,0.0,current_epoch_file_integrity_not_temporal_comparability
255,0.24589999997988343,0,0.0,current_epoch_file_integrity_not_temporal_comparability
256,-0.42040999999881024,0,0.0,current_epoch_file_integrity_not_temporal_comparability
257,0.3750900000013644,0,0.0,current_epoch_file_integrity_not_temporal_comparability
258,0.010999999940395355,0,0.0,current_epoch_file_integrity_not_temporal_comparability
259,-0.36269999999785796,0,0.0,current_epoch_file_integrity_not_temporal_comparability
260,0.12592999999469612,0,0.0,current_epoch_file_integrity_not_temporal_comparability
261,0.0005800000071758404,0,0.0,current_epoch_file_integrity_not_temporal_comparability
262,-0.2679000000061933,0,0.0,current_epoch_file_integrity_not_temporal_comparability
263,-0.09416000000055647,0,0.0,current_epoch_file_integrity_not_temporal_comparability
264,-0.2109100000016042,0,0.0,current_epoch_file_integrity_not_temporal_comparability
265,0.20562000000063563,0,0.0,current_epoch_file_integrity_not_temporal_comparability
266,-0.21613000000070315,0,0.0,current_epoch_file_integrity_not_temporal_comparability
267,0.33387000000220723,0,0.0,current_epoch_file_integrity_not_temporal_comparability
268,0.24929999999585561,0,0.0,current_epoch_file_integrity_not_temporal_comparability
269,0.04068000000552274,0,0.0,current_epoch_file_integrity_not_temporal_comparability
270,0.37296999999671243,0,0.0,current_epoch_file_integrity_not_temporal_comparability
271,-0.4517999999807216,0,0.0,current_epoch_file_integrity_not_temporal_comparability
272,0.3552999999956228,0,0.0,current_epoch_file_integrity_not_temporal_comparability
273,0.39280000000144355,0,0.0,current_epoch_file_integrity_not_temporal_comparability
274,0.16264000000228407,0,0.0,current_epoch_file_integrity_not_temporal_comparability
275,0.490300000004936,0,0.0,current_epoch_file_integrity_not_temporal_comparability
276,-0.3045999999740161,0,0.0,current_epoch_file_integrity_not_temporal_comparability
277,0.14650999999867054,0,0.0,current_epoch_file_integrity_not_temporal_comparability
278,-0.4482999999891035,0,0.0,current_epoch_file_integrity_not_temporal_comparability
279,0.16001999999571126,0,0.0,current_epoch_file_integrity_not_temporal_comparability
280,0.2771000000066124,0,0.0,current_epoch_file_integrity_not_temporal_comparability
281,0.08814999999594875,0,0.0,current_epoch_file_integrity_not_temporal_comparability
282,0.1836500000063097,0,0.0,current_epoch_file_integrity_not_temporal_comparability
283,0.07978000000002794,0,0.0,current_epoch_file_integrity_not_temporal_comparability
284,-0.31810000000405125,0,0.0,current_epoch_file_integrity_not_temporal_comparability
285,-0.12020000000484288,0,0.0,current_epoch_file_integrity_not_temporal_comparability
286,0.152379999999539,0,0.0,current_epoch_file_integrity_not_temporal_comparability
287,-0.4235999999946216,0,0.0,current_epoch_file_integrity_not_temporal_comparability
288,-0.32868999999482185,0,0.0,current_epoch_file_integrity_not_temporal_comparability
289,0.12290000000211876,0,0.0,current_epoch_file_integrity_not_temporal_comparability
290,0.3410799999983283,0,0.0,current_epoch_file_integrity_not_temporal_comparability
291,-0.12600000016391277,0,0.0,current_epoch_file_integrity_not_temporal_comparability
292,-0.4064000000071246,0,0.0,current_epoch_file_integrity_not_temporal_comparability
293,0.32832000000053085,0,0.0,current_epoch_file_integrity_not_temporal_comparability
294,-0.06760000000940636,0,0.0,current_epoch_file_integrity_not_temporal_comparability
295,-0.2690000000875443,0,0.0,current_epoch_file_integrity_not_temporal_comparability
296,0.4358000000065658,0,0.0,current_epoch_file_integrity_not_temporal_comparability
297,0.10169999999925494,0,0.0,current_epoch_file_integrity_not_temporal_comparability
298,0.29889999999431893,0,0.0,current_epoch_file_integrity_not_temporal_comparability
299,0.3610000000335276,0,0.0,current_epoch_file_integrity_not_temporal_comparability
300,0.45539999997708946,0,0.0,current_epoch_file_integrity_not_temporal_comparability
301,0.27580000000307336,0,0.0,current_epoch_file_integrity_not_temporal_comparability
302,0.34969999999157153,0,0.0,current_epoch_file_integrity_not_temporal_comparability
303,0.4497700000065379,0,0.0,current_epoch_file_integrity_not_temporal_comparability
304,-0.46890999999595806,0,0.0,current_epoch_file_integrity_not_temporal_comparability
305,0.25539999999455176,0,0.0,current_epoch_file_integrity_not_temporal_comparability
306,0.05989999999292195,0,0.0,current_epoch_file_integrity_not_temporal_comparability
307,-0.16719999999622814,0,0.0,current_epoch_file_integrity_not_temporal_comparability
308,0.10812000000441913,0,0.0,current_epoch_file_integrity_not_temporal_comparability
309,0.21319999999832362,0,0.0,current_epoch_file_integrity_not_temporal_comparability
310,-0.10799999999289867,0,0.0,current_epoch_file_integrity_not_temporal_comparability
311,0.39100000000325963,0,0.0,current_epoch_file_integrity_not_temporal_comparability
312,0.18900000001303852,0,0.0,current_epoch_file_integrity_not_temporal_comparability
314,-0.12225000000034925,0,0.0,current_epoch_file_integrity_not_temporal_comparability
315,-0.2754000000131782,0,0.0,current_epoch_file_integrity_not_temporal_comparability
316,0.11961999999766704,0,0.0,current_epoch_file_integrity_not_temporal_comparability
317,-0.05189000000245869,0,0.0,current_epoch_file_integrity_not_temporal_comparability
319,0.23161000000254717,0,0.0,current_epoch_file_integrity_not_temporal_comparability
320,0.25700000001234,0,0.0,current_epoch_file_integrity_not_temporal_comparability
321,0.3338599999988219,0,0.0,current_epoch_file_integrity_not_temporal_comparability
322,-0.2233600000035949,0,0.0,current_epoch_file_integrity_not_temporal_comparability
323,-0.09926999999879627,0,0.0,current_epoch_file_integrity_not_temporal_comparability
324,0.3350899999932153,0,0.0,current_epoch_file_integrity_not_temporal_comparability
325,-0.4349999999976717,0,0.0,current_epoch_file_integrity_not_temporal_comparability
326,0.21467000000120606,0,0.0,current_epoch_file_integrity_not_temporal_comparability
327,-0.05994999999529682,0,0.0,current_epoch_file_integrity_not_temporal_comparability
328,0.3181999999942491,0,0.0,current_epoch_file_integrity_not_temporal_comparability
329,0.11706999999296386,0,0.0,current_epoch_file_integrity_not_temporal_comparability
330,0.301500000001397,0,0.0,current_epoch_file_integrity_not_temporal_comparability
331,0.023309999996854458,0,0.0,current_epoch_file_integrity_not_temporal_comparability
332,-0.386899999997695,0,0.0,current_epoch_file_integrity_not_temporal_comparability
333,-0.01621999999770196,0,0.0,current_epoch_file_integrity_not_temporal_comparability
334,0.2915999999968335,0,0.0,current_epoch_file_integrity_not_temporal_comparability
335,0.4286100000026636,0,0.0,current_epoch_file_integrity_not_temporal_comparability
336,0.47320000000763685,0,0.0,current_epoch_file_integrity_not_temporal_comparability
337,-0.4429999999701977,0,0.0,current_epoch_file_integrity_not_temporal_comparability
338,-0.4586999999883119,0,0.0,current_epoch_file_integrity_not_temporal_comparability
339,-0.1448999999993248,0,0.0,current_epoch_file_integrity_not_temporal_comparability
340,0.09769999999844003,0,0.0,current_epoch_file_integrity_not_temporal_comparability
341,-0.4912999999942258,0,0.0,current_epoch_file_integrity_not_temporal_comparability
342,-0.4143000000040047,0,0.0,current_epoch_file_integrity_not_temporal_comparability
343,0.1277000000118278,0,0.0,current_epoch_file_integrity_not_temporal_comparability
344,0.44733999999880325,0,0.0,current_epoch_file_integrity_not_temporal_comparability
345,-0.07510000001639128,0,0.0,current_epoch_file_integrity_not_temporal_comparability
346,-0.42509000000427477,0,0.0,current_epoch_file_integrity_not_temporal_comparability
347,0.3151999999972759,0,0.0,current_epoch_file_integrity_not_temporal_comparability
348,-0.39000000059604645,0,0.0,current_epoch_file_integrity_not_temporal_comparability
349,-0.4648000000161119,0,0.0,current_epoch_file_integrity_not_temporal_comparability
350,-0.4167799999995623,0,0.0,current_epoch_file_integrity_not_temporal_comparability
351,-0.4599999999627471,0,0.0,current_epoch_file_integrity_not_temporal_comparability
352,-0.4725999999936903,0,0.0,current_epoch_file_integrity_not_temporal_comparability
353,0.3117000000202097,0,0.0,current_epoch_file_integrity_not_temporal_comparability
354,-0.3940100000036182,0,0.0,current_epoch_file_integrity_not_temporal_comparability
355,-0.0046999999904073775,0,0.0,current_epoch_file_integrity_not_temporal_comparability
356,-0.22581999999965774,0,0.0,current_epoch_file_integrity_not_temporal_comparability
357,-0.4551000000210479,0,0.0,current_epoch_file_integrity_not_temporal_comparability
358,-0.33300000010058284,0,0.0,current_epoch_file_integrity_not_temporal_comparability
359,0.43959999999788124,0,0.0,current_epoch_file_integrity_not_temporal_comparability
360,0.1555099999968661,0,0.0,current_epoch_file_integrity_not_temporal_comparability
361,-0.3486200000043027,0,0.0,current_epoch_file_integrity_not_temporal_comparability
362,-0.4860000000335276,0,0.0,current_epoch_file_integrity_not_temporal_comparability
363,-0.4810000001452863,0,0.0,current_epoch_file_integrity_not_temporal_comparability
364,-0.1424000000115484,0,0.0,current_epoch_file_integrity_not_temporal_comparability
365,0.4370000000053551,0,0.0,current_epoch_file_integrity_not_temporal_comparability
366,-0.30040000000735745,0,0.0,current_epoch_file_integrity_not_temporal_comparability
367,-0.33799999998882413,0,0.0,current_epoch_file_integrity_not_temporal_comparability
368,0.10929999999643769,0,0.0,current_epoch_file_integrity_not_temporal_comparability
369,0.0087000000057742,0,0.0,current_epoch_file_integrity_not_temporal_comparability
370,-0.3629300000029616,0,0.0,current_epoch_file_integrity_not_temporal_comparability
371,-0.1162999999942258,0,0.0,current_epoch_file_integrity_not_temporal_comparability
372,0.17363999999361113,0,0.0,current_epoch_file_integrity_not_temporal_comparability
373,0.10800000000745058,0,0.0,current_epoch_file_integrity_not_temporal_comparability
374,-0.19044999999459833,0,0.0,current_epoch_file_integrity_not_temporal_comparability
375,-0.00465000000258442,0,0.0,current_epoch_file_integrity_not_temporal_comparability
376,0.18034000000625383,0,0.0,current_epoch_file_integrity_not_temporal_comparability
377,0.24790000001667067,0,0.0,current_epoch_file_integrity_not_temporal_comparability
378,0.12540000000444707,0,0.0,current_epoch_file_integrity_not_temporal_comparability
379,0.13490000000456348,0,0.0,current_epoch_file_integrity_not_temporal_comparability
380,0.08823000000120373,0,0.0,current_epoch_file_integrity_not_temporal_comparability
381,-0.32730000000447035,0,0.0,current_epoch_file_integrity_not_temporal_comparability
382,0.41550000000279397,0,0.0,current_epoch_file_integrity_not_temporal_comparability
383,-0.3090399999928195,0,0.0,current_epoch_file_integrity_not_temporal_comparability
384,-0.018120000000635628,0,0.0,current_epoch_file_integrity_not_temporal_comparability
385,0.31522999999288004,0,0.0,current_epoch_file_integrity_not_temporal_comparability
386,0.09904000000096858,0,0.0,current_epoch_file_integrity_not_temporal_comparability
387,-0.4187800000072457,0,0.0,current_epoch_file_integrity_not_temporal_comparability
389,0.05703999999968801,0,0.0,current_epoch_file_integrity_not_temporal_comparability
390,-0.37140000000363216,0,0.0,current_epoch_file_integrity_not_temporal_comparability
391,-0.14099999982863665,0,0.0,current_epoch_file_integrity_not_temporal_comparability
392,-0.025400000013178214,0,0.0,current_epoch_file_integrity_not_temporal_comparability
393,-0.10362999999779277,0,0.0,current_epoch_file_integrity_not_temporal_comparability
394,-0.46500000008381903,0,0.0,current_epoch_file_integrity_not_temporal_comparability
395,0.3919999999925494,0,0.0,current_epoch_file_integrity_not_temporal_comparability
396,-0.10403000000223983,0,0.0,current_epoch_file_integrity_not_temporal_comparability
397,0.4045699999987846,0,0.0,current_epoch_file_integrity_not_temporal_comparability
398,-0.1893599999966682,0,0.0,current_epoch_file_integrity_not_temporal_comparability
399,0.46459999999933643,0,0.0,current_epoch_file_integrity_not_temporal_comparability
400,0.33000000000174623,0,0.0,current_epoch_file_integrity_not_temporal_comparability
401,-0.432200000010198,0,0.0,current_epoch_file_integrity_not_temporal_comparability
402,0.3210499999986496,0,0.0,current_epoch_file_integrity_not_temporal_comparability
403,0.2844900000054622,0,0.0,current_epoch_file_integrity_not_temporal_comparability
404,0.3790699999954086,0,0.0,current_epoch_file_integrity_not_temporal_comparability
405,0.08572000000276603,0,0.0,current_epoch_file_integrity_not_temporal_comparability
406,0.3368999999947846,0,0.0,current_epoch_file_integrity_not_temporal_comparability
407,-0.00020000000949949026,0,0.0,current_epoch_file_integrity_not_temporal_comparability
408,-0.008150000001478475,0,0.0,current_epoch_file_integrity_not_temporal_comparability
409,0.1898899999941932,0,0.0,current_epoch_file_integrity_not_temporal_comparability
410,0.07360000000335276,0,0.0,current_epoch_file_integrity_not_temporal_comparability
411,-0.14495000000169966,0,0.0,current_epoch_file_integrity_not_temporal_comparability
412,0.22430000000167638,0,0.0,current_epoch_file_integrity_not_temporal_comparability
413,0.37088000000221655,0,0.0,current_epoch_file_integrity_not_temporal_comparability
414,0.3782000000355765,0,0.0,current_epoch_file_integrity_not_temporal_comparability
415,-0.3152999999874737,0,0.0,current_epoch_file_integrity_not_temporal_comparability
416,-0.3734499999991385,0,0.0,current_epoch_file_integrity_not_temporal_comparability
417,0.12341000000014901,0,0.0,current_epoch_file_integrity_not_temporal_comparability
418,0.04460999999719206,0,0.0,current_epoch_file_integrity_not_temporal_comparability
419,-0.1114000000525266,0,0.0,current_epoch_file_integrity_not_temporal_comparability
420,0.30899999999383,0,0.0,current_epoch_file_integrity_not_temporal_comparability
421,0.19113999999535736,0,0.0,current_epoch_file_integrity_not_temporal_comparability
422,-0.08114999999816064,0,0.0,current_epoch_file_integrity_not_temporal_comparability
423,-0.04114999999728752,0,0.0,current_epoch_file_integrity_not_temporal_comparability
424,0.3189999999012798,0,0.0,current_epoch_file_integrity_not_temporal_comparability
425,-0.06010000000242144,0,0.0,current_epoch_file_integrity_not_temporal_comparability
426,0.13560000000870787,0,0.0,current_epoch_file_integrity_not_temporal_comparability
427,-0.07099999999627471,0,0.0,current_epoch_file_integrity_not_temporal_comparability
428,0.09627999999793246,0,0.0,current_epoch_file_integrity_not_temporal_comparability
429,-0.36139999999431893,0,0.0,current_epoch_file_integrity_not_temporal_comparability
430,-0.24457000000256812,0,0.0,current_epoch_file_integrity_not_temporal_comparability
431,0.17599999997764826,0,0.0,current_epoch_file_integrity_not_temporal_comparability
432,0.23132999999506865,0,0.0,current_epoch_file_integrity_not_temporal_comparability
433,-0.25221000000601634,0,0.0,current_epoch_file_integrity_not_temporal_comparability
434,-0.2248699999981909,0,0.0,current_epoch_file_integrity_not_temporal_comparability
435,-0.28270000001066364,0,0.0,current_epoch_file_integrity_not_temporal_comparability
436,0.27850000001490116,0,0.0,current_epoch_file_integrity_not_temporal_comparability
437,0.010580000001937151,0,0.0,current_epoch_file_integrity_not_temporal_comparability
438,0.18239999999059364,0,0.0,current_epoch_file_integrity_not_temporal_comparability
439,0.11190000000351574,0,0.0,current_epoch_file_integrity_not_temporal_comparability
440,0.11180000001331791,0,0.0,current_epoch_file_integrity_not_temporal_comparability
441,0.21804999999585561,0,0.0,current_epoch_file_integrity_not_temporal_comparability
442,-0.037499999976716936,0,0.0,current_epoch_file_integrity_not_temporal_comparability
443,-0.25166999999783,0,0.0,current_epoch_file_integrity_not_temporal_comparability
444,0.26565000000118744,0,0.0,current_epoch_file_integrity_not_temporal_comparability
445,0.49324999999953434,0,0.0,current_epoch_file_integrity_not_temporal_comparability
446,0.053299999999580905,0,0.0,current_epoch_file_integrity_not_temporal_comparability
447,-0.49119999998947605,0,0.0,current_epoch_file_integrity_not_temporal_comparability
448,0.3041799999991781,0,0.0,current_epoch_file_integrity_not_temporal_comparability
449,-0.3623599999991711,0,0.0,current_epoch_file_integrity_not_temporal_comparability
450,0.2433000000019092,0,0.0,current_epoch_file_integrity_not_temporal_comparability
451,-0.41933000000426546,0,0.0,current_epoch_file_integrity_not_temporal_comparability
452,-0.44301999999879627,0,0.0,current_epoch_file_integrity_not_temporal_comparability
453,0.11617000000114786,0,0.0,current_epoch_file_integrity_not_temporal_comparability
454,0.055300000007264316,0,0.0,current_epoch_file_integrity_not_temporal_comparability
455,-0.1592000000018743,0,0.0,current_epoch_file_integrity_not_temporal_comparability
456,-0.039000000106170774,0,0.0,current_epoch_file_integrity_not_temporal_comparability
457,0.10199999995529652,0,0.0,current_epoch_file_integrity_not_temporal_comparability
458,-0.47799999988637865,0,0.0,current_epoch_file_integrity_not_temporal_comparability
459,-0.36048000000300817,0,0.0,current_epoch_file_integrity_not_temporal_comparability
460,0.3942899999965448,0,0.0,current_epoch_file_integrity_not_temporal_comparability
461,-0.2850000000325963,0,0.0,current_epoch_file_integrity_not_temporal_comparability
462,0.10390000000188593,0,0.0,current_epoch_file_integrity_not_temporal_comparability
463,0.4517400000040652,0,0.0,current_epoch_file_integrity_not_temporal_comparability
464,0.38330000000132713,0,0.0,current_epoch_file_integrity_not_temporal_comparability
465,-0.12217000000237022,0,0.0,current_epoch_file_integrity_not_temporal_comparability
467,-0.27309999999124557,0,0.0,current_epoch_file_integrity_not_temporal_comparability
468,0.33950000000186265,0,0.0,current_epoch_file_integrity_not_temporal_comparability
469,-0.4427000000141561,0,0.0,current_epoch_file_integrity_not_temporal_comparability
470,-0.4212499999994179,0,0.0,current_epoch_file_integrity_not_temporal_comparability
471,-0.4967999999935273,0,0.0,current_epoch_file_integrity_not_temporal_comparability
472,0.3959000000031665,0,0.0,current_epoch_file_integrity_not_temporal_comparability
473,0.28279999998630956,0,0.0,current_epoch_file_integrity_not_temporal_comparability
474,-0.49199999996926636,0,0.0,current_epoch_file_integrity_not_temporal_comparability
475,0.23700000019744039,0,0.0,current_epoch_file_integrity_not_temporal_comparability
476,0.17223999999987427,0,0.0,current_epoch_file_integrity_not_temporal_comparability
477,-0.45683999999891967,0,0.0,current_epoch_file_integrity_not_temporal_comparability
478,0.4710800000029849,0,0.0,current_epoch_file_integrity_not_temporal_comparability
479,-0.41220000002067536,0,0.0,current_epoch_file_integrity_not_temporal_comparability
480,0.2502999999996973,0,0.0,current_epoch_file_integrity_not_temporal_comparability
481,0.37559999999939464,0,0.0,current_epoch_file_integrity_not_temporal_comparability
482,-0.03012999999918975,0,0.0,current_epoch_file_integrity_not_temporal_comparability
483,0.48416000000725035,0,0.0,current_epoch_file_integrity_not_temporal_comparability
484,0.01780000000144355,0,0.0,current_epoch_file_integrity_not_temporal_comparability
485,-0.0996000000013737,0,0.0,current_epoch_file_integrity_not_temporal_comparability
486,0.4512200000026496,0,0.0,current_epoch_file_integrity_not_temporal_comparability
487,0.2864100000006147,0,0.0,current_epoch_file_integrity_not_temporal_comparability
488,-0.08530000000610016,0,0.0,current_epoch_file_integrity_not_temporal_comparability
489,-0.3102400000061607,0,0.0,current_epoch_file_integrity_not_temporal_comparability
490,0.14833999999973457,0,0.0,current_epoch_file_integrity_not_temporal_comparability
491,0.24744000000646338,0,0.0,current_epoch_file_integrity_not_temporal_comparability
492,0.2410600000002887,0,0.0,current_epoch_file_integrity_not_temporal_comparability
493,0.4241000000038184,0,0.0,current_epoch_file_integrity_not_temporal_comparability
494,0.21882999999797903,0,0.0,current_epoch_file_integrity_not_temporal_comparability
495,0.49930000002495944,0,0.0,current_epoch_file_integrity_not_temporal_comparability
496,-0.02449999999953434,0,0.0,current_epoch_file_integrity_not_temporal_comparability
497,-0.4363100000045961,0,0.0,current_epoch_file_integrity_not_temporal_comparability
498,-0.27200000011362135,0,0.0,current_epoch_file_integrity_not_temporal_comparability
499,-0.4026199999934761,0,0.0,current_epoch_file_integrity_not_temporal_comparability
500,0.010920000000623986,0,0.0,current_epoch_file_integrity_not_temporal_comparability
501,-0.16370000003371388,0,0.0,current_epoch_file_integrity_not_temporal_comparability
502,-0.2814399999988382,0,0.0,current_epoch_file_integrity_not_temporal_comparability
503,0.08229999999457505,0,0.0,current_epoch_file_integrity_not_temporal_comparability
504,0.29670000000623986,0,0.0,current_epoch_file_integrity_not_temporal_comparability
505,0.3007999999972526,0,0.0,current_epoch_file_integrity_not_temporal_comparability
506,-0.10162999999738531,0,0.0,current_epoch_file_integrity_not_temporal_comparability
507,-0.012000000104308128,0,0.0,current_epoch_file_integrity_not_temporal_comparability
508,0.3657600000005914,0,0.0,current_epoch_file_integrity_not_temporal_comparability
509,-0.41354000000137603,0,0.0,current_epoch_file_integrity_not_temporal_comparability
510,-0.14139999999315478,0,0.0,current_epoch_file_integrity_not_temporal_comparability
511,0.027999999932944775,0,0.0,current_epoch_file_integrity_not_temporal_comparability
512,0.36890000000130385,0,0.0,current_epoch_file_integrity_not_temporal_comparability
513,-0.27999999999883585,0,0.0,current_epoch_file_integrity_not_temporal_comparability
514,0.2709000000031665,0,0.0,current_epoch_file_integrity_not_temporal_comparability
515,0.3081099999981234,0,0.0,current_epoch_file_integrity_not_temporal_comparability
516,0.32280000002356246,0,0.0,current_epoch_file_integrity_not_temporal_comparability
517,-0.21383999999670777,0,0.0,current_epoch_file_integrity_not_temporal_comparability
518,0.47379999997792765,0,0.0,current_epoch_file_integrity_not_temporal_comparability
519,-0.30776999999943655,0,0.0,current_epoch_file_integrity_not_temporal_comparability
520,-0.07412999999360181,0,0.0,current_epoch_file_integrity_not_temporal_comparability
521,0.3452300000062678,0,0.0,current_epoch_file_integrity_not_temporal_comparability
522,0.24380999999993946,0,0.0,current_epoch_file_integrity_not_temporal_comparability
523,-0.3451000000059139,0,0.0,current_epoch_file_integrity_not_temporal_comparability
524,-0.39209999999729916,0,0.0,current_epoch_file_integrity_not_temporal_comparability
525,-0.4496999999973923,0,0.0,current_epoch_file_integrity_not_temporal_comparability
526,0.12560000002849847,0,0.0,current_epoch_file_integrity_not_temporal_comparability
527,-0.38009999999485444,0,0.0,current_epoch_file_integrity_not_temporal_comparability
528,-0.32924999999522697,0,0.0,current_epoch_file_integrity_not_temporal_comparability
529,0.2737900000065565,0,0.0,current_epoch_file_integrity_not_temporal_comparability
530,-0.15668000000005122,0,0.0,current_epoch_file_integrity_not_temporal_comparability
531,0.4637799999982235,0,0.0,current_epoch_file_integrity_not_temporal_comparability
532,-0.08236000000033528,0,0.0,current_epoch_file_integrity_not_temporal_comparability
533,-0.08993000000191387,0,0.0,current_epoch_file_integrity_not_temporal_comparability
535,0.38197999999829335,0,0.0,current_epoch_file_integrity_not_temporal_comparability
536,-0.4833000000071479,0,0.0,current_epoch_file_integrity_not_temporal_comparability
537,-0.34429999999701977,0,0.0,current_epoch_file_integrity_not_temporal_comparability
538,0.48489999999583233,0,0.0,current_epoch_file_integrity_not_temporal_comparability
539,0.1287000000011176,0,0.0,current_epoch_file_integrity_not_temporal_comparability
540,-0.461699999999837,0,0.0,current_epoch_file_integrity_not_temporal_comparability
541,0.22771999999531545,0,0.0,current_epoch_file_integrity_not_temporal_comparability
542,-0.26879999999073334,0,0.0,current_epoch_file_integrity_not_temporal_comparability
543,-0.34849999999278225,0,0.0,current_epoch_file_integrity_not_temporal_comparability
544,-0.014250000000174623,0,0.0,current_epoch_file_integrity_not_temporal_comparability
545,0.3184999999939464,0,0.0,current_epoch_file_integrity_not_temporal_comparability
546,0.017699999996693805,0,0.0,current_epoch_file_integrity_not_temporal_comparability
547,-0.04876000000513159,0,0.0,current_epoch_file_integrity_not_temporal_comparability
548,0.08300000010058284,0,0.0,current_epoch_file_integrity_not_temporal_comparability
549,-0.23936999999568798,0,0.0,current_epoch_file_integrity_not_temporal_comparability
550,-0.0400999999983469,0,0.0,current_epoch_file_integrity_not_temporal_comparability
551,-0.48910000000614673,0,0.0,current_epoch_file_integrity_not_temporal_comparability
552,0.37969999999768334,0,0.0,current_epoch_file_integrity_not_temporal_comparability
553,0.027709999994840473,0,0.0,current_epoch_file_integrity_not_temporal_comparability
554,-0.2681999999913387,0,0.0,current_epoch_file_integrity_not_temporal_comparability
555,-0.08258000000205357,0,0.0,current_epoch_file_integrity_not_temporal_comparability
556,0.1815000000060536,0,0.0,current_epoch_file_integrity_not_temporal_comparability
557,-0.2775499999988824,0,0.0,current_epoch_file_integrity_not_temporal_comparability
558,-0.25630000000819564,0,0.0,current_epoch_file_integrity_not_temporal_comparability
559,0.3157000000064727,0,0.0,current_epoch_file_integrity_not_temporal_comparability
560,-0.2890000001061708,0,0.0,current_epoch_file_integrity_not_temporal_comparability
561,0.2776000000012573,0,0.0,current_epoch_file_integrity_not_temporal_comparability
562,0.47000000000116415,0,0.0,current_epoch_file_integrity_not_temporal_comparability
563,-0.22701000000233762,0,0.0,current_epoch_file_integrity_not_temporal_comparability
564,-0.44200000003911555,0,0.0,current_epoch_file_integrity_not_temporal_comparability
565,-0.0972200000032899,0,0.0,current_epoch_file_integrity_not_temporal_comparability
566,0.09875000000465661,0,0.0,current_epoch_file_integrity_not_temporal_comparability
567,-0.15989999999874271,0,0.0,current_epoch_file_integrity_not_temporal_comparability
568,0.1864800000039395,0,0.0,current_epoch_file_integrity_not_temporal_comparability
569,-0.3691099999996368,0,0.0,current_epoch_file_integrity_not_temporal_comparability
570,-0.27655000000231666,0,0.0,current_epoch_file_integrity_not_temporal_comparability
571,-0.337599999998929,0,0.0,current_epoch_file_integrity_not_temporal_comparability
572,-0.3349999999627471,0,0.0,current_epoch_file_integrity_not_temporal_comparability
573,-0.4150000000372529,0,0.0,current_epoch_file_integrity_not_temporal_comparability
574,0.44284000000334345,0,0.0,current_epoch_file_integrity_not_temporal_comparability
575,0.4566000000049826,0,0.0,current_epoch_file_integrity_not_temporal_comparability
576,0.23350000000209548,0,0.0,current_epoch_file_integrity_not_temporal_comparability
577,-0.08057999999437016,0,0.0,current_epoch_file_integrity_not_temporal_comparability
578,0.34620000002905726,0,0.0,current_epoch_file_integrity_not_temporal_comparability
579,0.13910999999643536,0,0.0,current_epoch_file_integrity_not_temporal_comparability
580,-0.4237799999973504,0,0.0,current_epoch_file_integrity_not_temporal_comparability
581,0.407229999997071,0,0.0,current_epoch_file_integrity_not_temporal_comparability
582,-0.34100000001490116,0,0.0,current_epoch_file_integrity_not_temporal_comparability
583,-0.21368000000074971,0,0.0,current_epoch_file_integrity_not_temporal_comparability
584,0.25310000000172295,0,0.0,current_epoch_file_integrity_not_temporal_comparability
585,-0.41410000005271286,0,0.0,current_epoch_file_integrity_not_temporal_comparability
586,-0.4510000003501773,0,0.0,current_epoch_file_integrity_not_temporal_comparability
587,-0.3474900000001071,0,0.0,current_epoch_file_integrity_not_temporal_comparability
588,-0.0459400000036112,0,0.0,current_epoch_file_integrity_not_temporal_comparability
589,-0.07630000001518056,0,0.0,current_epoch_file_integrity_not_temporal_comparability
590,-0.1577400000023772,0,0.0,current_epoch_file_integrity_not_temporal_comparability
591,-0.35269999998854473,0,0.0,current_epoch_file_integrity_not_temporal_comparability
592,0.29200000000128057,0,0.0,current_epoch_file_integrity_not_temporal_comparability
593,-0.40429999999469146,0,0.0,current_epoch_file_integrity_not_temporal_comparability
594,0.4782999999879394,0,0.0,current_epoch_file_integrity_not_temporal_comparability
595,-0.24619999999413267,0,0.0,current_epoch_file_integrity_not_temporal_comparability
596,0.025330000004032627,0,0.0,current_epoch_file_integrity_not_temporal_comparability
597,0.3980000000447035,0,0.0,current_epoch_file_integrity_not_temporal_comparability
598,-0.1912000000011176,0,0.0,current_epoch_file_integrity_not_temporal_comparability
599,-0.17580000002635643,0,0.0,current_epoch_file_integrity_not_temporal_comparability
600,-0.27850000000034925,0,0.0,current_epoch_file_integrity_not_temporal_comparability
601,-0.3705000000190921,0,0.0,current_epoch_file_integrity_not_temporal_comparability
602,0.2746099999931175,0,0.0,current_epoch_file_integrity_not_temporal_comparability
603,-0.034280000007129274,0,0.0,current_epoch_file_integrity_not_temporal_comparability
604,0.12519999999494758,0,0.0,current_epoch_file_integrity_not_temporal_comparability
605,0.14523999999801163,0,0.0,current_epoch_file_integrity_not_temporal_comparability
606,0.25399999995715916,0,0.0,current_epoch_file_integrity_not_temporal_comparability
607,-0.4561999999859836,0,0.0,current_epoch_file_integrity_not_temporal_comparability
608,0.38430000000516884,0,0.0,current_epoch_file_integrity_not_temporal_comparability
609,-0.2709599999943748,0,0.0,current_epoch_file_integrity_not_temporal_comparability
610,-0.1573999999964144,0,0.0,current_epoch_file_integrity_not_temporal_comparability
611,-0.2619000000413507,0,0.0,current_epoch_file_integrity_not_temporal_comparability
612,0.4747999999963213,0,0.0,current_epoch_file_integrity_not_temporal_comparability
613,0.2066999999951804,0,0.0,current_epoch_file_integrity_not_temporal_comparability
614,-0.4937599999975646,0,0.0,current_epoch_file_integrity_not_temporal_comparability
615,-0.2594600000011269,0,0.0,current_epoch_file_integrity_not_temporal_comparability
617,0.4985000000015134,0,0.0,current_epoch_file_integrity_not_temporal_comparability
618,0.37823000000207685,0,0.0,current_epoch_file_integrity_not_temporal_comparability
619,0.08170999999856576,0,0.0,current_epoch_file_integrity_not_temporal_comparability
620,-0.4055099999968661,0,0.0,current_epoch_file_integrity_not_temporal_comparability
621,0.29790000000502914,0,0.0,current_epoch_file_integrity_not_temporal_comparability
622,0.3657200000016019,0,0.0,current_epoch_file_integrity_not_temporal_comparability
623,0.13990000000194414,0,0.0,current_epoch_file_integrity_not_temporal_comparability
624,-0.14000000001396984,0,0.0,current_epoch_file_integrity_not_temporal_comparability
626,-0.4508099999948172,0,0.0,current_epoch_file_integrity_not_temporal_comparability
627,-0.11160000000381842,0,0.0,current_epoch_file_integrity_not_temporal_comparability
628,-0.46199999999953434,0,0.0,current_epoch_file_integrity_not_temporal_comparability
629,0.4655999999959022,0,0.0,current_epoch_file_integrity_not_temporal_comparability
630,-0.0030400000032386743,0,0.0,current_epoch_file_integrity_not_temporal_comparability
631,-0.12256000000343192,0,0.0,current_epoch_file_integrity_not_temporal_comparability
632,-0.027999999932944775,0,0.0,current_epoch_file_integrity_not_temporal_comparability
633,-0.21072000000276603,0,0.0,current_epoch_file_integrity_not_temporal_comparability
634,-0.110579999993206,0,0.0,current_epoch_file_integrity_not_temporal_comparability
635,-0.38680000000749715,0,0.0,current_epoch_file_integrity_not_temporal_comparability
636,0.0849000000016531,0,0.0,current_epoch_file_integrity_not_temporal_comparability
637,-0.3707999999751337,0,0.0,current_epoch_file_integrity_not_temporal_comparability
638,0.42450999999709893,0,0.0,current_epoch_file_integrity_not_temporal_comparability
639,0.10549000000173692,0,0.0,current_epoch_file_integrity_not_temporal_comparability
640,-0.32309999999415595,0,0.0,current_epoch_file_integrity_not_temporal_comparability
641,0.1940000000031432,0,0.0,current_epoch_file_integrity_not_temporal_comparability
642,0.4359999999869615,0,0.0,current_epoch_file_integrity_not_temporal_comparability
643,0.026799999992363155,0,0.0,current_epoch_file_integrity_not_temporal_comparability
644,-0.14670000001206063,0,0.0,current_epoch_file_integrity_not_temporal_comparability
645,-0.3839000000152737,0,0.0,current_epoch_file_integrity_not_temporal_comparability
646,0.4308499999970081,0,0.0,current_epoch_file_integrity_not_temporal_comparability
647,0.03515999999945052,0,0.0,current_epoch_file_integrity_not_temporal_comparability
648,-0.036900000006426126,0,0.0,current_epoch_file_integrity_not_temporal_comparability
649,0.3042700000005425,0,0.0,current_epoch_file_integrity_not_temporal_comparability
650,-0.01690000000235159,0,0.0,current_epoch_file_integrity_not_temporal_comparability
651,-0.16590000002179295,0,0.0,current_epoch_file_integrity_not_temporal_comparability
652,-0.24175000000104774,0,0.0,current_epoch_file_integrity_not_temporal_comparability
653,-0.31827000000339467,0,0.0,current_epoch_file_integrity_not_temporal_comparability
654,-0.24489999999059364,0,0.0,current_epoch_file_integrity_not_temporal_comparability
655,0.21512999999686144,0,0.0,current_epoch_file_integrity_not_temporal_comparability
656,-0.4180999999953201,0,0.0,current_epoch_file_integrity_not_temporal_comparability
657,-0.3084499999968102,0,0.0,current_epoch_file_integrity_not_temporal_comparability
658,0.4669999999459833,0,0.0,current_epoch_file_integrity_not_temporal_comparability
659,-0.037899999995715916,0,0.0,current_epoch_file_integrity_not_temporal_comparability
660,0.3827000000164844,0,0.0,current_epoch_file_integrity_not_temporal_comparability
661,0.386400000017602,0,0.0,current_epoch_file_integrity_not_temporal_comparability
662,0.04840000002877787,0,0.0,current_epoch_file_integrity_not_temporal_comparability
663,0.25349000000278465,0,0.0,current_epoch_file_integrity_not_temporal_comparability
664,0.1843799999987823,0,0.0,current_epoch_file_integrity_not_temporal_comparability
665,0.02019999999902211,0,0.0,current_epoch_file_integrity_not_temporal_comparability
666,-0.044999999925494194,0,0.0,current_epoch_file_integrity_not_temporal_comparability
667,0.45438999999896623,0,0.0,current_epoch_file_integrity_not_temporal_comparability
668,-0.28611000000091735,0,0.0,current_epoch_file_integrity_not_temporal_comparability
669,0.19826000000466593,0,0.0,current_epoch_file_integrity_not_temporal_comparability
670,-0.4977000000071712,0,0.0,current_epoch_file_integrity_not_temporal_comparability
671,0.09619999999995343,0,0.0,current_epoch_file_integrity_not_temporal_comparability
672,-0.17080000002169982,0,0.0,current_epoch_file_integrity_not_temporal_comparability
673,-0.24800000013783574,0,0.0,current_epoch_file_integrity_not_temporal_comparability
674,0.0677399999985937,0,0.0,current_epoch_file_integrity_not_temporal_comparability
675,-0.00864000000001397,0,0.0,current_epoch_file_integrity_not_temporal_comparability
676,0.3757000000041444,0,0.0,current_epoch_file_integrity_not_temporal_comparability
677,-0.41475999999966007,0,0.0,current_epoch_file_integrity_not_temporal_comparability
678,0.21669999998994172,0,0.0,current_epoch_file_integrity_not_temporal_comparability
679,-0.4878000000026077,0,0.0,current_epoch_file_integrity_not_temporal_comparability
680,0.11256999999750406,0,0.0,current_epoch_file_integrity_not_temporal_comparability
681,-0.4013600000034785,0,0.0,current_epoch_file_integrity_not_temporal_comparability
682,0.4056600000039907,0,0.0,current_epoch_file_integrity_not_temporal_comparability
683,-0.39659999997820705,0,0.0,current_epoch_file_integrity_not_temporal_comparability
684,0.023540000001958106,0,0.0,current_epoch_file_integrity_not_temporal_comparability
685,-0.17089999999734573,0,0.0,current_epoch_file_integrity_not_temporal_comparability
686,-0.31670999999914784,0,0.0,current_epoch_file_integrity_not_temporal_comparability
687,-0.15499999999883585,0,0.0,current_epoch_file_integrity_not_temporal_comparability
688,0.4297400000068592,0,0.0,current_epoch_file_integrity_not_temporal_comparability
689,0.4357000000018161,0,0.0,current_epoch_file_integrity_not_temporal_comparability
690,-0.4948200000071665,0,0.0,current_epoch_file_integrity_not_temporal_comparability
691,-0.2724999999918509,0,0.0,current_epoch_file_integrity_not_temporal_comparability
692,-0.24867999999696622,0,0.0,current_epoch_file_integrity_not_temporal_comparability
693,0.3160000001080334,0,0.0,current_epoch_file_integrity_not_temporal_comparability
694,-0.10701999999582767,0,0.0,current_epoch_file_integrity_not_temporal_comparability
695,0.021229999998467974,0,0.0,current_epoch_file_integrity_not_temporal_comparability
696,0.3577999999979511,0,0.0,current_epoch_file_integrity_not_temporal_comparability
697,0.4765299999999115,0,0.0,current_epoch_file_integrity_not_temporal_comparability
698,-0.3589999999385327,0,0.0,current_epoch_file_integrity_not_temporal_comparability
699,-0.4065499999996973,0,0.0,current_epoch_file_integrity_not_temporal_comparability
700,0.24359999998705462,0,0.0,current_epoch_file_integrity_not_temporal_comparability
701,-0.24369999999180436,0,0.0,current_epoch_file_integrity_not_temporal_comparability
702,-0.24033000000054017,0,0.0,current_epoch_file_integrity_not_temporal_comparability
703,-0.47199999999429565,0,0.0,current_epoch_file_integrity_not_temporal_comparability
704,-0.3055000000167638,0,0.0,current_epoch_file_integrity_not_temporal_comparability
705,-0.3298399999985122,0,0.0,current_epoch_file_integrity_not_temporal_comparability
706,0.03999999999359716,0,0.0,current_epoch_file_integrity_not_temporal_comparability
707,0.00810000000637956,0,0.0,current_epoch_file_integrity_not_temporal_comparability
708,-0.49069999999483116,0,0.0,current_epoch_file_integrity_not_temporal_comparability
709,-0.2298399999999674,0,0.0,current_epoch_file_integrity_not_temporal_comparability
710,0.38197000000218395,0,0.0,current_epoch_file_integrity_not_temporal_comparability
711,-0.4393500000005588,0,0.0,current_epoch_file_integrity_not_temporal_comparability
712,-0.15370999999868218,0,0.0,current_epoch_file_integrity_not_temporal_comparability
713,-0.49081999999907566,0,0.0,current_epoch_file_integrity_not_temporal_comparability
714,-0.228899999987334,0,0.0,current_epoch_file_integrity_not_temporal_comparability
715,0.18819000000075903,0,0.0,current_epoch_file_integrity_not_temporal_comparability
716,0.36449000000720844,0,0.0,current_epoch_file_integrity_not_temporal_comparability
717,-0.41969999999855645,0,0.0,current_epoch_file_integrity_not_temporal_comparability
718,-0.2556699999986449,0,0.0,current_epoch_file_integrity_not_temporal_comparability
719,-0.36330000002635643,0,0.0,current_epoch_file_integrity_not_temporal_comparability
720,0.09660000004805624,0,0.0,current_epoch_file_integrity_not_temporal_comparability
721,-0.48626999999396503,0,0.0,current_epoch_file_integrity_not_temporal_comparability
722,0.3359599999967031,0,0.0,current_epoch_file_integrity_not_temporal_comparability
723,-0.3448599999974249,0,0.0,current_epoch_file_integrity_not_temporal_comparability
724,-0.049000000115484,0,0.0,current_epoch_file_integrity_not_temporal_comparability
725,0.04760000000533182,0,0.0,current_epoch_file_integrity_not_temporal_comparability
726,0.10370000000693835,0,0.0,current_epoch_file_integrity_not_temporal_comparability
727,-0.16168000000470784,0,0.0,current_epoch_file_integrity_not_temporal_comparability
729,0.09472999999707099,0,0.0,current_epoch_file_integrity_not_temporal_comparability
730,0.3782100000025821,0,0.0,current_epoch_file_integrity_not_temporal_comparability
731,0.4728999999933876,0,0.0,current_epoch_file_integrity_not_temporal_comparability
732,-0.43589999999676365,0,0.0,current_epoch_file_integrity_not_temporal_comparability
733,0.3392600000006496,0,0.0,current_epoch_file_integrity_not_temporal_comparability
734,-0.08199999999487773,0,0.0,current_epoch_file_integrity_not_temporal_comparability
735,-0.059750000000349246,0,0.0,current_epoch_file_integrity_not_temporal_comparability
736,-0.07440000001224689,0,0.0,current_epoch_file_integrity_not_temporal_comparability
737,0.16520000000309665,0,0.0,current_epoch_file_integrity_not_temporal_comparability
738,-0.433019999996759,0,0.0,current_epoch_file_integrity_not_temporal_comparability
739,-0.18520000000717118,0,0.0,current_epoch_file_integrity_not_temporal_comparability
740,-0.46300000000337604,0,0.0,current_epoch_file_integrity_not_temporal_comparability
741,-0.04629999998724088,0,0.0,current_epoch_file_integrity_not_temporal_comparability
742,-0.00390999999945052,0,0.0,current_epoch_file_integrity_not_temporal_comparability
743,-0.27449999999953434,0,0.0,current_epoch_file_integrity_not_temporal_comparability
744,-0.0677000000141561,0,0.0,current_epoch_file_integrity_not_temporal_comparability
745,-0.03265999999712221,0,0.0,current_epoch_file_integrity_not_temporal_comparability
746,-0.08220000000437722,0,0.0,current_epoch_file_integrity_not_temporal_comparability
747,0.011899999997694977,0,0.0,current_epoch_file_integrity_not_temporal_comparability
748,0.007400000002235174,0,0.0,current_epoch_file_integrity_not_temporal_comparability
749,0.22999999998137355,0,0.0,current_epoch_file_integrity_not_temporal_comparability
750,-0.20160000000032596,0,0.0,current_epoch_file_integrity_not_temporal_comparability
751,0.29219999999622814,0,0.0,current_epoch_file_integrity_not_temporal_comparability
752,-0.33150000000023283,0,0.0,current_epoch_file_integrity_not_temporal_comparability
753,0.08209999999962747,0,0.0,current_epoch_file_integrity_not_temporal_comparability
754,-0.30011999999987893,0,0.0,current_epoch_file_integrity_not_temporal_comparability
755,-0.28490000002784654,0,0.0,current_epoch_file_integrity_not_temporal_comparability
756,0.41370000000461005,0,0.0,current_epoch_file_integrity_not_temporal_comparability
757,-0.1704699999972945,0,0.0,current_epoch_file_integrity_not_temporal_comparability
758,0.3509399999966263,0,0.0,current_epoch_file_integrity_not_temporal_comparability
759,0.4888700000010431,0,0.0,current_epoch_file_integrity_not_temporal_comparability
760,-0.10362999999779277,0,0.0,current_epoch_file_integrity_not_temporal_comparability
761,-0.2169999999459833,0,0.0,current_epoch_file_integrity_not_temporal_comparability
762,0.3661699999938719,0,0.0,current_epoch_file_integrity_not_temporal_comparability
763,-0.24117999999725726,0,0.0,current_epoch_file_integrity_not_temporal_comparability
764,0.24399999994784594,0,0.0,current_epoch_file_integrity_not_temporal_comparability
765,0.20412999999825843,0,0.0,current_epoch_file_integrity_not_temporal_comparability
766,0.26665000000502914,0,0.0,current_epoch_file_integrity_not_temporal_comparability
767,-0.18158999999286607,0,0.0,current_epoch_file_integrity_not_temporal_comparability
768,0.30590000000665896,0,0.0,current_epoch_file_integrity_not_temporal_comparability
769,0.2756999999983236,0,0.0,current_epoch_file_integrity_not_temporal_comparability
770,-0.18271999999706168,0,0.0,current_epoch_file_integrity_not_temporal_comparability
771,0.11431000000447966,0,0.0,current_epoch_file_integrity_not_temporal_comparability
772,0.09591000000364147,0,0.0,current_epoch_file_integrity_not_temporal_comparability
773,0.44239999999990687,0,0.0,current_epoch_file_integrity_not_temporal_comparability
774,0.08895999999367632,0,0.0,current_epoch_file_integrity_not_temporal_comparability
775,0.16793999999936204,0,0.0,current_epoch_file_integrity_not_temporal_comparability
776,-0.1745200000004843,0,0.0,current_epoch_file_integrity_not_temporal_comparability
777,0.4896000000007916,0,0.0,current_epoch_file_integrity_not_temporal_comparability
778,-0.43628999999782536,0,0.0,current_epoch_file_integrity_not_temporal_comparability
779,0.320499999972526,0,0.0,current_epoch_file_integrity_not_temporal_comparability
780,-0.2944299999944633,0,0.0,current_epoch_file_integrity_not_temporal_comparability
781,0.0755700000008801,0,0.0,current_epoch_file_integrity_not_temporal_comparability
782,-0.2044000000023516,0,0.0,current_epoch_file_integrity_not_temporal_comparability
783,0.12365999999747146,0,0.0,current_epoch_file_integrity_not_temporal_comparability
784,0.30263999999442603,0,0.0,current_epoch_file_integrity_not_temporal_comparability
785,-0.44425999999657506,0,0.0,current_epoch_file_integrity_not_temporal_comparability
786,0.009210000003804453,0,0.0,current_epoch_file_integrity_not_temporal_comparability
787,-0.34320000000298023,0,0.0,current_epoch_file_integrity_not_temporal_comparability
788,-0.23089999999501742,0,0.0,current_epoch_file_integrity_not_temporal_comparability
789,0.18667999999888707,0,0.0,current_epoch_file_integrity_not_temporal_comparability
790,-0.400099999998929,0,0.0,current_epoch_file_integrity_not_temporal_comparability
791,-0.1299700000017765,0,0.0,current_epoch_file_integrity_not_temporal_comparability
792,0.4819999998435378,0,0.0,current_epoch_file_integrity_not_temporal_comparability
793,0.4055999999982305,0,0.0,current_epoch_file_integrity_not_temporal_comparability
794,-0.07478000000264728,0,0.0,current_epoch_file_integrity_not_temporal_comparability
795,-0.1737000000430271,0,0.0,current_epoch_file_integrity_not_temporal_comparability
796,0.2588499999983469,0,0.0,current_epoch_file_integrity_not_temporal_comparability
797,0.2233999999880325,0,0.0,current_epoch_file_integrity_not_temporal_comparability
798,-0.16280000004917383,0,0.0,current_epoch_file_integrity_not_temporal_comparability
799,-0.3685000000114087,0,0.0,current_epoch_file_integrity_not_temporal_comparability
800,0.1941999999980908,0,0.0,current_epoch_file_integrity_not_temporal_comparability
801,0.047430000005988404,0,0.0,current_epoch_file_integrity_not_temporal_comparability
802,-0.32279999999445863,0,0.0,current_epoch_file_integrity_not_temporal_comparability
803,0.14470000000437722,0,0.0,current_epoch_file_integrity_not_temporal_comparability
804,-0.1340000000782311,0,0.0,current_epoch_file_integrity_not_temporal_comparability
805,-0.27150000000256114,0,0.0,current_epoch_file_integrity_not_temporal_comparability
806,-0.12380000000121072,0,0.0,current_epoch_file_integrity_not_temporal_comparability
807,0.25271000000066124,0,0.0,current_epoch_file_integrity_not_temporal_comparability
808,0.4802999999956228,0,0.0,current_epoch_file_integrity_not_temporal_comparability
809,0.3094799999962561,0,0.0,current_epoch_file_integrity_not_temporal_comparability
810,0.1548000000184402,0,0.0,current_epoch_file_integrity_not_temporal_comparability
811,0.45186999999714317,0,0.0,current_epoch_file_integrity_not_temporal_comparability
812,0.0667200000025332,0,0.0,current_epoch_file_integrity_not_temporal_comparability
813,-0.3449999999720603,0,0.0,current_epoch_file_integrity_not_temporal_comparability
814,0.2620000000024447,0,0.0,current_epoch_file_integrity_not_temporal_comparability
815,0.13915000000270084,0,0.0,current_epoch_file_integrity_not_temporal_comparability
816,0.2539000000106171,0,0.0,current_epoch_file_integrity_not_temporal_comparability
817,0.4507400000002235,0,0.0,current_epoch_file_integrity_not_temporal_comparability
818,-0.08130000001983717,0,0.0,current_epoch_file_integrity_not_temporal_comparability
819,0.05333999999857042,0,0.0,current_epoch_file_integrity_not_temporal_comparability
820,-0.23700000019744039,0,0.0,current_epoch_file_integrity_not_temporal_comparability
821,0.21682000000146218,0,0.0,current_epoch_file_integrity_not_temporal_comparability
822,0.21966000000247732,0,0.0,current_epoch_file_integrity_not_temporal_comparability
823,0.4717999999993481,0,0.0,current_epoch_file_integrity_not_temporal_comparability
824,0.4518499999976484,0,0.0,current_epoch_file_integrity_not_temporal_comparability
825,-0.15399999999499414,0,0.0,current_epoch_file_integrity_not_temporal_comparability
826,-0.24230000004172325,0,0.0,current_epoch_file_integrity_not_temporal_comparability
827,0.4086700000043493,0,0.0,current_epoch_file_integrity_not_temporal_comparability
828,0.26170000003185123,0,0.0,current_epoch_file_integrity_not_temporal_comparability
829,0.39667000000190455,0,0.0,current_epoch_file_integrity_not_temporal_comparability
830,-0.14375000000291038,0,0.0,current_epoch_file_integrity_not_temporal_comparability
831,0.3547400000024936,0,0.0,current_epoch_file_integrity_not_temporal_comparability
832,-0.46700000017881393,0,0.0,current_epoch_file_integrity_not_temporal_comparability
833,-0.03152000000409316,0,0.0,current_epoch_file_integrity_not_temporal_comparability
834,-0.1904599999979837,0,0.0,current_epoch_file_integrity_not_temporal_comparability
835,0.046080000000074506,0,0.0,current_epoch_file_integrity_not_temporal_comparability
836,0.24816999999893596,0,0.0,current_epoch_file_integrity_not_temporal_comparability
837,0.25310000000172295,0,0.0,current_epoch_file_integrity_not_temporal_comparability
838,-0.017500000016298145,0,0.0,current_epoch_file_integrity_not_temporal_comparability
839,0.0652000000118278,0,0.0,current_epoch_file_integrity_not_temporal_comparability
840,0.3660200000012992,0,0.0,current_epoch_file_integrity_not_temporal_comparability
841,0.247799999997369,0,0.0,current_epoch_file_integrity_not_temporal_comparability
842,-0.4595499999995809,0,0.0,current_epoch_file_integrity_not_temporal_comparability
843,-0.4642299999977695,0,0.0,current_epoch_file_integrity_not_temporal_comparability
844,-0.30688000000372995,0,0.0,current_epoch_file_integrity_not_temporal_comparability
845,0.4461700000028941,0,0.0,current_epoch_file_integrity_not_temporal_comparability
846,0.24606000000494532,0,0.0,current_epoch_file_integrity_not_temporal_comparability
847,0.42027999999845633,0,0.0,current_epoch_file_integrity_not_temporal_comparability
848,-0.03892000000632834,0,0.0,current_epoch_file_integrity_not_temporal_comparability
849,0.34041000000433996,0,0.0,current_epoch_file_integrity_not_temporal_comparability
850,0.4279999999998836,0,0.0,current_epoch_file_integrity_not_temporal_comparability
851,-0.3573999999789521,0,0.0,current_epoch_file_integrity_not_temporal_comparability
852,-0.20689999999012798,0,0.0,current_epoch_file_integrity_not_temporal_comparability
853,0.09590000000025611,0,0.0,current_epoch_file_integrity_not_temporal_comparability
854,0.3939999998547137,0,0.0,current_epoch_file_integrity_not_temporal_comparability
855,-0.036479999995208345,0,0.0,current_epoch_file_integrity_not_temporal_comparability
856,0.30989999999292195,0,0.0,current_epoch_file_integrity_not_temporal_comparability
858,0.2748000000137836,0,0.0,current_epoch_file_integrity_not_temporal_comparability
859,-0.36139999999431893,0,0.0,current_epoch_file_integrity_not_temporal_comparability
860,0.18003000000317115,0,0.0,current_epoch_file_integrity_not_temporal_comparability
861,0.4643800000048941,0,0.0,current_epoch_file_integrity_not_temporal_comparability
862,0.3131299999949988,0,0.0,current_epoch_file_integrity_not_temporal_comparability
863,-0.37609999999403954,0,0.0,current_epoch_file_integrity_not_temporal_comparability
864,-0.3836799999990035,0,0.0,current_epoch_file_integrity_not_temporal_comparability
865,0.3348999999871012,0,0.0,current_epoch_file_integrity_not_temporal_comparability
866,0.26279999999678694,0,0.0,current_epoch_file_integrity_not_temporal_comparability
867,0.2816400000010617,0,0.0,current_epoch_file_integrity_not_temporal_comparability
868,-0.26167000000714324,0,0.0,current_epoch_file_integrity_not_temporal_comparability
869,0.12479000000166707,0,0.0,current_epoch_file_integrity_not_temporal_comparability
870,0.45000000001164153,0,0.0,current_epoch_file_integrity_not_temporal_comparability
871,-0.14667999999801395,0,0.0,current_epoch_file_integrity_not_temporal_comparability
872,-0.40128000000549946,0,0.0,current_epoch_file_integrity_not_temporal_comparability
873,0.030499999993480742,0,0.0,current_epoch_file_integrity_not_temporal_comparability
874,0.18829999999434222,0,0.0,current_epoch_file_integrity_not_temporal_comparability
875,0.19314000000304077,0,0.0,current_epoch_file_integrity_not_temporal_comparability
876,-0.0779999999795109,0,0.0,current_epoch_file_integrity_not_temporal_comparability
877,-0.23840000000200234,0,0.0,current_epoch_file_integrity_not_temporal_comparability
878,-0.3113000000012107,0,0.0,current_epoch_file_integrity_not_temporal_comparability
879,-0.37749999994412065,0,0.0,current_epoch_file_integrity_not_temporal_comparability
882,0.11719999997876585,0,0.0,current_epoch_file_integrity_not_temporal_comparability
883,0.3049999999930151,0,0.0,current_epoch_file_integrity_not_temporal_comparability
885,0.14449999999487773,0,0.0,current_epoch_file_integrity_not_temporal_comparability
886,0.12969999999040738,0,0.0,current_epoch_file_integrity_not_temporal_comparability
887,0.017300000006798655,0,0.0,current_epoch_file_integrity_not_temporal_comparability
888,-0.02704000000085216,0,0.0,current_epoch_file_integrity_not_temporal_comparability
889,0.4738000000070315,0,0.0,current_epoch_file_integrity_not_temporal_comparability
890,-0.02429999999003485,0,0.0,current_epoch_file_integrity_not_temporal_comparability
891,-0.17337000000406988,0,0.0,current_epoch_file_integrity_not_temporal_comparability
892,-0.4558400000023539,0,0.0,current_epoch_file_integrity_not_temporal_comparability
893,-0.4395000000076834,0,0.0,current_epoch_file_integrity_not_temporal_comparability
894,0.22789999999804422,0,0.0,current_epoch_file_integrity_not_temporal_comparability
895,0.23949999999604188,0,0.0,current_epoch_file_integrity_not_temporal_comparability
896,0.49654999999620486,0,0.0,current_epoch_file_integrity_not_temporal_comparability
897,0.2177499999961583,0,0.0,current_epoch_file_integrity_not_temporal_comparability
898,-0.1735800000024028,0,0.0,current_epoch_file_integrity_not_temporal_comparability
899,-0.1988500000006752,0,0.0,current_epoch_file_integrity_not_temporal_comparability
900,0.32761999999638647,0,0.0,current_epoch_file_integrity_not_temporal_comparability
901,-0.3115299999990384,0,0.0,current_epoch_file_integrity_not_temporal_comparability
902,0.46374000000650994,0,0.0,current_epoch_file_integrity_not_temporal_comparability
903,0.1775000000052387,0,0.0,current_epoch_file_integrity_not_temporal_comparability
905,0.03214000000298256,0,0.0,current_epoch_file_integrity_not_temporal_comparability
906,0.15700000012293458,0,0.0,current_epoch_file_integrity_not_temporal_comparability
907,0.21600000001490116,0,0.0,current_epoch_file_integrity_not_temporal_comparability
908,0.3315699999948265,0,0.0,current_epoch_file_integrity_not_temporal_comparability
909,-0.0771999999997206,0,0.0,current_epoch_file_integrity_not_temporal_comparability
910,0.2639199999975972,0,0.0,current_epoch_file_integrity_not_temporal_comparability
911,0.1392199999972945,0,0.0,current_epoch_file_integrity_not_temporal_comparability
912,0.12261999999464024,0,0.0,current_epoch_file_integrity_not_temporal_comparability
913,-0.2739000000001397,0,0.0,current_epoch_file_integrity_not_temporal_comparability
914,-0.17110000000684522,0,0.0,current_epoch_file_integrity_not_temporal_comparability
915,-0.399199999999837,0,0.0,current_epoch_file_integrity_not_temporal_comparability
916,0.4909999999217689,0,0.0,current_epoch_file_integrity_not_temporal_comparability
917,-0.3215000000054715,0,0.0,current_epoch_file_integrity_not_temporal_comparability
918,-0.38710000000719447,0,0.0,current_epoch_file_integrity_not_temporal_comparability
919,0.3941199999972014,0,0.0,current_epoch_file_integrity_not_temporal_comparability
920,-0.4586300000009942,0,0.0,current_epoch_file_integrity_not_temporal_comparability
921,-0.1287000000011176,0,0.0,current_epoch_file_integrity_not_temporal_comparability
922,-0.316499999986263,0,0.0,current_epoch_file_integrity_not_temporal_comparability
923,0.2774400000052992,0,0.0,current_epoch_file_integrity_not_temporal_comparability
924,0.07829999999376014,0,0.0,current_epoch_file_integrity_not_temporal_comparability
925,-0.27470000000903383,0,0.0,current_epoch_file_integrity_not_temporal_comparability
926,-0.033700000029057264,0,0.0,current_epoch_file_integrity_not_temporal_comparability
927,-0.1342000000004191,0,0.0,current_epoch_file_integrity_not_temporal_comparability
928,0.1777799999981653,0,0.0,current_epoch_file_integrity_not_temporal_comparability
929,0.2761000000027707,0,0.0,current_epoch_file_integrity_not_temporal_comparability
930,-0.18809999999939464,0,0.0,current_epoch_file_integrity_not_temporal_comparability
931,0.37239999999292195,0,0.0,current_epoch_file_integrity_not_temporal_comparability
932,0.02039999997941777,0,0.0,current_epoch_file_integrity_not_temporal_comparability
933,-0.12299999999231659,0,0.0,current_epoch_file_integrity_not_temporal_comparability
934,0.21107000000483822,0,0.0,current_epoch_file_integrity_not_temporal_comparability
935,-0.11695999999938067,0,0.0,current_epoch_file_integrity_not_temporal_comparability
936,0.013700000010430813,0,0.0,current_epoch_file_integrity_not_temporal_comparability
937,0.4147900000025402,0,0.0,current_epoch_file_integrity_not_temporal_comparability
938,-0.26885000000038417,0,0.0,current_epoch_file_integrity_not_temporal_comparability
939,-0.07480000000214204,0,0.0,current_epoch_file_integrity_not_temporal_comparability
940,-0.02863000000070315,0,0.0,current_epoch_file_integrity_not_temporal_comparability
941,0.31114000000525266,0,0.0,current_epoch_file_integrity_not_temporal_comparability
942,-0.3619999999937136,0,0.0,current_epoch_file_integrity_not_temporal_comparability
943,0.03539999999338761,0,0.0,current_epoch_file_integrity_not_temporal_comparability
944,0.48616999999649124,0,0.0,current_epoch_file_integrity_not_temporal_comparability
945,-0.39999999990686774,0,0.0,current_epoch_file_integrity_not_temporal_comparability
946,-0.22349999999278225,0,0.0,current_epoch_file_integrity_not_temporal_comparability
947,-0.4762699999992037,0,0.0,current_epoch_file_integrity_not_temporal_comparability
948,-0.10480000000097789,0,0.0,current_epoch_file_integrity_not_temporal_comparability
949,0.3758899999957066,0,0.0,current_epoch_file_integrity_not_temporal_comparability
950,0.2141999999876134,0,0.0,current_epoch_file_integrity_not_temporal_comparability
951,-0.12950000001001172,0,0.0,current_epoch_file_integrity_not_temporal_comparability
952,0.38469000000623055,0,0.0,current_epoch_file_integrity_not_temporal_comparability
953,-0.23149999999441206,0,0.0,current_epoch_file_integrity_not_temporal_comparability
954,-0.22519999998621643,0,0.0,current_epoch_file_integrity_not_temporal_comparability
955,-0.3908400000000256,0,0.0,current_epoch_file_integrity_not_temporal_comparability
956,-0.08835000000544824,0,0.0,current_epoch_file_integrity_not_temporal_comparability
957,-0.42619999998714775,0,0.0,current_epoch_file_integrity_not_temporal_comparability
958,0.38017000000400003,0,0.0,current_epoch_file_integrity_not_temporal_comparability
959,0.03896000000531785,0,0.0,current_epoch_file_integrity_not_temporal_comparability
960,0.3572100000019418,0,0.0,current_epoch_file_integrity_not_temporal_comparability
961,0.20130000001518056,0,0.0,current_epoch_file_integrity_not_temporal_comparability
962,-0.3086699999985285,0,0.0,current_epoch_file_integrity_not_temporal_comparability
963,0.12020000000484288,0,0.0,current_epoch_file_integrity_not_temporal_comparability
964,0.3140000000130385,0,0.0,current_epoch_file_integrity_not_temporal_comparability
965,-0.3009600000004866,0,0.0,current_epoch_file_integrity_not_temporal_comparability
966,0.3500599999970291,0,0.0,current_epoch_file_integrity_not_temporal_comparability
967,0.3690000000060536,0,0.0,current_epoch_file_integrity_not_temporal_comparability
968,0.37687000000005355,0,0.0,current_epoch_file_integrity_not_temporal_comparability
969,-0.45110000000568107,0,0.0,current_epoch_file_integrity_not_temporal_comparability
970,0.12378000000171596,0,0.0,current_epoch_file_integrity_not_temporal_comparability
971,0.1413299999985611,0,0.0,current_epoch_file_integrity_not_temporal_comparability
972,-0.46779999998398125,0,0.0,current_epoch_file_integrity_not_temporal_comparability
973,-0.28505000000586733,0,0.0,current_epoch_file_integrity_not_temporal_comparability
974,-0.3632999999972526,0,0.0,current_epoch_file_integrity_not_temporal_comparability
975,-0.17476999999780674,0,0.0,current_epoch_file_integrity_not_temporal_comparability
976,0.37221000000135973,0,0.0,current_epoch_file_integrity_not_temporal_comparability
977,0.19677999999839813,0,0.0,current_epoch_file_integrity_not_temporal_comparability
978,0.3877700000011828,0,0.0,current_epoch_file_integrity_not_temporal_comparability
979,-0.258880000001227,0,0.0,current_epoch_file_integrity_not_temporal_comparability
980,0.18907000000035623,0,0.0,current_epoch_file_integrity_not_temporal_comparability
981,-0.3234599999996135,0,0.0,current_epoch_file_integrity_not_temporal_comparability
982,0.3810399999929359,0,0.0,current_epoch_file_integrity_not_temporal_comparability
983,-0.46549999999115244,0,0.0,current_epoch_file_integrity_not_temporal_comparability
984,-0.4710599999962142,0,0.0,current_epoch_file_integrity_not_temporal_comparability
985,0.25112000000081025,0,0.0,current_epoch_file_integrity_not_temporal_comparability
986,-0.023300000000745058,0,0.0,current_epoch_file_integrity_not_temporal_comparability
987,-0.037600000003294554,0,0.0,current_epoch_file_integrity_not_temporal_comparability
988,-0.3539600000003702,0,0.0,current_epoch_file_integrity_not_temporal_comparability
989,0.4873200000001816,0,0.0,current_epoch_file_integrity_not_temporal_comparability
990,-0.03269999999611173,0,0.0,current_epoch_file_integrity_not_temporal_comparability
991,-0.4441300000034971,0,0.0,current_epoch_file_integrity_not_temporal_comparability
992,-0.020999999716877937,0,0.0,current_epoch_file_integrity_not_temporal_comparability
993,0.11518999999680091,0,0.0,current_epoch_file_integrity_not_temporal_comparability
994,0.4630999999935739,0,0.0,current_epoch_file_integrity_not_temporal_comparability
995,-0.4016799999953946,0,0.0,current_epoch_file_integrity_not_temporal_comparability
996,-0.017330000002402812,0,0.0,current_epoch_file_integrity_not_temporal_comparability
997,0.43110000000160653,0,0.0,current_epoch_file_integrity_not_temporal_comparability
999,0.2679000000061933,0,0.0,current_epoch_file_integrity_not_temporal_comparability
1000,0.4716199999966193,0,0.0,current_epoch_file_integrity_not_temporal_comparability
1002,-0.3540000000066357,0,0.0,current_epoch_file_integrity_not_temporal_comparability
1003,0.30354000000079395,0,0.0,current_epoch_file_integrity_not_temporal_comparability
1004,0.09450000000651926,0,0.0,current_epoch_file_integrity_not_temporal_comparability
1005,-0.4938899999979185,0,0.0,current_epoch_file_integrity_not_temporal_comparability
1006,-0.08600000001024455,0,0.0,current_epoch_file_integrity_not_temporal_comparability
1007,-0.3849999997764826,0,0.0,current_epoch_file_integrity_not_temporal_comparability
1008,-0.17590000003110617,0,0.0,current_epoch_file_integrity_not_temporal_comparability
1009,-0.24940000000060536,0,0.0,current_epoch_file_integrity_not_temporal_comparability
1010,-0.15869999999995343,0,0.0,current_epoch_file_integrity_not_temporal_comparability
1011,-0.38698999999905936,0,0.0,current_epoch_file_integrity_not_temporal_comparability
1012,0.10009000000718515,0,0.0,current_epoch_file_integrity_not_temporal_comparability
1013,0.30534000000625383,0,0.0,current_epoch_file_integrity_not_temporal_comparability
1014,0.34083000000100583,0,0.0,current_epoch_file_integrity_not_temporal_comparability
1015,0.12682999999378808,0,0.0,current_epoch_file_integrity_not_temporal_comparability
1016,0.012299999943934381,0,0.0,current_epoch_file_integrity_not_temporal_comparability
1017,0.2990399999980582,0,0.0,current_epoch_file_integrity_not_temporal_comparability
1018,0.06349999998928979,0,0.0,current_epoch_file_integrity_not_temporal_comparability
1019,-0.023300000000745058,0,0.0,current_epoch_file_integrity_not_temporal_comparability
1020,-0.23476999999547843,0,0.0,current_epoch_file_integrity_not_temporal_comparability
1021,0.37119999999413267,0,0.0,current_epoch_file_integrity_not_temporal_comparability
1022,0.2988000000041211,0,0.0,current_epoch_file_integrity_not_temporal_comparability
1023,0.23999999999068677,0,0.0,current_epoch_file_integrity_not_temporal_comparability
1024,0.29499999999825377,0,0.0,current_epoch_file_integrity_not_temporal_comparability
1025,0.068200000008801,0,0.0,current_epoch_file_integrity_not_temporal_comparability
1026,-0.36369999998714775,0,0.0,current_epoch_file_integrity_not_temporal_comparability
1027,-0.38800000003539026,0,0.0,current_epoch_file_integrity_not_temporal_comparability
1028,0.34069999994244426,0,0.0,current_epoch_file_integrity_not_temporal_comparability
1029,0.4514999999664724,0,0.0,current_epoch_file_integrity_not_temporal_comparability
1030,-0.14484999999694992,0,0.0,current_epoch_file_integrity_not_temporal_comparability
1031,0.11590000000433065,0,0.0,current_epoch_file_integrity_not_temporal_comparability
1032,-0.1040999999968335,0,0.0,current_epoch_file_integrity_not_temporal_comparability
1033,-0.42499999998835847,0,0.0,current_epoch_file_integrity_not_temporal_comparability
1034,0.4058999999979278,0,0.0,current_epoch_file_integrity_not_temporal_comparability
1035,0.42480000000068685,0,0.0,current_epoch_file_integrity_not_temporal_comparability
1036,-0.0794499999974505,0,0.0,current_epoch_file_integrity_not_temporal_comparability
1037,-0.3692799999989802,0,0.0,current_epoch_file_integrity_not_temporal_comparability
1038,0.4455900000029942,0,0.0,current_epoch_file_integrity_not_temporal_comparability
1039,-0.13116000000445638,0,0.0,current_epoch_file_integrity_not_temporal_comparability
1040,-0.03850000002421439,0,0.0,current_epoch_file_integrity_not_temporal_comparability
1041,-0.16045000000303844,0,0.0,current_epoch_file_integrity_not_temporal_comparability
1042,0.13354000000254018,0,0.0,current_epoch_file_integrity_not_temporal_comparability
1043,0.21199999999953434,0,0.0,current_epoch_file_integrity_not_temporal_comparability
1044,-0.13630000001285225,0,0.0,current_epoch_file_integrity_not_temporal_comparability
1045,-0.37039999999979045,0,0.0,current_epoch_file_integrity_not_temporal_comparability
1046,-0.2222299999993993,0,0.0,current_epoch_file_integrity_not_temporal_comparability
1047,-0.07610000000568107,0,0.0,current_epoch_file_integrity_not_temporal_comparability
1048,0.4081000000005588,0,0.0,current_epoch_file_integrity_not_temporal_comparability
1049,0.4382999999797903,0,0.0,current_epoch_file_integrity_not_temporal_comparability
1050,0.3393999999971129,0,0.0,current_epoch_file_integrity_not_temporal_comparability
1051,-0.4437000000034459,0,0.0,current_epoch_file_integrity_not_temporal_comparability
1052,0.15138000000297325,0,0.0,current_epoch_file_integrity_not_temporal_comparability
1053,0.20910000000731088,0,0.0,current_epoch_file_integrity_not_temporal_comparability
1054,0.1690999999991618,0,0.0,current_epoch_file_integrity_not_temporal_comparability
1055,0.4900400000042282,0,0.0,current_epoch_file_integrity_not_temporal_comparability
1056,0.1643000000040047,0,0.0,current_epoch_file_integrity_not_temporal_comparability
1057,0.35046000000147615,0,0.0,current_epoch_file_integrity_not_temporal_comparability
1058,0.07700000004842877,0,0.0,current_epoch_file_integrity_not_temporal_comparability
1059,0.3438999999780208,0,0.0,current_epoch_file_integrity_not_temporal_comparability
1060,-0.4377000000094995,0,0.0,current_epoch_file_integrity_not_temporal_comparability
1061,0.4936699999962002,0,0.0,current_epoch_file_integrity_not_temporal_comparability
1062,0.051100000011501834,0,0.0,current_epoch_file_integrity_not_temporal_comparability
1063,-0.4320000000298023,0,0.0,current_epoch_file_integrity_not_temporal_comparability
1064,-0.1309400000027381,0,0.0,current_epoch_file_integrity_not_temporal_comparability
1065,0.011400000017601997,0,0.0,current_epoch_file_integrity_not_temporal_comparability
1066,0.22239999999874271,0,0.0,current_epoch_file_integrity_not_temporal_comparability
1067,0.3707000000285916,0,0.0,current_epoch_file_integrity_not_temporal_comparability
1068,-0.17837999999755993,0,0.0,current_epoch_file_integrity_not_temporal_comparability
1069,0.22329999995417893,0,0.0,current_epoch_file_integrity_not_temporal_comparability
1070,0.25024000000121305,0,0.0,current_epoch_file_integrity_not_temporal_comparability
1071,-0.24249999999301508,0,0.0,current_epoch_file_integrity_not_temporal_comparability
1072,-0.1728000000002794,0,0.0,current_epoch_file_integrity_not_temporal_comparability
1073,-0.05800000001909211,0,0.0,current_epoch_file_integrity_not_temporal_comparability
1074,0.22570000000996515,0,0.0,current_epoch_file_integrity_not_temporal_comparability
1075,-0.03969999999389984,0,0.0,current_epoch_file_integrity_not_temporal_comparability
1076,0.030839999999443535,0,0.0,current_epoch_file_integrity_not_temporal_comparability
1077,-0.11870000000635628,0,0.0,current_epoch_file_integrity_not_temporal_comparability
1078,-0.01997999999730382,0,0.0,current_epoch_file_integrity_not_temporal_comparability
1079,-0.4661400000040885,0,0.0,current_epoch_file_integrity_not_temporal_comparability
1080,-0.381150000001071,0,0.0,current_epoch_file_integrity_not_temporal_comparability
1081,-0.21600000001490116,0,0.0,current_epoch_file_integrity_not_temporal_comparability
1082,-0.15000000037252903,0,0.0,current_epoch_file_integrity_not_temporal_comparability
1083,-0.05829999997513369,0,0.0,current_epoch_file_integrity_not_temporal_comparability
1084,0.2859500000049593,0,0.0,current_epoch_file_integrity_not_temporal_comparability
1085,0.026400000002468005,0,0.0,current_epoch_file_integrity_not_temporal_comparability
1086,0.043839999998454005,0,0.0,current_epoch_file_integrity_not_temporal_comparability
1087,-0.1904800000047544,0,0.0,current_epoch_file_integrity_not_temporal_comparability
1088,-0.4849000000394881,0,0.0,current_epoch_file_integrity_not_temporal_comparability
1089,-0.3510099999984959,0,0.0,current_epoch_file_integrity_not_temporal_comparability
1090,0.4299800000007963,0,0.0,current_epoch_file_integrity_not_temporal_comparability
1091,0.42783000000054017,0,0.0,current_epoch_file_integrity_not_temporal_comparability
1092,0.30319999999483116,0,0.0,current_epoch_file_integrity_not_temporal_comparability
1093,-0.1006000000052154,0,0.0,current_epoch_file_integrity_not_temporal_comparability
1094,0.3980000000447035,0,0.0,current_epoch_file_integrity_not_temporal_comparability
1096,-0.24542000000656117,0,0.0,current_epoch_file_integrity_not_temporal_comparability
1097,0.183500000013737,0,0.0,current_epoch_file_integrity_not_temporal_comparability
1098,0.27730000000155997,0,0.0,current_epoch_file_integrity_not_temporal_comparability
1099,-0.21235999999771593,0,0.0,current_epoch_file_integrity_not_temporal_comparability
1100,-0.4940199999982724,0,0.0,current_epoch_file_integrity_not_temporal_comparability
1101,-0.4200000000128057,0,0.0,current_epoch_file_integrity_not_temporal_comparability
1102,0.17290000000502914,0,0.0,current_epoch_file_integrity_not_temporal_comparability
1103,-0.11180000001331791,0,0.0,current_epoch_file_integrity_not_temporal_comparability
1104,0.4614999999757856,0,0.0,current_epoch_file_integrity_not_temporal_comparability
1105,-0.2512399999977788,0,0.0,current_epoch_file_integrity_not_temporal_comparability
1106,0.3231900000027963,0,0.0,current_epoch_file_integrity_not_temporal_comparability
1107,-0.29320000001462176,0,0.0,current_epoch_file_integrity_not_temporal_comparability
1108,-0.26009999999951106,0,0.0,current_epoch_file_integrity_not_temporal_comparability
1109,-0.11814000000595115,0,0.0,current_epoch_file_integrity_not_temporal_comparability
1110,0.2778999999864027,0,0.0,current_epoch_file_integrity_not_temporal_comparability
1111,-0.06510000000707805,0,0.0,current_epoch_file_integrity_not_temporal_comparability
1112,-0.25299999956041574,0,0.0,current_epoch_file_integrity_not_temporal_comparability
1113,-0.051899999991292134,0,0.0,current_epoch_file_integrity_not_temporal_comparability
1114,0.2996100000018487,0,0.0,current_epoch_file_integrity_not_temporal_comparability
1115,0.35068000000319444,0,0.0,current_epoch_file_integrity_not_temporal_comparability
1116,0.4949800000031246,0,0.0,current_epoch_file_integrity_not_temporal_comparability
1118,-0.15850000001955777,0,0.0,current_epoch_file_integrity_not_temporal_comparability
1119,-0.2657000000035623,0,0.0,current_epoch_file_integrity_not_temporal_comparability
1120,-0.22239999999874271,0,0.0,current_epoch_file_integrity_not_temporal_comparability
1121,-0.1880000000819564,0,0.0,current_epoch_file_integrity_not_temporal_comparability
1122,0.05823999999847729,0,0.0,current_epoch_file_integrity_not_temporal_comparability
1123,-0.4135999999998603,0,0.0,current_epoch_file_integrity_not_temporal_comparability
1124,-0.3266999999759719,0,0.0,current_epoch_file_integrity_not_temporal_comparability
1125,-0.439700000002631,0,0.0,current_epoch_file_integrity_not_temporal_comparability
1126,0.3635000000067521,0,0.0,current_epoch_file_integrity_not_temporal_comparability
1127,0.08979999995790422,0,0.0,current_epoch_file_integrity_not_temporal_comparability
1128,0.04851999999664258,0,0.0,current_epoch_file_integrity_not_temporal_comparability
1129,-0.04290000000037253,0,0.0,current_epoch_file_integrity_not_temporal_comparability
1130,0.42269999999552965,0,0.0,current_epoch_file_integrity_not_temporal_comparability
1131,0.2672400000010384,0,0.0,current_epoch_file_integrity_not_temporal_comparability
1132,-0.10751999999774853,0,0.0,current_epoch_file_integrity_not_temporal_comparability
1133,-0.4402000000118278,0,0.0,current_epoch_file_integrity_not_temporal_comparability
1134,-0.32509999998728745,0,0.0,current_epoch_file_integrity_not_temporal_comparability
1135,0.036900000006426126,0,0.0,current_epoch_file_integrity_not_temporal_comparability
1136,0.07610000000568107,0,0.0,current_epoch_file_integrity_not_temporal_comparability
1137,0.2713999999978114,0,0.0,current_epoch_file_integrity_not_temporal_comparability
1138,-0.44223999999667285,0,0.0,current_epoch_file_integrity_not_temporal_comparability
1139,0.16249999997671694,0,0.0,current_epoch_file_integrity_not_temporal_comparability
1140,-0.28475999999500345,0,0.0,current_epoch_file_integrity_not_temporal_comparability
1141,0.323789999994915,0,0.0,current_epoch_file_integrity_not_temporal_comparability
1142,0.3519999999552965,0,0.0,current_epoch_file_integrity_not_temporal_comparability
1143,0.26210000000719447,0,0.0,current_epoch_file_integrity_not_temporal_comparability
1144,0.4137099999934435,0,0.0,current_epoch_file_integrity_not_temporal_comparability
1145,-0.26198000000294996,0,0.0,current_epoch_file_integrity_not_temporal_comparability
1146,0.4244800000014948,0,0.0,current_epoch_file_integrity_not_temporal_comparability
1147,-0.23300000000745058,0,0.0,current_epoch_file_integrity_not_temporal_comparability
1148,0.12979999999515712,0,0.0,current_epoch_file_integrity_not_temporal_comparability
1149,0.23710000002756715,0,0.0,current_epoch_file_integrity_not_temporal_comparability
1150,-0.49271999999473337,0,0.0,current_epoch_file_integrity_not_temporal_comparability
1151,0.004939999998896383,0,0.0,current_epoch_file_integrity_not_temporal_comparability
1152,-0.45865000000048894,0,0.0,current_epoch_file_integrity_not_temporal_comparability
1153,-0.2061999999859836,0,0.0,current_epoch_file_integrity_not_temporal_comparability
1154,-0.2599000000045635,0,0.0,current_epoch_file_integrity_not_temporal_comparability
1155,-0.40490000002318993,0,0.0,current_epoch_file_integrity_not_temporal_comparability
1156,-0.07350000005681068,0,0.0,current_epoch_file_integrity_not_temporal_comparability
1157,0.461699999999837,0,0.0,current_epoch_file_integrity_not_temporal_comparability
1158,-0.058000000193715096,0,0.0,current_epoch_file_integrity_not_temporal_comparability
1159,-0.1262399999977788,0,0.0,current_epoch_file_integrity_not_temporal_comparability
1160,-0.2911999999778345,0,0.0,current_epoch_file_integrity_not_temporal_comparability
1161,-0.2574000000022352,0,0.0,current_epoch_file_integrity_not_temporal_comparability
1162,-0.39309999998658895,0,0.0,current_epoch_file_integrity_not_temporal_comparability
1163,0.3573000000033062,0,0.0,current_epoch_file_integrity_not_temporal_comparability
1164,-0.06646000000182539,0,0.0,current_epoch_file_integrity_not_temporal_comparability
1165,-0.49367000000347616,0,0.0,current_epoch_file_integrity_not_temporal_comparability
1166,-0.2975399999995716,0,0.0,current_epoch_file_integrity_not_temporal_comparability
1167,-0.3887000000104308,0,0.0,current_epoch_file_integrity_not_temporal_comparability
1168,-0.2144899999984773,0,0.0,current_epoch_file_integrity_not_temporal_comparability
1169,-0.10265000000072177,0,0.0,current_epoch_file_integrity_not_temporal_comparability
1170,-0.4185100000031525,0,0.0,current_epoch_file_integrity_not_temporal_comparability
1171,-0.41361000000324566,0,0.0,current_epoch_file_integrity_not_temporal_comparability
1172,-0.11845999999786727,0,0.0,current_epoch_file_integrity_not_temporal_comparability
1173,-0.35811000000103377,0,0.0,current_epoch_file_integrity_not_temporal_comparability
1174,-0.156779999997525,0,0.0,current_epoch_file_integrity_not_temporal_comparability
1175,0.4369100000039907,0,0.0,current_epoch_file_integrity_not_temporal_comparability
1176,-0.14110000000800937,0,0.0,current_epoch_file_integrity_not_temporal_comparability
1177,0.21779999999853317,0,0.0,current_epoch_file_integrity_not_temporal_comparability
1178,-0.4975600000034319,0,0.0,current_epoch_file_integrity_not_temporal_comparability
1179,-0.21830999999656342,0,0.0,current_epoch_file_integrity_not_temporal_comparability
1180,0.27498000000196043,0,0.0,current_epoch_file_integrity_not_temporal_comparability
1181,0.3280300000042189,0,0.0,current_epoch_file_integrity_not_temporal_comparability
1182,0.1815000000060536,0,0.0,current_epoch_file_integrity_not_temporal_comparability
1183,-0.3592599999974482,0,0.0,current_epoch_file_integrity_not_temporal_comparability
1184,-0.2745100000029197,0,0.0,current_epoch_file_integrity_not_temporal_comparability
1185,-0.2323000000033062,0,0.0,current_epoch_file_integrity_not_temporal_comparability
1186,0.3140000000130385,0,0.0,current_epoch_file_integrity_not_temporal_comparability
1187,-0.4549000000115484,0,0.0,current_epoch_file_integrity_not_temporal_comparability
1188,0.0996000000013737,0,0.0,current_epoch_file_integrity_not_temporal_comparability
1189,0.475800000000163,0,0.0,current_epoch_file_integrity_not_temporal_comparability
1190,-0.2579600000026403,0,0.0,current_epoch_file_integrity_not_temporal_comparability
1191,-0.03356000000349013,0,0.0,current_epoch_file_integrity_not_temporal_comparability
1192,-0.14566999999806285,0,0.0,current_epoch_file_integrity_not_temporal_comparability
1193,-0.118399999999383,0,0.0,current_epoch_file_integrity_not_temporal_comparability
1194,-0.3829000000259839,0,0.0,current_epoch_file_integrity_not_temporal_comparability
1195,-0.426500000001397,0,0.0,current_epoch_file_integrity_not_temporal_comparability
1196,-0.46947999999974854,0,0.0,current_epoch_file_integrity_not_temporal_comparability
1197,-0.4021999999968102,0,0.0,current_epoch_file_integrity_not_temporal_comparability
1198,0.04250000001047738,0,0.0,current_epoch_file_integrity_not_temporal_comparability
1199,-0.19763999999850057,0,0.0,current_epoch_file_integrity_not_temporal_comparability
1200,-0.11259999999310821,0,0.0,current_epoch_file_integrity_not_temporal_comparability
1201,-0.03949999999895226,0,0.0,current_epoch_file_integrity_not_temporal_comparability
1202,-0.052499999990686774,0,0.0,current_epoch_file_integrity_not_temporal_comparability
1203,0.36867000000347616,0,0.0,current_epoch_file_integrity_not_temporal_comparability
1204,0.25781999999890104,0,0.0,current_epoch_file_integrity_not_temporal_comparability
1205,-0.40770000001066364,0,0.0,current_epoch_file_integrity_not_temporal_comparability
1206,-0.12264000000141095,0,0.0,current_epoch_file_integrity_not_temporal_comparability
1207,-0.2054000000061933,0,0.0,current_epoch_file_integrity_not_temporal_comparability
1208,-0.1275000000023283,0,0.0,current_epoch_file_integrity_not_temporal_comparability
1209,0.046600000001490116,0,0.0,current_epoch_file_integrity_not_temporal_comparability
1210,-0.04290000000037253,0,0.0,current_epoch_file_integrity_not_temporal_comparability
1211,-0.3693000000057509,0,0.0,current_epoch_file_integrity_not_temporal_comparability
1212,0.40209000000322703,0,0.0,current_epoch_file_integrity_not_temporal_comparability
1213,-0.14469000000099186,0,0.0,current_epoch_file_integrity_not_temporal_comparability
1214,0.4924999999930151,0,0.0,current_epoch_file_integrity_not_temporal_comparability
1215,-0.08749999999417923,0,0.0,current_epoch_file_integrity_not_temporal_comparability
1216,0.18647999999666354,0,0.0,current_epoch_file_integrity_not_temporal_comparability
1217,0.34209000000555534,0,0.0,current_epoch_file_integrity_not_temporal_comparability
1218,0.22870000000693835,0,0.0,current_epoch_file_integrity_not_temporal_comparability
1219,-0.08007000000361586,0,0.0,current_epoch_file_integrity_not_temporal_comparability
1220,-0.47669999999925494,0,0.0,current_epoch_file_integrity_not_temporal_comparability
1222,-0.29153000000223983,0,0.0,current_epoch_file_integrity_not_temporal_comparability
1224,-0.13959999999497086,0,0.0,current_epoch_file_integrity_not_temporal_comparability
1225,-0.4862600000051316,0,0.0,current_epoch_file_integrity_not_temporal_comparability
1226,0.3907099999996717,0,0.0,current_epoch_file_integrity_not_temporal_comparability
1228,0.365300000004936,0,0.0,current_epoch_file_integrity_not_temporal_comparability
1229,0.4312999999965541,0,0.0,current_epoch_file_integrity_not_temporal_comparability
1230,-0.02163000000291504,0,0.0,current_epoch_file_integrity_not_temporal_comparability
1231,0.31651000000420026,0,0.0,current_epoch_file_integrity_not_temporal_comparability
1232,0.18140000000130385,0,0.0,current_epoch_file_integrity_not_temporal_comparability
1233,-0.00889999998616986,0,0.0,current_epoch_file_integrity_not_temporal_comparability
1234,-0.11909999999625143,0,0.0,current_epoch_file_integrity_not_temporal_comparability
1235,0.48496000000159256,0,0.0,current_epoch_file_integrity_not_temporal_comparability
1236,-0.4080000000540167,0,0.0,current_epoch_file_integrity_not_temporal_comparability
1237,0.16853000000264728,0,0.0,current_epoch_file_integrity_not_temporal_comparability
1238,0.3100600000034319,0,0.0,current_epoch_file_integrity_not_temporal_comparability
1239,0.06850000000122236,0,0.0,current_epoch_file_integrity_not_temporal_comparability
1240,-0.39400000000023283,0,0.0,current_epoch_file_integrity_not_temporal_comparability
1241,-0.08991999999852851,0,0.0,current_epoch_file_integrity_not_temporal_comparability
1242,-0.4361700000008568,0,0.0,current_epoch_file_integrity_not_temporal_comparability
1243,0.31010000000242144,0,0.0,current_epoch_file_integrity_not_temporal_comparability
1244,-0.24636999999347609,0,0.0,current_epoch_file_integrity_not_temporal_comparability
1245,0.42792000000190455,0,0.0,current_epoch_file_integrity_not_temporal_comparability
1246,-0.4363299999968149,0,0.0,current_epoch_file_integrity_not_temporal_comparability
1247,0.3968999999924563,0,0.0,current_epoch_file_integrity_not_temporal_comparability
1248,0.2704000000085216,0,0.0,current_epoch_file_integrity_not_temporal_comparability
1249,-0.20090999999956694,0,0.0,current_epoch_file_integrity_not_temporal_comparability
1250,0.16810000000987202,0,0.0,current_epoch_file_integrity_not_temporal_comparability
1251,0.32929000000149244,0,0.0,current_epoch_file_integrity_not_temporal_comparability
1252,-0.23290000000270084,0,0.0,current_epoch_file_integrity_not_temporal_comparability
1253,0.22900000000663567,0,0.0,current_epoch_file_integrity_not_temporal_comparability
1254,-0.42639999999664724,0,0.0,current_epoch_file_integrity_not_temporal_comparability
1255,-0.010810000007040799,0,0.0,current_epoch_file_integrity_not_temporal_comparability
1256,0.4076000000059139,0,0.0,current_epoch_file_integrity_not_temporal_comparability
1257,-0.3712999999988824,0,0.0,current_epoch_file_integrity_not_temporal_comparability
1258,0.30239999998593703,0,0.0,current_epoch_file_integrity_not_temporal_comparability
1259,0.24124999999912689,0,0.0,current_epoch_file_integrity_not_temporal_comparability
1260,-0.37225000000034925,0,0.0,current_epoch_file_integrity_not_temporal_comparability
1261,0.327900000003865,0,0.0,current_epoch_file_integrity_not_temporal_comparability
1262,-0.4769999999552965,0,0.0,current_epoch_file_integrity_not_temporal_comparability
1263,0.00789999999688007,0,0.0,current_epoch_file_integrity_not_temporal_comparability
1264,0.27180000000225846,0,0.0,current_epoch_file_integrity_not_temporal_comparability
1265,0.2518500000005588,0,0.0,current_epoch_file_integrity_not_temporal_comparability
1266,-0.24530000000959262,0,0.0,current_epoch_file_integrity_not_temporal_comparability
1267,-0.3847200000018347,0,0.0,current_epoch_file_integrity_not_temporal_comparability
1268,0.375,0,0.0,current_epoch_file_integrity_not_temporal_comparability
1269,-0.19999999995343387,0,0.0,current_epoch_file_integrity_not_temporal_comparability
1270,-0.2989499999966938,0,0.0,current_epoch_file_integrity_not_temporal_comparability
1271,0.40204999999696156,0,0.0,current_epoch_file_integrity_not_temporal_comparability
1272,-0.42389999999431893,0,0.0,current_epoch_file_integrity_not_temporal_comparability
1273,-0.2855500000005122,0,0.0,current_epoch_file_integrity_not_temporal_comparability
1274,0.21545000000332948,0,0.0,current_epoch_file_integrity_not_temporal_comparability
1275,0.49341999999887776,0,0.0,current_epoch_file_integrity_not_temporal_comparability
1276,0.4504999999771826,0,0.0,current_epoch_file_integrity_not_temporal_comparability
1277,0.015299999999115244,0,0.0,current_epoch_file_integrity_not_temporal_comparability
1278,0.1937000000034459,0,0.0,current_epoch_file_integrity_not_temporal_comparability
1279,-0.15260000000125729,0,0.0,current_epoch_file_integrity_not_temporal_comparability
1280,0.009940000003552996,0,0.0,current_epoch_file_integrity_not_temporal_comparability
1281,0.25839999999152496,0,0.0,current_epoch_file_integrity_not_temporal_comparability
1282,0.4538299999985611,0,0.0,current_epoch_file_integrity_not_temporal_comparability
1283,-0.168310000000929,0,0.0,current_epoch_file_integrity_not_temporal_comparability
1284,-0.29700000025331974,0,0.0,current_epoch_file_integrity_not_temporal_comparability
1285,-0.45790000003762543,0,0.0,current_epoch_file_integrity_not_temporal_comparability
1286,0.4898800000009942,0,0.0,current_epoch_file_integrity_not_temporal_comparability
1287,-0.48149999999441206,0,0.0,current_epoch_file_integrity_not_temporal_comparability
1288,-0.07413000000087777,0,0.0,current_epoch_file_integrity_not_temporal_comparability
1289,0.23000000044703484,0,0.0,current_epoch_file_integrity_not_temporal_comparability
1290,-0.3919999999925494,0,0.0,current_epoch_file_integrity_not_temporal_comparability
1291,-0.07317000000330154,0,0.0,current_epoch_file_integrity_not_temporal_comparability
1292,0.47766000000410713,0,0.0,current_epoch_file_integrity_not_temporal_comparability
1293,0.1735999999800697,0,0.0,current_epoch_file_integrity_not_temporal_comparability
1294,-0.42544000000634696,0,0.0,current_epoch_file_integrity_not_temporal_comparability
1295,-0.06160000000090804,0,0.0,current_epoch_file_integrity_not_temporal_comparability
1296,-0.19148000000132015,0,0.0,current_epoch_file_integrity_not_temporal_comparability
1297,-0.22065999999904307,0,0.0,current_epoch_file_integrity_not_temporal_comparability
1298,0.4109000000025844,0,0.0,current_epoch_file_integrity_not_temporal_comparability
1299,-0.027179999997315463,0,0.0,current_epoch_file_integrity_not_temporal_comparability
1300,0.4228000000002794,0,0.0,current_epoch_file_integrity_not_temporal_comparability
1301,-0.2050000000745058,0,0.0,current_epoch_file_integrity_not_temporal_comparability
1302,-0.2828000000008615,0,0.0,current_epoch_file_integrity_not_temporal_comparability
1303,0.18330000000423752,0,0.0,current_epoch_file_integrity_not_temporal_comparability
1304,0.39806000000680797,0,0.0,current_epoch_file_integrity_not_temporal_comparability
1305,-0.07329999998910353,0,0.0,current_epoch_file_integrity_not_temporal_comparability
1306,-0.21081000000413042,0,0.0,current_epoch_file_integrity_not_temporal_comparability
1307,-0.031430000002728775,0,0.0,current_epoch_file_integrity_not_temporal_comparability
1308,-0.36170000000856817,0,0.0,current_epoch_file_integrity_not_temporal_comparability
1309,0.1394999999902211,0,0.0,current_epoch_file_integrity_not_temporal_comparability
1310,0.1917999999714084,0,0.0,current_epoch_file_integrity_not_temporal_comparability
1311,0.06859999999869615,0,0.0,current_epoch_file_integrity_not_temporal_comparability
1312,-0.15320000000065193,0,0.0,current_epoch_file_integrity_not_temporal_comparability
1313,0.05180000001564622,0,0.0,current_epoch_file_integrity_not_temporal_comparability
1314,0.2798400000028778,0,0.0,current_epoch_file_integrity_not_temporal_comparability
1315,0.09365999999863561,0,0.0,current_epoch_file_integrity_not_temporal_comparability
1316,0.04426999999850523,0,0.0,current_epoch_file_integrity_not_temporal_comparability
1317,-0.2519299999985378,0,0.0,current_epoch_file_integrity_not_temporal_comparability
1318,0.13403999999718508,0,0.0,current_epoch_file_integrity_not_temporal_comparability
1319,-0.18011000000115018,0,0.0,current_epoch_file_integrity_not_temporal_comparability
1320,-0.22641999999905238,0,0.0,current_epoch_file_integrity_not_temporal_comparability
1321,-0.3642000000108965,0,0.0,current_epoch_file_integrity_not_temporal_comparability
1322,0.060570000001462176,0,0.0,current_epoch_file_integrity_not_temporal_comparability
1323,0.4459999999962747,0,0.0,current_epoch_file_integrity_not_temporal_comparability
1324,-0.06008999999903608,0,0.0,current_epoch_file_integrity_not_temporal_comparability
1325,-0.4820000000181608,0,0.0,current_epoch_file_integrity_not_temporal_comparability
1326,0.05094999999710126,0,0.0,current_epoch_file_integrity_not_temporal_comparability
1327,-0.446219999997993,0,0.0,current_epoch_file_integrity_not_temporal_comparability
1328,-0.3030999999900814,0,0.0,current_epoch_file_integrity_not_temporal_comparability
1329,-0.08500000000640284,0,0.0,current_epoch_file_integrity_not_temporal_comparability
1330,-0.2386899999983143,0,0.0,current_epoch_file_integrity_not_temporal_comparability
1331,-0.02434000000357628,0,0.0,current_epoch_file_integrity_not_temporal_comparability
1332,-0.23347999999532476,0,0.0,current_epoch_file_integrity_not_temporal_comparability
1333,0.3242199999949662,0,0.0,current_epoch_file_integrity_not_temporal_comparability
1335,-0.4762899999986985,0,0.0,current_epoch_file_integrity_not_temporal_comparability
1336,0.2810999999928754,0,0.0,current_epoch_file_integrity_not_temporal_comparability
1337,-0.4989999999961583,0,0.0,current_epoch_file_integrity_not_temporal_comparability
1338,-0.06270000000949949,0,0.0,current_epoch_file_integrity_not_temporal_comparability
1339,-0.14000000001396984,0,0.0,current_epoch_file_integrity_not_temporal_comparability
1340,-0.06010000000242144,0,0.0,current_epoch_file_integrity_not_temporal_comparability
1341,0.15609000000404194,0,0.0,current_epoch_file_integrity_not_temporal_comparability
1342,-0.062000000005355105,0,0.0,current_epoch_file_integrity_not_temporal_comparability
1343,0.38730000000214204,0,0.0,current_epoch_file_integrity_not_temporal_comparability
1344,-0.48589999999967404,0,0.0,current_epoch_file_integrity_not_temporal_comparability
1345,-0.05480000001261942,0,0.0,current_epoch_file_integrity_not_temporal_comparability
1346,0.106339999998454,0,0.0,current_epoch_file_integrity_not_temporal_comparability
1347,0.28020000000833534,0,0.0,current_epoch_file_integrity_not_temporal_comparability
1348,-0.13962999999785097,0,0.0,current_epoch_file_integrity_not_temporal_comparability
1349,-0.09320000000298023,0,0.0,current_epoch_file_integrity_not_temporal_comparability
1350,0.3990800000028685,0,0.0,current_epoch_file_integrity_not_temporal_comparability
1351,-0.21510000003036112,0,0.0,current_epoch_file_integrity_not_temporal_comparability
1352,0.17405000000144355,0,0.0,current_epoch_file_integrity_not_temporal_comparability
1354,-0.3448999999964144,0,0.0,current_epoch_file_integrity_not_temporal_comparability
1355,-0.012499999997089617,0,0.0,current_epoch_file_integrity_not_temporal_comparability
1356,0.48889999999664724,0,0.0,current_epoch_file_integrity_not_temporal_comparability
1357,-0.333199999993667,0,0.0,current_epoch_file_integrity_not_temporal_comparability
1358,0.43859999999403954,0,0.0,current_epoch_file_integrity_not_temporal_comparability
1359,-0.03272000000288244,0,0.0,current_epoch_file_integrity_not_temporal_comparability
1360,-0.10479999997187406,0,0.0,current_epoch_file_integrity_not_temporal_comparability
1361,-0.1008399999991525,0,0.0,current_epoch_file_integrity_not_temporal_comparability
1362,-0.3693999999668449,0,0.0,current_epoch_file_integrity_not_temporal_comparability
1363,-0.23123000000487082,0,0.0,current_epoch_file_integrity_not_temporal_comparability
1364,0.47679000000061933,0,0.0,current_epoch_file_integrity_not_temporal_comparability
1365,-0.3610000000335276,0,0.0,current_epoch_file_integrity_not_temporal_comparability
1366,-0.3297000000020489,0,0.0,current_epoch_file_integrity_not_temporal_comparability
1367,-0.17972000000008848,0,0.0,current_epoch_file_integrity_not_temporal_comparability
1368,-0.26789999997708946,0,0.0,current_epoch_file_integrity_not_temporal_comparability
1369,0.2114000000001397,0,0.0,current_epoch_file_integrity_not_temporal_comparability
1370,-0.06700000001001172,0,0.0,current_epoch_file_integrity_not_temporal_comparability
1371,-6.999999459367245e-05,0,0.0,current_epoch_file_integrity_not_temporal_comparability
1372,0.11180000001331791,0,0.0,current_epoch_file_integrity_not_temporal_comparability
1373,0.3790699999954086,0,0.0,current_epoch_file_integrity_not_temporal_comparability
1374,-0.0020000000076834112,0,0.0,current_epoch_file_integrity_not_temporal_comparability
1375,0.23200000007636845,0,0.0,current_epoch_file_integrity_not_temporal_comparability
1376,0.34790999999677297,0,0.0,current_epoch_file_integrity_not_temporal_comparability
1377,-0.2459999998100102,0,0.0,current_epoch_file_integrity_not_temporal_comparability
1378,-0.28020000000833534,0,0.0,current_epoch_file_integrity_not_temporal_comparability
1379,-0.41849999999976717,0,0.0,current_epoch_file_integrity_not_temporal_comparability
1380,0.13539999999920838,0,0.0,current_epoch_file_integrity_not_temporal_comparability
1381,-0.1092099999950733,0,0.0,current_epoch_file_integrity_not_temporal_comparability
1382,0.10593999999400694,0,0.0,current_epoch_file_integrity_not_temporal_comparability
1383,-0.26459999999497086,0,0.0,current_epoch_file_integrity_not_temporal_comparability
1384,0.00901000000158092,0,0.0,current_epoch_file_integrity_not_temporal_comparability
1385,-0.1889999999984866,0,0.0,current_epoch_file_integrity_not_temporal_comparability
1386,0.17210999999952037,0,0.0,current_epoch_file_integrity_not_temporal_comparability
1387,-0.34669999999459833,0,0.0,current_epoch_file_integrity_not_temporal_comparability
1388,0.04139999998733401,0,0.0,current_epoch_file_integrity_not_temporal_comparability
1389,-0.42502999999851454,0,0.0,current_epoch_file_integrity_not_temporal_comparability
1390,-0.2698600000003353,0,0.0,current_epoch_file_integrity_not_temporal_comparability
1391,0.07219000000623055,0,0.0,current_epoch_file_integrity_not_temporal_comparability
1392,-0.4823499999984051,0,0.0,current_epoch_file_integrity_not_temporal_comparability
1393,0.23139999998966232,0,0.0,current_epoch_file_integrity_not_temporal_comparability
1394,0.00020000000949949026,0,0.0,current_epoch_file_integrity_not_temporal_comparability
1395,0.49640000000363216,0,0.0,current_epoch_file_integrity_not_temporal_comparability
1396,0.102199999964796,0,0.0,current_epoch_file_integrity_not_temporal_comparability
1397,0.059070000002975576,0,0.0,current_epoch_file_integrity_not_temporal_comparability
1398,0.26089999999385327,0,0.0,current_epoch_file_integrity_not_temporal_comparability
1399,0.01899999985471368,0,0.0,current_epoch_file_integrity_not_temporal_comparability
1400,-0.22700000001350418,0,0.0,current_epoch_file_integrity_not_temporal_comparability
1401,-0.04312000000209082,0,0.0,current_epoch_file_integrity_not_temporal_comparability
1402,-0.45079999999143183,0,0.0,current_epoch_file_integrity_not_temporal_comparability
1403,-0.1541000000142958,0,0.0,current_epoch_file_integrity_not_temporal_comparability
1404,-0.029799999989336357,0,0.0,current_epoch_file_integrity_not_temporal_comparability
1405,0.4585799999986193,0,0.0,current_epoch_file_integrity_not_temporal_comparability
1406,0.47019999999611173,0,0.0,current_epoch_file_integrity_not_temporal_comparability
1407,-0.36440000000584405,0,0.0,current_epoch_file_integrity_not_temporal_comparability
1408,0.22507000000041444,0,0.0,current_epoch_file_integrity_not_temporal_comparability
1409,0.16070000000763685,0,0.0,current_epoch_file_integrity_not_temporal_comparability
1410,0.11559999999008141,0,0.0,current_epoch_file_integrity_not_temporal_comparability
1411,-0.05310000000463333,0,0.0,current_epoch_file_integrity_not_temporal_comparability
1412,-0.12025999999605119,0,0.0,current_epoch_file_integrity_not_temporal_comparability
1413,-0.23264000000199303,0,0.0,current_epoch_file_integrity_not_temporal_comparability
1414,0.43530000001192093,0,0.0,current_epoch_file_integrity_not_temporal_comparability
1415,-0.24660000001313165,0,0.0,current_epoch_file_integrity_not_temporal_comparability
1416,0.03259999997681007,0,0.0,current_epoch_file_integrity_not_temporal_comparability
1417,-0.47027999999409076,0,0.0,current_epoch_file_integrity_not_temporal_comparability
1418,0.4457999999867752,0,0.0,current_epoch_file_integrity_not_temporal_comparability
1419,0.33400000003166497,0,0.0,current_epoch_file_integrity_not_temporal_comparability
1420,0.09846999999717809,0,0.0,current_epoch_file_integrity_not_temporal_comparability
1421,0.28899999998975545,0,0.0,current_epoch_file_integrity_not_temporal_comparability
1422,-0.3037299999996321,0,0.0,current_epoch_file_integrity_not_temporal_comparability
1423,-0.46181000000069616,0,0.0,current_epoch_file_integrity_not_temporal_comparability
1424,0.0590000000083819,0,0.0,current_epoch_file_integrity_not_temporal_comparability
1425,-0.0551500000001397,0,0.0,current_epoch_file_integrity_not_temporal_comparability
1427,0.4459999999962747,0,0.0,current_epoch_file_integrity_not_temporal_comparability
1428,-0.1658599999936996,0,0.0,current_epoch_file_integrity_not_temporal_comparability
1429,0.3066899999976158,0,0.0,current_epoch_file_integrity_not_temporal_comparability
1430,-0.28149999999732245,0,0.0,current_epoch_file_integrity_not_temporal_comparability
1431,-0.4989500000010594,0,0.0,current_epoch_file_integrity_not_temporal_comparability
1432,0.23799999989569187,0,0.0,current_epoch_file_integrity_not_temporal_comparability
1433,0.4356899999984307,0,0.0,current_epoch_file_integrity_not_temporal_comparability
1435,-0.19129000000248197,0,0.0,current_epoch_file_integrity_not_temporal_comparability
1436,-0.08850000001257285,0,0.0,current_epoch_file_integrity_not_temporal_comparability
1437,0.4351900000037858,0,0.0,current_epoch_file_integrity_not_temporal_comparability
1438,0.048209999993559904,0,0.0,current_epoch_file_integrity_not_temporal_comparability
1439,0.03267999999661697,0,0.0,current_epoch_file_integrity_not_temporal_comparability
1440,0.021000000007916242,0,0.0,current_epoch_file_integrity_not_temporal_comparability
1441,-0.3564099999930477,0,0.0,current_epoch_file_integrity_not_temporal_comparability
1442,-0.15396999999938998,0,0.0,current_epoch_file_integrity_not_temporal_comparability
1443,0.2812700000067707,0,0.0,current_epoch_file_integrity_not_temporal_comparability
1444,-0.21700000000419095,0,0.0,current_epoch_file_integrity_not_temporal_comparability
1445,-0.06760000000940636,0,0.0,current_epoch_file_integrity_not_temporal_comparability
1446,0.037699999986216426,0,0.0,current_epoch_file_integrity_not_temporal_comparability
1447,0.15080000000307336,0,0.0,current_epoch_file_integrity_not_temporal_comparability
1448,-0.07223000000522006,0,0.0,current_epoch_file_integrity_not_temporal_comparability
1449,0.3690000000060536,0,0.0,current_epoch_file_integrity_not_temporal_comparability
1450,-0.12845000000379514,0,0.0,current_epoch_file_integrity_not_temporal_comparability
1451,-0.32791000000725035,0,0.0,current_epoch_file_integrity_not_temporal_comparability
1452,0.14239999999699648,0,0.0,current_epoch_file_integrity_not_temporal_comparability
1453,0.19630000001052395,0,0.0,current_epoch_file_integrity_not_temporal_comparability
1454,0.03708999999798834,0,0.0,current_epoch_file_integrity_not_temporal_comparability
1455,-0.4405499999993481,0,0.0,current_epoch_file_integrity_not_temporal_comparability
1456,0.24659000000247033,0,0.0,current_epoch_file_integrity_not_temporal_comparability
1457,0.0413200000039069,0,0.0,current_epoch_file_integrity_not_temporal_comparability
1458,-0.05789999999979045,0,0.0,current_epoch_file_integrity_not_temporal_comparability
1459,-0.35899999999674037,0,0.0,current_epoch_file_integrity_not_temporal_comparability
1460,-0.20879999999306165,0,0.0,current_epoch_file_integrity_not_temporal_comparability
1461,-0.17200000025331974,0,0.0,current_epoch_file_integrity_not_temporal_comparability
1462,-0.3025999999954365,0,0.0,current_epoch_file_integrity_not_temporal_comparability
1463,0.1367000000027474,0,0.0,current_epoch_file_integrity_not_temporal_comparability
1464,-0.08530000000610016,0,0.0,current_epoch_file_integrity_not_temporal_comparability
1465,-0.053440000003320165,0,0.0,current_epoch_file_integrity_not_temporal_comparability
1466,0.024460000000544824,0,0.0,current_epoch_file_integrity_not_temporal_comparability
1467,-0.0546500000054948,0,0.0,current_epoch_file_integrity_not_temporal_comparability
1468,-0.02019999999902211,0,0.0,current_epoch_file_integrity_not_temporal_comparability
1469,-0.4066099999981816,0,0.0,current_epoch_file_integrity_not_temporal_comparability
1470,0.12910000000556465,0,0.0,current_epoch_file_integrity_not_temporal_comparability
1471,-0.1654500000004191,0,0.0,current_epoch_file_integrity_not_temporal_comparability
1472,-0.3216300000058254,0,0.0,current_epoch_file_integrity_not_temporal_comparability
1473,-0.1999000000068918,0,0.0,current_epoch_file_integrity_not_temporal_comparability
1474,-0.3249500000019907,0,0.0,current_epoch_file_integrity_not_temporal_comparability
1475,0.07901000000128988,0,0.0,current_epoch_file_integrity_not_temporal_comparability
1476,-0.0712000000057742,0,0.0,current_epoch_file_integrity_not_temporal_comparability
1477,0.3376399999979185,0,0.0,current_epoch_file_integrity_not_temporal_comparability
1478,0.2718999999924563,0,0.0,current_epoch_file_integrity_not_temporal_comparability
1479,0.36005999999906635,0,0.0,current_epoch_file_integrity_not_temporal_comparability
1480,0.2154000000009546,0,0.0,current_epoch_file_integrity_not_temporal_comparability
1481,0.08431000000564381,0,0.0,current_epoch_file_integrity_not_temporal_comparability
1482,0.26059999997960404,0,0.0,current_epoch_file_integrity_not_temporal_comparability
1483,-0.22319999999308493,0,0.0,current_epoch_file_integrity_not_temporal_comparability
1484,0.21830999999656342,0,0.0,current_epoch_file_integrity_not_temporal_comparability
1485,-0.4660700000022189,0,0.0,current_epoch_file_integrity_not_temporal_comparability
1486,0.3165699999954086,0,0.0,current_epoch_file_integrity_not_temporal_comparability
1487,0.28700000001117587,0,0.0,current_epoch_file_integrity_not_temporal_comparability
1488,0.04812000000674743,0,0.0,current_epoch_file_integrity_not_temporal_comparability
1489,0.4253000000026077,0,0.0,current_epoch_file_integrity_not_temporal_comparability
1490,-0.19603000000643078,0,0.0,current_epoch_file_integrity_not_temporal_comparability
1491,-0.32854000000224914,0,0.0,current_epoch_file_integrity_not_temporal_comparability
1492,-0.09024999999382999,0,0.0,current_epoch_file_integrity_not_temporal_comparability
1493,-0.045930000000225846,0,0.0,current_epoch_file_integrity_not_temporal_comparability
1494,-0.28071999999519903,0,0.0,current_epoch_file_integrity_not_temporal_comparability
1495,-0.08821999999781838,0,0.0,current_epoch_file_integrity_not_temporal_comparability
1496,0.36860999999771593,0,0.0,current_epoch_file_integrity_not_temporal_comparability
1497,0.1392000000050757,0,0.0,current_epoch_file_integrity_not_temporal_comparability
1498,0.22999999998137355,0,0.0,current_epoch_file_integrity_not_temporal_comparability
1499,0.414969999997993,0,0.0,current_epoch_file_integrity_not_temporal_comparability
1500,0.43858000000182074,0,0.0,current_epoch_file_integrity_not_temporal_comparability
1501,0.13519999998970889,0,0.0,current_epoch_file_integrity_not_temporal_comparability
1502,-0.06190000000060536,0,0.0,current_epoch_file_integrity_not_temporal_comparability
1503,0.3062999999965541,0,0.0,current_epoch_file_integrity_not_temporal_comparability
1504,-0.21723999999812804,0,0.0,current_epoch_file_integrity_not_temporal_comparability
1505,0.4862999999895692,0,0.0,current_epoch_file_integrity_not_temporal_comparability
1506,0.2577499999970314,0,0.0,current_epoch_file_integrity_not_temporal_comparability
1507,0.11406000000715721,0,0.0,current_epoch_file_integrity_not_temporal_comparability
1508,-0.41790000000037253,0,0.0,current_epoch_file_integrity_not_temporal_comparability
1509,0.18260000000009313,0,0.0,current_epoch_file_integrity_not_temporal_comparability
1510,-0.47882999999274034,0,0.0,current_epoch_file_integrity_not_temporal_comparability
1511,-0.11480000001029111,0,0.0,current_epoch_file_integrity_not_temporal_comparability
1512,-0.40935999999783235,0,0.0,current_epoch_file_integrity_not_temporal_comparability
1513,-0.376300000003539,0,0.0,current_epoch_file_integrity_not_temporal_comparability
1514,-0.15030000000842847,0,0.0,current_epoch_file_integrity_not_temporal_comparability
1515,0.06969999999273568,0,0.0,current_epoch_file_integrity_not_temporal_comparability
1516,0.22849999999743886,0,0.0,current_epoch_file_integrity_not_temporal_comparability
1517,0.1880000000819564,0,0.0,current_epoch_file_integrity_not_temporal_comparability
1518,-0.4532000000035623,0,0.0,current_epoch_file_integrity_not_temporal_comparability
1519,0.3971000000019558,0,0.0,current_epoch_file_integrity_not_temporal_comparability
1520,-0.31921999999758555,0,0.0,current_epoch_file_integrity_not_temporal_comparability
1521,-0.48799999989569187,0,0.0,current_epoch_file_integrity_not_temporal_comparability
1522,-0.2541700000001583,0,0.0,current_epoch_file_integrity_not_temporal_comparability
1523,-0.42619999998714775,0,0.0,current_epoch_file_integrity_not_temporal_comparability
1524,-0.2470599999942351,0,0.0,current_epoch_file_integrity_not_temporal_comparability
1525,0.02966000000014901,0,0.0,current_epoch_file_integrity_not_temporal_comparability
1526,-0.16790000000037253,0,0.0,current_epoch_file_integrity_not_temporal_comparability
1527,-0.28945999999996275,0,0.0,current_epoch_file_integrity_not_temporal_comparability
1528,-0.40873999999894295,0,0.0,current_epoch_file_integrity_not_temporal_comparability
1529,-0.3521000000182539,0,0.0,current_epoch_file_integrity_not_temporal_comparability
1530,-0.36299999989569187,0,0.0,current_epoch_file_integrity_not_temporal_comparability
1531,0.2050000000745058,0,0.0,current_epoch_file_integrity_not_temporal_comparability
1532,0.3204699999987497,0,0.0,current_epoch_file_integrity_not_temporal_comparability
1533,-0.05498999999690568,0,0.0,current_epoch_file_integrity_not_temporal_comparability
1536,0.436199999996461,0,0.0,current_epoch_file_integrity_not_temporal_comparability
1537,-0.16810000000987202,0,0.0,current_epoch_file_integrity_not_temporal_comparability
1538,-0.12270000000717118,0,0.0,current_epoch_file_integrity_not_temporal_comparability
1539,-0.20871999999508262,0,0.0,current_epoch_file_integrity_not_temporal_comparability
1540,-0.3110499999966123,0,0.0,current_epoch_file_integrity_not_temporal_comparability
1541,-0.4725999999936903,0,0.0,current_epoch_file_integrity_not_temporal_comparability
1542,0.16049999999813735,0,0.0,current_epoch_file_integrity_not_temporal_comparability
1543,-0.2538300000014715,0,0.0,current_epoch_file_integrity_not_temporal_comparability
1544,0.09230000001844019,0,0.0,current_epoch_file_integrity_not_temporal_comparability
1545,0.35399999999208376,0,0.0,current_epoch_file_integrity_not_temporal_comparability
1546,0.1575299999967683,0,0.0,current_epoch_file_integrity_not_temporal_comparability
1547,-0.16379999999480788,0,0.0,current_epoch_file_integrity_not_temporal_comparability
1548,0.19329999999899883,0,0.0,current_epoch_file_integrity_not_temporal_comparability
1549,-0.20438999999896623,0,0.0,current_epoch_file_integrity_not_temporal_comparability
1550,-0.27378000000317115,0,0.0,current_epoch_file_integrity_not_temporal_comparability
1551,0.3524000000033993,0,0.0,current_epoch_file_integrity_not_temporal_comparability
1552,-0.0012600000045495108,0,0.0,current_epoch_file_integrity_not_temporal_comparability
1553,-0.09463000000687316,0,0.0,current_epoch_file_integrity_not_temporal_comparability
1554,0.479300000006333,0,0.0,current_epoch_file_integrity_not_temporal_comparability
1555,0.3276999999943655,0,0.0,current_epoch_file_integrity_not_temporal_comparability
1556,0.06030000001192093,0,0.0,current_epoch_file_integrity_not_temporal_comparability
1557,-0.19067999999970198,0,0.0,current_epoch_file_integrity_not_temporal_comparability
1558,0.38575000000128057,0,0.0,current_epoch_file_integrity_not_temporal_comparability
1559,0.4094000000040978,0,0.0,current_epoch_file_integrity_not_temporal_comparability
1560,0.37004999999771826,0,0.0,current_epoch_file_integrity_not_temporal_comparability
1561,0.24924999999348074,0,0.0,current_epoch_file_integrity_not_temporal_comparability
1562,-0.330180000004475,0,0.0,current_epoch_file_integrity_not_temporal_comparability
1563,-0.33970000001136214,0,0.0,current_epoch_file_integrity_not_temporal_comparability
1564,-0.29199999989941716,0,0.0,current_epoch_file_integrity_not_temporal_comparability
1565,0.09330000000772998,0,0.0,current_epoch_file_integrity_not_temporal_comparability
1566,0.037200000006123446,0,0.0,current_epoch_file_integrity_not_temporal_comparability
1567,0.4197199999980512,0,0.0,current_epoch_file_integrity_not_temporal_comparability
1568,0.08930000000691507,0,0.0,current_epoch_file_integrity_not_temporal_comparability
1569,0.34629999997559935,0,0.0,current_epoch_file_integrity_not_temporal_comparability
1570,-0.09517000000050757,0,0.0,current_epoch_file_integrity_not_temporal_comparability
1571,0.035899999988032505,0,0.0,current_epoch_file_integrity_not_temporal_comparability
1572,0.23152000000118278,0,0.0,current_epoch_file_integrity_not_temporal_comparability
1573,0.15940999999293126,0,0.0,current_epoch_file_integrity_not_temporal_comparability
1574,0.3887000000104308,0,0.0,current_epoch_file_integrity_not_temporal_comparability
1575,-0.4259500000043772,0,0.0,current_epoch_file_integrity_not_temporal_comparability
1576,-0.16180000000167638,0,0.0,current_epoch_file_integrity_not_temporal_comparability
1577,0.47664000000077067,0,0.0,current_epoch_file_integrity_not_temporal_comparability
1578,-0.0390999999945052,0,0.0,current_epoch_file_integrity_not_temporal_comparability
1579,-0.16481000000203494,0,0.0,current_epoch_file_integrity_not_temporal_comparability
1580,0.42090000002644956,0,0.0,current_epoch_file_integrity_not_temporal_comparability
1581,-0.14280000000144355,0,0.0,current_epoch_file_integrity_not_temporal_comparability
1582,-0.45600000000558794,0,0.0,current_epoch_file_integrity_not_temporal_comparability
1583,-0.2550000000046566,0,0.0,current_epoch_file_integrity_not_temporal_comparability
1584,-0.03235000000131549,0,0.0,current_epoch_file_integrity_not_temporal_comparability
1585,-0.3887999999860767,0,0.0,current_epoch_file_integrity_not_temporal_comparability
1586,0.05860000000393484,0,0.0,current_epoch_file_integrity_not_temporal_comparability
1587,0.2263799999927869,0,0.0,current_epoch_file_integrity_not_temporal_comparability
1588,0.3739999998360872,0,0.0,current_epoch_file_integrity_not_temporal_comparability
1589,0.11289999994914979,0,0.0,current_epoch_file_integrity_not_temporal_comparability
1590,-0.30300000007264316,0,0.0,current_epoch_file_integrity_not_temporal_comparability
1591,-0.06352999999944586,0,0.0,current_epoch_file_integrity_not_temporal_comparability
1592,-0.48540000000502914,0,0.0,current_epoch_file_integrity_not_temporal_comparability
1593,0.14050000000861473,0,0.0,current_epoch_file_integrity_not_temporal_comparability
1594,0.06570000000647269,0,0.0,current_epoch_file_integrity_not_temporal_comparability
1595,0.3689100000046892,0,0.0,current_epoch_file_integrity_not_temporal_comparability
1596,-0.12129999999888241,0,0.0,current_epoch_file_integrity_not_temporal_comparability
1597,0.2502299999978277,0,0.0,current_epoch_file_integrity_not_temporal_comparability
1598,0.42418000000179745,0,0.0,current_epoch_file_integrity_not_temporal_comparability
1599,-0.15520000003743917,0,0.0,current_epoch_file_integrity_not_temporal_comparability
1600,-0.33027999999467283,0,0.0,current_epoch_file_integrity_not_temporal_comparability
1601,-0.23050000000512227,0,0.0,current_epoch_file_integrity_not_temporal_comparability
1602,-0.03341999999975087,0,0.0,current_epoch_file_integrity_not_temporal_comparability
1603,-0.20920000001206063,0,0.0,current_epoch_file_integrity_not_temporal_comparability
1604,0.16765000000305008,0,0.0,current_epoch_file_integrity_not_temporal_comparability
1605,-0.2667199999996228,0,0.0,current_epoch_file_integrity_not_temporal_comparability
1606,-0.3993300000001909,0,0.0,current_epoch_file_integrity_not_temporal_comparability
1607,-0.45350000000325963,0,0.0,current_epoch_file_integrity_not_temporal_comparability
1608,-0.43210000000544824,0,0.0,current_epoch_file_integrity_not_temporal_comparability
1609,-0.4934000000357628,0,0.0,current_epoch_file_integrity_not_temporal_comparability
1610,-0.20540999999502674,0,0.0,current_epoch_file_integrity_not_temporal_comparability
1611,-0.0328999999910593,0,0.0,current_epoch_file_integrity_not_temporal_comparability
1612,0.41849999999976717,0,0.0,current_epoch_file_integrity_not_temporal_comparability
1613,-0.4851900000066962,0,0.0,current_epoch_file_integrity_not_temporal_comparability
1614,-0.19479999999748543,0,0.0,current_epoch_file_integrity_not_temporal_comparability
1615,0.1359599999996135,0,0.0,current_epoch_file_integrity_not_temporal_comparability
1616,-0.12459999999555293,0,0.0,current_epoch_file_integrity_not_temporal_comparability
1617,0.47840000000724103,0,0.0,current_epoch_file_integrity_not_temporal_comparability
1618,0.03890000001410954,0,0.0,current_epoch_file_integrity_not_temporal_comparability
1619,-0.06600000010803342,0,0.0,current_epoch_file_integrity_not_temporal_comparability
1620,0.3399199999985285,0,0.0,current_epoch_file_integrity_not_temporal_comparability
1621,0.30160000000614673,0,0.0,current_epoch_file_integrity_not_temporal_comparability
1623,-0.06170999999449123,0,0.0,current_epoch_file_integrity_not_temporal_comparability
1624,0.013350000001082662,0,0.0,current_epoch_file_integrity_not_temporal_comparability
1625,-0.2842999999993481,0,0.0,current_epoch_file_integrity_not_temporal_comparability
1626,-0.30728999999701045,0,0.0,current_epoch_file_integrity_not_temporal_comparability
1627,-0.48210000002291054,0,0.0,current_epoch_file_integrity_not_temporal_comparability
1628,-0.44930000000749715,0,0.0,current_epoch_file_integrity_not_temporal_comparability
1629,-0.3386400000017602,0,0.0,current_epoch_file_integrity_not_temporal_comparability
1631,-0.3346000000019558,0,0.0,current_epoch_file_integrity_not_temporal_comparability
1632,0.29408999999577645,0,0.0,current_epoch_file_integrity_not_temporal_comparability
1633,-0.12593999999808148,0,0.0,current_epoch_file_integrity_not_temporal_comparability
1634,-0.2779999999329448,0,0.0,current_epoch_file_integrity_not_temporal_comparability
1635,-0.10560000000987202,0,0.0,current_epoch_file_integrity_not_temporal_comparability
1637,0.02418999999645166,0,0.0,current_epoch_file_integrity_not_temporal_comparability
1638,-0.22426999999879627,0,0.0,current_epoch_file_integrity_not_temporal_comparability
1639,0.3755000000237487,0,0.0,current_epoch_file_integrity_not_temporal_comparability
1640,0.4221400000024005,0,0.0,current_epoch_file_integrity_not_temporal_comparability
1641,0.38813000000664033,0,0.0,current_epoch_file_integrity_not_temporal_comparability
1642,0.09337000000232365,0,0.0,current_epoch_file_integrity_not_temporal_comparability
1643,0.29228000000148313,0,0.0,current_epoch_file_integrity_not_temporal_comparability
1644,-0.20335000000341097,0,0.0,current_epoch_file_integrity_not_temporal_comparability
1645,-0.014299999980721623,0,0.0,current_epoch_file_integrity_not_temporal_comparability
1646,-0.14800000004470348,0,0.0,current_epoch_file_integrity_not_temporal_comparability
1647,-0.2688999999954831,0,0.0,current_epoch_file_integrity_not_temporal_comparability
1648,-0.20399999991059303,0,0.0,current_epoch_file_integrity_not_temporal_comparability
1650,-0.10519999999087304,0,0.0,current_epoch_file_integrity_not_temporal_comparability
1651,0.20763000000442844,0,0.0,current_epoch_file_integrity_not_temporal_comparability
1652,0.1797999999835156,0,0.0,current_epoch_file_integrity_not_temporal_comparability
1653,0.21841000000131316,0,0.0,current_epoch_file_integrity_not_temporal_comparability
1654,-0.34230999999999767,0,0.0,current_epoch_file_integrity_not_temporal_comparability
1655,0.3530400000017835,0,0.0,current_epoch_file_integrity_not_temporal_comparability
1656,-0.3260299999965355,0,0.0,current_epoch_file_integrity_not_temporal_comparability
1657,-0.2881000000052154,0,0.0,current_epoch_file_integrity_not_temporal_comparability
1658,0.291800000006333,0,0.0,current_epoch_file_integrity_not_temporal_comparability
1659,-0.019400000004679896,0,0.0,current_epoch_file_integrity_not_temporal_comparability
1660,-0.18620999999984633,0,0.0,current_epoch_file_integrity_not_temporal_comparability
1661,-0.3637999999918975,0,0.0,current_epoch_file_integrity_not_temporal_comparability
1662,-0.4086899999965681,0,0.0,current_epoch_file_integrity_not_temporal_comparability
1663,0.4717499999969732,0,0.0,current_epoch_file_integrity_not_temporal_comparability
1664,-0.1354000000283122,0,0.0,current_epoch_file_integrity_not_temporal_comparability
1665,-0.44760000001406297,0,0.0,current_epoch_file_integrity_not_temporal_comparability
1666,-0.28295000000071013,0,0.0,current_epoch_file_integrity_not_temporal_comparability
1667,-0.3049999997019768,0,0.0,current_epoch_file_integrity_not_temporal_comparability
1668,-0.27909999998519197,0,0.0,current_epoch_file_integrity_not_temporal_comparability
1669,-0.1022099999972852,0,0.0,current_epoch_file_integrity_not_temporal_comparability
1670,0.16164000000571832,0,0.0,current_epoch_file_integrity_not_temporal_comparability
1671,-0.4420800000007148,0,0.0,current_epoch_file_integrity_not_temporal_comparability
1672,0.40899999999965075,0,0.0,current_epoch_file_integrity_not_temporal_comparability
1673,-0.09493999999540392,0,0.0,current_epoch_file_integrity_not_temporal_comparability
1674,0.20592000000033295,0,0.0,current_epoch_file_integrity_not_temporal_comparability
1675,0.01713000000017928,0,0.0,current_epoch_file_integrity_not_temporal_comparability
1676,0.4121999999988475,0,0.0,current_epoch_file_integrity_not_temporal_comparability
1677,-0.3061900000029709,0,0.0,current_epoch_file_integrity_not_temporal_comparability
1678,0.18589999999676365,0,0.0,current_epoch_file_integrity_not_temporal_comparability
1679,-0.22569999999541324,0,0.0,current_epoch_file_integrity_not_temporal_comparability
1680,-0.3004899999941699,0,0.0,current_epoch_file_integrity_not_temporal_comparability
1681,-0.13440000000991859,0,0.0,current_epoch_file_integrity_not_temporal_comparability
1682,0.4517000000050757,0,0.0,current_epoch_file_integrity_not_temporal_comparability
1683,0.38395000000309665,0,0.0,current_epoch_file_integrity_not_temporal_comparability
1684,0.41219999999157153,0,0.0,current_epoch_file_integrity_not_temporal_comparability
1685,0.4772999999986496,0,0.0,current_epoch_file_integrity_not_temporal_comparability
1686,0.4716499999994994,0,0.0,current_epoch_file_integrity_not_temporal_comparability
1687,-0.3555599999963306,0,0.0,current_epoch_file_integrity_not_temporal_comparability
1688,0.19459999998798594,0,0.0,current_epoch_file_integrity_not_temporal_comparability
1689,0.0731000000378117,0,0.0,current_epoch_file_integrity_not_temporal_comparability
1690,-0.4035100000037346,0,0.0,current_epoch_file_integrity_not_temporal_comparability
1691,0.08780000000842847,0,0.0,current_epoch_file_integrity_not_temporal_comparability
1692,0.2621999999973923,0,0.0,current_epoch_file_integrity_not_temporal_comparability
1693,-0.27700000000186265,0,0.0,current_epoch_file_integrity_not_temporal_comparability
1694,0.476940000000468,0,0.0,current_epoch_file_integrity_not_temporal_comparability
1695,-0.43839999998454005,0,0.0,current_epoch_file_integrity_not_temporal_comparability
1696,-0.2966000000014901,0,0.0,current_epoch_file_integrity_not_temporal_comparability
1697,0.17000000001280569,0,0.0,current_epoch_file_integrity_not_temporal_comparability
1698,0.4605900000024121,0,0.0,current_epoch_file_integrity_not_temporal_comparability
1699,0.2945999999938067,0,0.0,current_epoch_file_integrity_not_temporal_comparability
1700,0.0643500000005588,0,0.0,current_epoch_file_integrity_not_temporal_comparability
1701,-0.4564399999944726,0,0.0,current_epoch_file_integrity_not_temporal_comparability
1702,-0.48299999999289867,0,0.0,current_epoch_file_integrity_not_temporal_comparability
1703,0.07490000000689179,0,0.0,current_epoch_file_integrity_not_temporal_comparability
1704,0.2902999999932945,0,0.0,current_epoch_file_integrity_not_temporal_comparability
1705,-0.4210599999933038,0,0.0,current_epoch_file_integrity_not_temporal_comparability
1706,0.33449999999720603,0,0.0,current_epoch_file_integrity_not_temporal_comparability
1707,0.48740000001271255,0,0.0,current_epoch_file_integrity_not_temporal_comparability
1708,-0.025589999997464474,0,0.0,current_epoch_file_integrity_not_temporal_comparability
1709,0.19522000000142725,0,0.0,current_epoch_file_integrity_not_temporal_comparability
1710,0.033909999998286366,0,0.0,current_epoch_file_integrity_not_temporal_comparability
1711,-0.34100000001490116,0,0.0,current_epoch_file_integrity_not_temporal_comparability
1712,0.23560000001452863,0,0.0,current_epoch_file_integrity_not_temporal_comparability
1713,0.15009999999892898,0,0.0,current_epoch_file_integrity_not_temporal_comparability
1715,-0.3572699999931501,0,0.0,current_epoch_file_integrity_not_temporal_comparability
1716,-0.1878500000020722,0,0.0,current_epoch_file_integrity_not_temporal_comparability
1717,-0.4429999999701977,0,0.0,current_epoch_file_integrity_not_temporal_comparability
1718,-0.09610999999858905,0,0.0,current_epoch_file_integrity_not_temporal_comparability
1719,-0.38589999999385327,0,0.0,current_epoch_file_integrity_not_temporal_comparability
1720,0.17717000000266125,0,0.0,current_epoch_file_integrity_not_temporal_comparability
1721,0.14982000000600237,0,0.0,current_epoch_file_integrity_not_temporal_comparability
1722,-0.01209000000380911,0,0.0,current_epoch_file_integrity_not_temporal_comparability
1723,0.44518000000243774,0,0.0,current_epoch_file_integrity_not_temporal_comparability
1724,0.060120000001916196,0,0.0,current_epoch_file_integrity_not_temporal_comparability
1725,0.20535999999992782,0,0.0,current_epoch_file_integrity_not_temporal_comparability
1726,0.2165999999997439,0,0.0,current_epoch_file_integrity_not_temporal_comparability
1727,-0.1573999999964144,0,0.0,current_epoch_file_integrity_not_temporal_comparability
1728,0.34100000000034925,0,0.0,current_epoch_file_integrity_not_temporal_comparability
1729,-0.23174999999901047,0,0.0,current_epoch_file_integrity_not_temporal_comparability
1730,0.06190000000060536,0,0.0,current_epoch_file_integrity_not_temporal_comparability
1731,0.4344600000040373,0,0.0,current_epoch_file_integrity_not_temporal_comparability
1732,-0.2532800000044517,0,0.0,current_epoch_file_integrity_not_temporal_comparability
1733,-0.08328000000619795,0,0.0,current_epoch_file_integrity_not_temporal_comparability
1734,0.45683999999891967,0,0.0,current_epoch_file_integrity_not_temporal_comparability
1735,0.2857700000022305,0,0.0,current_epoch_file_integrity_not_temporal_comparability
1736,0.07203000000299653,0,0.0,current_epoch_file_integrity_not_temporal_comparability
1737,-0.3576000000030035,0,0.0,current_epoch_file_integrity_not_temporal_comparability
1738,-0.14089999999850988,0,0.0,current_epoch_file_integrity_not_temporal_comparability
1739,-0.34961000000475906,0,0.0,current_epoch_file_integrity_not_temporal_comparability
1740,0.1523999999917578,0,0.0,current_epoch_file_integrity_not_temporal_comparability
1741,-0.2459999998100102,0,0.0,current_epoch_file_integrity_not_temporal_comparability
1742,0.4686199999996461,0,0.0,current_epoch_file_integrity_not_temporal_comparability
1743,-0.1362000000081025,0,0.0,current_epoch_file_integrity_not_temporal_comparability
1744,-0.17299999995157123,0,0.0,current_epoch_file_integrity_not_temporal_comparability
1745,0.0770699999993667,0,0.0,current_epoch_file_integrity_not_temporal_comparability
1746,0.23689999998896383,0,0.0,current_epoch_file_integrity_not_temporal_comparability
1747,0.25199999986216426,0,0.0,current_epoch_file_integrity_not_temporal_comparability
1748,0.04974999999831198,0,0.0,current_epoch_file_integrity_not_temporal_comparability
1749,0.13750000001164153,0,0.0,current_epoch_file_integrity_not_temporal_comparability
1750,0.36718999999720836,0,0.0,current_epoch_file_integrity_not_temporal_comparability
1751,0.41943999999784864,0,0.0,current_epoch_file_integrity_not_temporal_comparability
1752,0.2433000000019092,0,0.0,current_epoch_file_integrity_not_temporal_comparability
1753,-0.41200000001117587,0,0.0,current_epoch_file_integrity_not_temporal_comparability
1754,-0.17859999999927823,0,0.0,current_epoch_file_integrity_not_temporal_comparability
1755,0.005100000009406358,0,0.0,current_epoch_file_integrity_not_temporal_comparability
1756,-0.4796000000060303,0,0.0,current_epoch_file_integrity_not_temporal_comparability
1757,0.10740000000805594,0,0.0,current_epoch_file_integrity_not_temporal_comparability
1758,0.14658999999664957,0,0.0,current_epoch_file_integrity_not_temporal_comparability
1759,0.31760000000940636,0,0.0,current_epoch_file_integrity_not_temporal_comparability
1760,-0.010680000006686896,0,0.0,current_epoch_file_integrity_not_temporal_comparability
1761,-0.04799999999522697,0,0.0,current_epoch_file_integrity_not_temporal_comparability
1762,-0.4549200000037672,0,0.0,current_epoch_file_integrity_not_temporal_comparability
1763,-0.44999999995343387,0,0.0,current_epoch_file_integrity_not_temporal_comparability
1764,-0.49764999999752035,0,0.0,current_epoch_file_integrity_not_temporal_comparability
1765,-0.2886500000022352,0,0.0,current_epoch_file_integrity_not_temporal_comparability
1766,0.1654500000004191,0,0.0,current_epoch_file_integrity_not_temporal_comparability
1767,-0.38180000000284053,0,0.0,current_epoch_file_integrity_not_temporal_comparability
1768,0.2677999999723397,0,0.0,current_epoch_file_integrity_not_temporal_comparability
1769,-0.1846399999994901,0,0.0,current_epoch_file_integrity_not_temporal_comparability
1770,-0.06694999999308493,0,0.0,current_epoch_file_integrity_not_temporal_comparability
1771,-0.16641999999410473,0,0.0,current_epoch_file_integrity_not_temporal_comparability
1772,0.07050000000162981,0,0.0,current_epoch_file_integrity_not_temporal_comparability
1773,-0.09694000000308733,0,0.0,current_epoch_file_integrity_not_temporal_comparability
1774,0.16732999999658205,0,0.0,current_epoch_file_integrity_not_temporal_comparability
1775,0.010739999997895211,0,0.0,current_epoch_file_integrity_not_temporal_comparability
1776,-0.4147999999986496,0,0.0,current_epoch_file_integrity_not_temporal_comparability
1777,-0.40993999999773223,0,0.0,current_epoch_file_integrity_not_temporal_comparability
1778,-0.10149999998975545,0,0.0,current_epoch_file_integrity_not_temporal_comparability
1779,-0.05660000001080334,0,0.0,current_epoch_file_integrity_not_temporal_comparability
1780,-0.31872999999905005,0,0.0,current_epoch_file_integrity_not_temporal_comparability
1781,0.4452000000019325,0,0.0,current_epoch_file_integrity_not_temporal_comparability
1782,-0.05989999999292195,0,0.0,current_epoch_file_integrity_not_temporal_comparability
1783,0.22129999997559935,0,0.0,current_epoch_file_integrity_not_temporal_comparability
1784,0.03379000000131782,0,0.0,current_epoch_file_integrity_not_temporal_comparability
1785,-0.30393999999796506,0,0.0,current_epoch_file_integrity_not_temporal_comparability
1786,0.02448000000003958,0,0.0,current_epoch_file_integrity_not_temporal_comparability
1787,-0.3823899999988498,0,0.0,current_epoch_file_integrity_not_temporal_comparability
1788,0.41140000001178123,0,0.0,current_epoch_file_integrity_not_temporal_comparability
1789,0.2713500000027125,0,0.0,current_epoch_file_integrity_not_temporal_comparability
1790,-0.18840000001364388,0,0.0,current_epoch_file_integrity_not_temporal_comparability
1791,0.22748000000137836,0,0.0,current_epoch_file_integrity_not_temporal_comparability
1792,0.2900000000081491,0,0.0,current_epoch_file_integrity_not_temporal_comparability
1793,-0.14381999999750406,0,0.0,current_epoch_file_integrity_not_temporal_comparability
1795,0.12333999999827938,0,0.0,current_epoch_file_integrity_not_temporal_comparability
1796,0.07319999998435378,0,0.0,current_epoch_file_integrity_not_temporal_comparability
1797,-0.4177999999956228,0,0.0,current_epoch_file_integrity_not_temporal_comparability
1798,0.12349999998696148,0,0.0,current_epoch_file_integrity_not_temporal_comparability
1799,-0.3580000000074506,0,0.0,current_epoch_file_integrity_not_temporal_comparability
1800,-0.14272999999957392,0,0.0,current_epoch_file_integrity_not_temporal_comparability
1801,0.19769999998970889,0,0.0,current_epoch_file_integrity_not_temporal_comparability
1802,-0.4556200000006356,0,0.0,current_epoch_file_integrity_not_temporal_comparability
1803,-0.4094000000040978,0,0.0,current_epoch_file_integrity_not_temporal_comparability
1804,0.17065000000002328,0,0.0,current_epoch_file_integrity_not_temporal_comparability
1806,-0.10029000000213273,0,0.0,current_epoch_file_integrity_not_temporal_comparability
1807,0.24390000000130385,0,0.0,current_epoch_file_integrity_not_temporal_comparability
1808,0.3453999999910593,0,0.0,current_epoch_file_integrity_not_temporal_comparability
1809,-0.4782999999879394,0,0.0,current_epoch_file_integrity_not_temporal_comparability
1810,-0.1602299999940442,0,0.0,current_epoch_file_integrity_not_temporal_comparability
1812,0.23070000001462176,0,0.0,current_epoch_file_integrity_not_temporal_comparability
1813,0.18318999999610242,0,0.0,current_epoch_file_integrity_not_temporal_comparability
1814,-0.40373999999428634,0,0.0,current_epoch_file_integrity_not_temporal_comparability
1815,0.1656199999997625,0,0.0,current_epoch_file_integrity_not_temporal_comparability
1816,0.26650000002700835,0,0.0,current_epoch_file_integrity_not_temporal_comparability
1818,0.3012299999973038,0,0.0,current_epoch_file_integrity_not_temporal_comparability
1819,0.08888999999908265,0,0.0,current_epoch_file_integrity_not_temporal_comparability
1820,0.025729999993927777,0,0.0,current_epoch_file_integrity_not_temporal_comparability
1821,-0.19092000000091502,0,0.0,current_epoch_file_integrity_not_temporal_comparability
1822,-0.47999999998137355,0,0.0,current_epoch_file_integrity_not_temporal_comparability
1823,0.014139999999315478,0,0.0,current_epoch_file_integrity_not_temporal_comparability
1824,0.36860000000160653,0,0.0,current_epoch_file_integrity_not_temporal_comparability
1825,-0.2617000000027474,0,0.0,current_epoch_file_integrity_not_temporal_comparability
1826,-0.12369999999646097,0,0.0,current_epoch_file_integrity_not_temporal_comparability
1827,0.038730000000214204,0,0.0,current_epoch_file_integrity_not_temporal_comparability
1828,-0.08370000000286382,0,0.0,current_epoch_file_integrity_not_temporal_comparability
1829,0.050960000000486616,0,0.0,current_epoch_file_integrity_not_temporal_comparability
1830,0.07620000001043081,0,0.0,current_epoch_file_integrity_not_temporal_comparability
1831,0.16005999999470077,0,0.0,current_epoch_file_integrity_not_temporal_comparability
1832,-0.23960000000079162,0,0.0,current_epoch_file_integrity_not_temporal_comparability
1833,-0.3352000000013504,0,0.0,current_epoch_file_integrity_not_temporal_comparability
1834,0.4629000000131782,0,0.0,current_epoch_file_integrity_not_temporal_comparability
1835,0.43518000000040047,0,0.0,current_epoch_file_integrity_not_temporal_comparability
1836,-0.28923000000213506,0,0.0,current_epoch_file_integrity_not_temporal_comparability
1837,-0.22004000000015367,0,0.0,current_epoch_file_integrity_not_temporal_comparability
1838,-0.17621000000508502,0,0.0,current_epoch_file_integrity_not_temporal_comparability
1839,0.01254000000335509,0,0.0,current_epoch_file_integrity_not_temporal_comparability
1840,0.05797999999776948,0,0.0,current_epoch_file_integrity_not_temporal_comparability
1841,-0.07659999997122213,0,0.0,current_epoch_file_integrity_not_temporal_comparability
1842,-0.3065999999962514,0,0.0,current_epoch_file_integrity_not_temporal_comparability
1843,-0.15380000000004657,0,0.0,current_epoch_file_integrity_not_temporal_comparability
1844,-0.48346000000310596,0,0.0,current_epoch_file_integrity_not_temporal_comparability
1845,0.2174700000032317,0,0.0,current_epoch_file_integrity_not_temporal_comparability
1846,0.3715700000029756,0,0.0,current_epoch_file_integrity_not_temporal_comparability
1847,-0.41300000000046566,0,0.0,current_epoch_file_integrity_not_temporal_comparability
1848,0.11490000000048894,0,0.0,current_epoch_file_integrity_not_temporal_comparability
1849,-0.39310000000114087,0,0.0,current_epoch_file_integrity_not_temporal_comparability
1850,-0.31187999999383464,0,0.0,current_epoch_file_integrity_not_temporal_comparability
1851,0.411710000000312,0,0.0,current_epoch_file_integrity_not_temporal_comparability
1852,0.23735000000306172,0,0.0,current_epoch_file_integrity_not_temporal_comparability
1853,-0.42599999997764826,0,0.0,current_epoch_file_integrity_not_temporal_comparability
1854,0.42427000000316184,0,0.0,current_epoch_file_integrity_not_temporal_comparability
1855,-0.21359999998821877,0,0.0,current_epoch_file_integrity_not_temporal_comparability
1856,0.3001899999944726,0,0.0,current_epoch_file_integrity_not_temporal_comparability
1857,-0.027670000003126916,0,0.0,current_epoch_file_integrity_not_temporal_comparability
1858,0.4707699999999022,0,0.0,current_epoch_file_integrity_not_temporal_comparability
1859,-0.25460000000020955,0,0.0,current_epoch_file_integrity_not_temporal_comparability
1860,-0.317960000000312,0,0.0,current_epoch_file_integrity_not_temporal_comparability
1861,-0.17610000001150183,0,0.0,current_epoch_file_integrity_not_temporal_comparability
1862,-0.30711999999766704,0,0.0,current_epoch_file_integrity_not_temporal_comparability
1863,0.11396999999851687,0,0.0,current_epoch_file_integrity_not_temporal_comparability
1864,0.2343000000109896,0,0.0,current_epoch_file_integrity_not_temporal_comparability
1865,0.0398200000054203,0,0.0,current_epoch_file_integrity_not_temporal_comparability
1866,0.46957000000111293,0,0.0,current_epoch_file_integrity_not_temporal_comparability
1867,-0.22070000000530854,0,0.0,current_epoch_file_integrity_not_temporal_comparability
1868,-0.18880000000353903,0,0.0,current_epoch_file_integrity_not_temporal_comparability
1869,-0.20196999999461696,0,0.0,current_epoch_file_integrity_not_temporal_comparability
1870,-0.13260000001173466,0,0.0,current_epoch_file_integrity_not_temporal_comparability
1871,-0.018270000000484288,0,0.0,current_epoch_file_integrity_not_temporal_comparability
1872,0.07370000000082655,0,0.0,current_epoch_file_integrity_not_temporal_comparability
1873,0.3524000000033993,0,0.0,current_epoch_file_integrity_not_temporal_comparability
1874,-0.4499000000068918,0,0.0,current_epoch_file_integrity_not_temporal_comparability
1875,0.4392999999981839,0,0.0,current_epoch_file_integrity_not_temporal_comparability
1876,-0.009999999776482582,0,0.0,current_epoch_file_integrity_not_temporal_comparability
1877,0.013500000000931323,0,0.0,current_epoch_file_integrity_not_temporal_comparability
1878,-0.19190000000526197,0,0.0,current_epoch_file_integrity_not_temporal_comparability
1879,0.07850000000325963,0,0.0,current_epoch_file_integrity_not_temporal_comparability
1880,-0.3687999999965541,0,0.0,current_epoch_file_integrity_not_temporal_comparability
1881,-0.2146000000066124,0,0.0,current_epoch_file_integrity_not_temporal_comparability
1883,-0.1929000000236556,0,0.0,current_epoch_file_integrity_not_temporal_comparability
1884,-0.4772999999986496,0,0.0,current_epoch_file_integrity_not_temporal_comparability
1885,-0.4217999999964377,0,0.0,current_epoch_file_integrity_not_temporal_comparability
1886,0.4757499999977881,0,0.0,current_epoch_file_integrity_not_temporal_comparability
1887,-0.06842000000324333,0,0.0,current_epoch_file_integrity_not_temporal_comparability
1888,-0.19362000000546686,0,0.0,current_epoch_file_integrity_not_temporal_comparability
1889,-0.08229999999457505,0,0.0,current_epoch_file_integrity_not_temporal_comparability
1890,0.2164000000047963,0,0.0,current_epoch_file_integrity_not_temporal_comparability
1891,-0.12897000000521075,0,0.0,current_epoch_file_integrity_not_temporal_comparability
1892,-0.1528000000398606,0,0.0,current_epoch_file_integrity_not_temporal_comparability
1893,-0.3381999999983236,0,0.0,current_epoch_file_integrity_not_temporal_comparability
1894,-0.23376000000280328,0,0.0,current_epoch_file_integrity_not_temporal_comparability
1895,-0.4639999999999418,0,0.0,current_epoch_file_integrity_not_temporal_comparability
1896,0.16670000000158325,0,0.0,current_epoch_file_integrity_not_temporal_comparability
1897,0.23489999999583233,0,0.0,current_epoch_file_integrity_not_temporal_comparability
1898,0.002099999997881241,0,0.0,current_epoch_file_integrity_not_temporal_comparability
1899,-0.047599999990779907,0,0.0,current_epoch_file_integrity_not_temporal_comparability
1900,0.2800000000279397,0,0.0,current_epoch_file_integrity_not_temporal_comparability
1901,-0.10027000000263797,0,0.0,current_epoch_file_integrity_not_temporal_comparability
1902,-0.02890000000479631,0,0.0,current_epoch_file_integrity_not_temporal_comparability
1903,-0.23326999999699183,0,0.0,current_epoch_file_integrity_not_temporal_comparability
1904,-0.47070000000530854,0,0.0,current_epoch_file_integrity_not_temporal_comparability
1905,-0.29656999999861,0,0.0,current_epoch_file_integrity_not_temporal_comparability
1906,0.3379399999976158,0,0.0,current_epoch_file_integrity_not_temporal_comparability
1907,-0.4924699999974109,0,0.0,current_epoch_file_integrity_not_temporal_comparability
1908,-0.44729999999981374,0,0.0,current_epoch_file_integrity_not_temporal_comparability
1909,0.049980000003415626,0,0.0,current_epoch_file_integrity_not_temporal_comparability
1910,0.09053000000130851,0,0.0,current_epoch_file_integrity_not_temporal_comparability
1911,0.17790000000968575,0,0.0,current_epoch_file_integrity_not_temporal_comparability
1912,-0.4730500000005122,0,0.0,current_epoch_file_integrity_not_temporal_comparability
1913,0.1551599999947939,0,0.0,current_epoch_file_integrity_not_temporal_comparability
1914,0.0045299999983399175,0,0.0,current_epoch_file_integrity_not_temporal_comparability
1915,-0.3127999999996973,0,0.0,current_epoch_file_integrity_not_temporal_comparability
1916,0.08349999999336433,0,0.0,current_epoch_file_integrity_not_temporal_comparability
1917,-0.03454999999667052,0,0.0,current_epoch_file_integrity_not_temporal_comparability
1918,-0.13490000000456348,0,0.0,current_epoch_file_integrity_not_temporal_comparability
1919,-0.08099999977275729,0,0.0,current_epoch_file_integrity_not_temporal_comparability
1920,-0.48319999998784624,0,0.0,current_epoch_file_integrity_not_temporal_comparability
1921,-0.19043000000237953,0,0.0,current_epoch_file_integrity_not_temporal_comparability
1922,-0.30305999999836786,0,0.0,current_epoch_file_integrity_not_temporal_comparability
1923,-0.34500000000116415,0,0.0,current_epoch_file_integrity_not_temporal_comparability
1924,0.35999999998603016,0,0.0,current_epoch_file_integrity_not_temporal_comparability
1925,-0.2380999999877531,0,0.0,current_epoch_file_integrity_not_temporal_comparability
1926,0.48311000000103377,0,0.0,current_epoch_file_integrity_not_temporal_comparability
1927,0.483619999999064,0,0.0,current_epoch_file_integrity_not_temporal_comparability
1928,0.11899000000266824,0,0.0,current_epoch_file_integrity_not_temporal_comparability
1929,-0.1075999999884516,0,0.0,current_epoch_file_integrity_not_temporal_comparability
1930,-0.4880999999877531,0,0.0,current_epoch_file_integrity_not_temporal_comparability
1931,-0.16269999998621643,0,0.0,current_epoch_file_integrity_not_temporal_comparability
1932,-0.06909999999334104,0,0.0,current_epoch_file_integrity_not_temporal_comparability
1933,0.03229999999166466,0,0.0,current_epoch_file_integrity_not_temporal_comparability
1934,0.3120599999965634,0,0.0,current_epoch_file_integrity_not_temporal_comparability
1935,-0.32730000000447035,0,0.0,current_epoch_file_integrity_not_temporal_comparability
1936,-0.08170999999856576,0,0.0,current_epoch_file_integrity_not_temporal_comparability
1937,-0.3719299999938812,0,0.0,current_epoch_file_integrity_not_temporal_comparability
1938,0.2956000000122003,0,0.0,current_epoch_file_integrity_not_temporal_comparability
1939,0.06928999999945518,0,0.0,current_epoch_file_integrity_not_temporal_comparability
1940,0.306799999991199,0,0.0,current_epoch_file_integrity_not_temporal_comparability
1941,0.39209999999729916,0,0.0,current_epoch_file_integrity_not_temporal_comparability
1942,0.3963499999954365,0,0.0,current_epoch_file_integrity_not_temporal_comparability
1943,-0.26709999999729916,0,0.0,current_epoch_file_integrity_not_temporal_comparability
1944,-0.19477999999799067,0,0.0,current_epoch_file_integrity_not_temporal_comparability
1945,-0.23808000000281027,0,0.0,current_epoch_file_integrity_not_temporal_comparability
1946,-0.17449999999371357,0,0.0,current_epoch_file_integrity_not_temporal_comparability
1947,-0.328269999998156,0,0.0,current_epoch_file_integrity_not_temporal_comparability
1948,-0.055569999996805564,0,0.0,current_epoch_file_integrity_not_temporal_comparability
1949,-0.10039999999571592,0,0.0,current_epoch_file_integrity_not_temporal_comparability
1950,-0.38669999997364357,0,0.0,current_epoch_file_integrity_not_temporal_comparability
1951,0.07630000001518056,0,0.0,current_epoch_file_integrity_not_temporal_comparability
1952,0.4299299999984214,0,0.0,current_epoch_file_integrity_not_temporal_comparability
1953,-0.3092899999974179,0,0.0,current_epoch_file_integrity_not_temporal_comparability
1954,0.3974000000016531,0,0.0,current_epoch_file_integrity_not_temporal_comparability
1955,0.2543299999961164,0,0.0,current_epoch_file_integrity_not_temporal_comparability
1956,0.11100999999325722,0,0.0,current_epoch_file_integrity_not_temporal_comparability
1957,-0.13069999999424908,0,0.0,current_epoch_file_integrity_not_temporal_comparability
1958,0.02958000000216998,0,0.0,current_epoch_file_integrity_not_temporal_comparability
1959,0.26526000000012573,0,0.0,current_epoch_file_integrity_not_temporal_comparability
1960,0.48860000001150183,0,0.0,current_epoch_file_integrity_not_temporal_comparability
1961,-0.2942500000062864,0,0.0,current_epoch_file_integrity_not_temporal_comparability
1963,0.46812999999383464,0,0.0,current_epoch_file_integrity_not_temporal_comparability
1964,0.4737500000046566,0,0.0,current_epoch_file_integrity_not_temporal_comparability
1965,-0.03840000000491273,0,0.0,current_epoch_file_integrity_not_temporal_comparability
1966,-0.23546999999962281,0,0.0,current_epoch_file_integrity_not_temporal_comparability
1968,-0.21270000000367872,0,0.0,current_epoch_file_integrity_not_temporal_comparability
1969,0.338900000002468,0,0.0,current_epoch_file_integrity_not_temporal_comparability
1970,0.4238900000054855,0,0.0,current_epoch_file_integrity_not_temporal_comparability
1971,0.3603000000002794,0,0.0,current_epoch_file_integrity_not_temporal_comparability
1972,0.35540999999648193,0,0.0,current_epoch_file_integrity_not_temporal_comparability
1973,0.42199999999138527,0,0.0,current_epoch_file_integrity_not_temporal_comparability
1974,-0.43377000000327826,0,0.0,current_epoch_file_integrity_not_temporal_comparability
1975,-0.31339999998454005,0,0.0,current_epoch_file_integrity_not_temporal_comparability
1976,0.006999999997788109,0,0.0,current_epoch_file_integrity_not_temporal_comparability
1977,0.23360000000684522,0,0.0,current_epoch_file_integrity_not_temporal_comparability
1978,0.14139999999315478,0,0.0,current_epoch_file_integrity_not_temporal_comparability
1979,-0.45865000000048894,0,0.0,current_epoch_file_integrity_not_temporal_comparability
1980,-0.4881699999968987,0,0.0,current_epoch_file_integrity_not_temporal_comparability
1981,-0.24659999999857973,0,0.0,current_epoch_file_integrity_not_temporal_comparability
1982,-0.4182100000034552,0,0.0,current_epoch_file_integrity_not_temporal_comparability
1983,-0.029399999999441206,0,0.0,current_epoch_file_integrity_not_temporal_comparability
1984,-0.18012999999336898,0,0.0,current_epoch_file_integrity_not_temporal_comparability
1985,-0.2319999998435378,0,0.0,current_epoch_file_integrity_not_temporal_comparability
1986,0.09720000000379514,0,0.0,current_epoch_file_integrity_not_temporal_comparability
1987,-0.08229999999457505,0,0.0,current_epoch_file_integrity_not_temporal_comparability
1988,0.39050000000861473,0,0.0,current_epoch_file_integrity_not_temporal_comparability
1989,-0.0913600000058068,0,0.0,current_epoch_file_integrity_not_temporal_comparability
1990,0.23502999999618623,0,0.0,current_epoch_file_integrity_not_temporal_comparability
1991,0.14999999990686774,0,0.0,current_epoch_file_integrity_not_temporal_comparability
1992,0.224370000003546,0,0.0,current_epoch_file_integrity_not_temporal_comparability
1993,-0.40785999999934575,0,0.0,current_epoch_file_integrity_not_temporal_comparability
1994,0.1091999999989639,0,0.0,current_epoch_file_integrity_not_temporal_comparability
1995,-0.023679999998421408,0,0.0,current_epoch_file_integrity_not_temporal_comparability
1996,0.056450000003678724,0,0.0,current_epoch_file_integrity_not_temporal_comparability
1997,0.18162999999913154,0,0.0,current_epoch_file_integrity_not_temporal_comparability
1998,0.25522999999520835,0,0.0,current_epoch_file_integrity_not_temporal_comparability
1999,0.0,0,0.0,current_epoch_file_integrity_not_temporal_comparability
2000,0.333729999998468,0,0.0,current_epoch_file_integrity_not_temporal_comparability
2001,0.4910600000002887,0,0.0,current_epoch_file_integrity_not_temporal_comparability
2002,-0.4949999999953434,0,0.0,current_epoch_file_integrity_not_temporal_comparability
2003,-0.2903999999980442,0,0.0,current_epoch_file_integrity_not_temporal_comparability
2004,-0.4634200000000419,0,0.0,current_epoch_file_integrity_not_temporal_comparability
2005,0.4699999999720603,0,0.0,current_epoch_file_integrity_not_temporal_comparability
2006,0.14759999999660067,0,0.0,current_epoch_file_integrity_not_temporal_comparability
2007,-0.38000000081956387,0,0.0,current_epoch_file_integrity_not_temporal_comparability
2008,-0.4363000000012107,0,0.0,current_epoch_file_integrity_not_temporal_comparability
2009,0.4734000000025844,0,0.0,current_epoch_file_integrity_not_temporal_comparability
2010,0.2086999999883119,0,0.0,current_epoch_file_integrity_not_temporal_comparability
2011,0.11570999999821652,0,0.0,current_epoch_file_integrity_not_temporal_comparability
2012,-0.17970000000786968,0,0.0,current_epoch_file_integrity_not_temporal_comparability
2013,-0.35490000003483146,0,0.0,current_epoch_file_integrity_not_temporal_comparability
2014,0.19510000001173466,0,0.0,current_epoch_file_integrity_not_temporal_comparability
2015,-0.48830000002635643,0,0.0,current_epoch_file_integrity_not_temporal_comparability
2016,0.12030000000231666,0,0.0,current_epoch_file_integrity_not_temporal_comparability
2017,-0.4407000000064727,0,0.0,current_epoch_file_integrity_not_temporal_comparability
2018,0.13209999998798594,0,0.0,current_epoch_file_integrity_not_temporal_comparability
2019,0.3971000000019558,0,0.0,current_epoch_file_integrity_not_temporal_comparability
2020,-0.39612999999371823,0,0.0,current_epoch_file_integrity_not_temporal_comparability
2021,-0.1500099999975646,0,0.0,current_epoch_file_integrity_not_temporal_comparability
2022,-0.23841999999422114,0,0.0,current_epoch_file_integrity_not_temporal_comparability
2023,0.4539999999979045,0,0.0,current_epoch_file_integrity_not_temporal_comparability
2024,-0.3773000000510365,0,0.0,current_epoch_file_integrity_not_temporal_comparability
2025,-0.2704000000085216,0,0.0,current_epoch_file_integrity_not_temporal_comparability
2026,-0.19479000000137603,0,0.0,current_epoch_file_integrity_not_temporal_comparability
2027,0.08299999999871943,0,0.0,current_epoch_file_integrity_not_temporal_comparability
2028,0.10119000000122469,0,0.0,current_epoch_file_integrity_not_temporal_comparability
2029,-0.43369999999413267,0,0.0,current_epoch_file_integrity_not_temporal_comparability
2030,-0.04370000000926666,0,0.0,current_epoch_file_integrity_not_temporal_comparability
2031,-0.2811000000219792,0,0.0,current_epoch_file_integrity_not_temporal_comparability
2032,-0.34320000000298023,0,0.0,current_epoch_file_integrity_not_temporal_comparability
2033,0.08670000001438893,0,0.0,current_epoch_file_integrity_not_temporal_comparability
2034,0.02059999998891726,0,0.0,current_epoch_file_integrity_not_temporal_comparability
2035,0.20010000000183936,0,0.0,current_epoch_file_integrity_not_temporal_comparability
2036,-0.3094100000016624,0,0.0,current_epoch_file_integrity_not_temporal_comparability
2037,0.450539999998,0,0.0,current_epoch_file_integrity_not_temporal_comparability
2038,-0.18189999999594875,0,0.0,current_epoch_file_integrity_not_temporal_comparability
2039,0.2913000000116881,0,0.0,current_epoch_file_integrity_not_temporal_comparability
2040,-0.4682900000043446,0,0.0,current_epoch_file_integrity_not_temporal_comparability
2041,0.2721499999970547,0,0.0,current_epoch_file_integrity_not_temporal_comparability
2042,-0.38968999999633525,0,0.0,current_epoch_file_integrity_not_temporal_comparability
2043,-0.411179999995511,0,0.0,current_epoch_file_integrity_not_temporal_comparability
2044,0.1426000000210479,0,0.0,current_epoch_file_integrity_not_temporal_comparability
2045,-0.2972000000299886,0,0.0,current_epoch_file_integrity_not_temporal_comparability
2046,0.14525999999750638,0,0.0,current_epoch_file_integrity_not_temporal_comparability
2047,0.41399999998975545,0,0.0,current_epoch_file_integrity_not_temporal_comparability
2048,-0.26734000000578817,0,0.0,current_epoch_file_integrity_not_temporal_comparability
2049,-0.27449999999953434,0,0.0,current_epoch_file_integrity_not_temporal_comparability
2050,0.21869999999762513,0,0.0,current_epoch_file_integrity_not_temporal_comparability
2051,0.13964999999734573,0,0.0,current_epoch_file_integrity_not_temporal_comparability
2052,0.36469999997643754,0,0.0,current_epoch_file_integrity_not_temporal_comparability
2053,0.3384999999543652,0,0.0,current_epoch_file_integrity_not_temporal_comparability
2054,-0.040529999998398125,0,0.0,current_epoch_file_integrity_not_temporal_comparability
2056,0.41352000000188127,0,0.0,current_epoch_file_integrity_not_temporal_comparability
2057,0.36369999998714775,0,0.0,current_epoch_file_integrity_not_temporal_comparability
2058,-0.060349999999743886,0,0.0,current_epoch_file_integrity_not_temporal_comparability
2059,-0.1756999999997788,0,0.0,current_epoch_file_integrity_not_temporal_comparability
2060,0.12669999999343418,0,0.0,current_epoch_file_integrity_not_temporal_comparability
2061,0.08075999999709893,0,0.0,current_epoch_file_integrity_not_temporal_comparability
2062,0.015699999989010394,0,0.0,current_epoch_file_integrity_not_temporal_comparability
2063,-0.3041799999991781,0,0.0,current_epoch_file_integrity_not_temporal_comparability
2064,-0.36921000000438653,0,0.0,current_epoch_file_integrity_not_temporal_comparability
2065,-0.45424999999522697,0,0.0,current_epoch_file_integrity_not_temporal_comparability
2066,0.48720000000321306,0,0.0,current_epoch_file_integrity_not_temporal_comparability
2067,-0.48128999999607913,0,0.0,current_epoch_file_integrity_not_temporal_comparability
2068,-0.41550000000279397,0,0.0,current_epoch_file_integrity_not_temporal_comparability
2069,0.3879799999995157,0,0.0,current_epoch_file_integrity_not_temporal_comparability
2070,0.49903000000631437,0,0.0,current_epoch_file_integrity_not_temporal_comparability
2071,0.04613000000244938,0,0.0,current_epoch_file_integrity_not_temporal_comparability
2072,0.22849999999743886,0,0.0,current_epoch_file_integrity_not_temporal_comparability
2073,-0.35546000000613276,0,0.0,current_epoch_file_integrity_not_temporal_comparability
2074,0.14029999999911524,0,0.0,current_epoch_file_integrity_not_temporal_comparability
2075,-0.4393699999927776,0,0.0,current_epoch_file_integrity_not_temporal_comparability
2076,-0.17710000000079162,0,0.0,current_epoch_file_integrity_not_temporal_comparability
2077,-0.08950000000186265,0,0.0,current_epoch_file_integrity_not_temporal_comparability
2078,0.1731500000023516,0,0.0,current_epoch_file_integrity_not_temporal_comparability
2079,0.4363000000012107,0,0.0,current_epoch_file_integrity_not_temporal_comparability
2080,0.08500000002095476,0,0.0,current_epoch_file_integrity_not_temporal_comparability
2081,0.06363999999302905,0,0.0,current_epoch_file_integrity_not_temporal_comparability
2082,0.3488999999826774,0,0.0,current_epoch_file_integrity_not_temporal_comparability
2083,0.02929000000585802,0,0.0,current_epoch_file_integrity_not_temporal_comparability
2084,-0.25802999999723397,0,0.0,current_epoch_file_integrity_not_temporal_comparability
2085,-0.23934000000008382,0,0.0,current_epoch_file_integrity_not_temporal_comparability
2086,0.26282999999966705,0,0.0,current_epoch_file_integrity_not_temporal_comparability
2087,-0.05400000000372529,0,0.0,current_epoch_file_integrity_not_temporal_comparability
2088,0.06195999999908963,0,0.0,current_epoch_file_integrity_not_temporal_comparability
2089,-0.1469999998807907,0,0.0,current_epoch_file_integrity_not_temporal_comparability
2090,-0.062199999985750765,0,0.0,current_epoch_file_integrity_not_temporal_comparability
2092,0.033240000004298054,0,0.0,current_epoch_file_integrity_not_temporal_comparability
2093,0.3639800000019022,0,0.0,current_epoch_file_integrity_not_temporal_comparability
2094,0.17577999999775784,0,0.0,current_epoch_file_integrity_not_temporal_comparability
2095,0.008399999991524965,0,0.0,current_epoch_file_integrity_not_temporal_comparability
2096,0.3134999999892898,0,0.0,current_epoch_file_integrity_not_temporal_comparability
2097,-0.42687999999907333,0,0.0,current_epoch_file_integrity_not_temporal_comparability
2098,-0.07723000000260072,0,0.0,current_epoch_file_integrity_not_temporal_comparability
2099,-0.2784899999969639,0,0.0,current_epoch_file_integrity_not_temporal_comparability
2100,0.19702000000688713,0,0.0,current_epoch_file_integrity_not_temporal_comparability
2101,0.19464000000152737,0,0.0,current_epoch_file_integrity_not_temporal_comparability
2102,0.34900000039488077,0,0.0,current_epoch_file_integrity_not_temporal_comparability
2103,0.41920000000391155,0,0.0,current_epoch_file_integrity_not_temporal_comparability
2104,-0.18012999999336898,0,0.0,current_epoch_file_integrity_not_temporal_comparability
2105,-0.42409000000043306,0,0.0,current_epoch_file_integrity_not_temporal_comparability
2106,-0.4145100000023376,0,0.0,current_epoch_file_integrity_not_temporal_comparability
2107,0.22619999997550622,0,0.0,current_epoch_file_integrity_not_temporal_comparability
2108,-0.49119999998947605,0,0.0,current_epoch_file_integrity_not_temporal_comparability
2109,-0.024399999994784594,0,0.0,current_epoch_file_integrity_not_temporal_comparability
2110,0.4024000000208616,0,0.0,current_epoch_file_integrity_not_temporal_comparability
2111,0.4679900000046473,0,0.0,current_epoch_file_integrity_not_temporal_comparability
2112,0.24709999999322463,0,0.0,current_epoch_file_integrity_not_temporal_comparability
2113,-0.38590999999723863,0,0.0,current_epoch_file_integrity_not_temporal_comparability
2114,0.29576000000088243,0,0.0,current_epoch_file_integrity_not_temporal_comparability
2115,0.44180000002961606,0,0.0,current_epoch_file_integrity_not_temporal_comparability
2116,0.21830000000045402,0,0.0,current_epoch_file_integrity_not_temporal_comparability
2117,-0.13340000004973263,0,0.0,current_epoch_file_integrity_not_temporal_comparability
2118,0.09870000000228174,0,0.0,current_epoch_file_integrity_not_temporal_comparability
2119,-0.12617999999929452,0,0.0,current_epoch_file_integrity_not_temporal_comparability
2120,0.14179999999760184,0,0.0,current_epoch_file_integrity_not_temporal_comparability
2121,-0.06130000000121072,0,0.0,current_epoch_file_integrity_not_temporal_comparability
2122,0.07210000000486616,0,0.0,current_epoch_file_integrity_not_temporal_comparability
2123,0.26867000000493135,0,0.0,current_epoch_file_integrity_not_temporal_comparability
2124,-0.39579999999841675,0,0.0,current_epoch_file_integrity_not_temporal_comparability
2125,0.1209999998100102,0,0.0,current_epoch_file_integrity_not_temporal_comparability
2126,-0.09799999999813735,0,0.0,current_epoch_file_integrity_not_temporal_comparability
2128,0.0479300000006333,0,0.0,current_epoch_file_integrity_not_temporal_comparability
2129,-0.31758000000263564,0,0.0,current_epoch_file_integrity_not_temporal_comparability
2130,0.3246999999973923,0,0.0,current_epoch_file_integrity_not_temporal_comparability
2131,-0.2736200000072131,0,0.0,current_epoch_file_integrity_not_temporal_comparability
2132,0.3582899999964866,0,0.0,current_epoch_file_integrity_not_temporal_comparability
2133,0.3604699999996228,0,0.0,current_epoch_file_integrity_not_temporal_comparability
2134,-0.47370000000228174,0,0.0,current_epoch_file_integrity_not_temporal_comparability
2135,0.20089999999618158,0,0.0,current_epoch_file_integrity_not_temporal_comparability
2136,0.17756999999983236,0,0.0,current_epoch_file_integrity_not_temporal_comparability
2137,-0.08855999999650521,0,0.0,current_epoch_file_integrity_not_temporal_comparability
2138,-0.22234999999636784,0,0.0,current_epoch_file_integrity_not_temporal_comparability
2139,-0.24622000000090338,0,0.0,current_epoch_file_integrity_not_temporal_comparability
2140,-0.16043000000354368,0,0.0,current_epoch_file_integrity_not_temporal_comparability
2141,0.04959999999846332,0,0.0,current_epoch_file_integrity_not_temporal_comparability
2142,0.03500000000349246,0,0.0,current_epoch_file_integrity_not_temporal_comparability
2144,0.030199999993783422,0,0.0,current_epoch_file_integrity_not_temporal_comparability
2145,0.43465000000287546,0,0.0,current_epoch_file_integrity_not_temporal_comparability
2146,0.3028199999971548,0,0.0,current_epoch_file_integrity_not_temporal_comparability
2147,-0.12800000002607703,0,0.0,current_epoch_file_integrity_not_temporal_comparability
2148,0.04155000000173459,0,0.0,current_epoch_file_integrity_not_temporal_comparability
2149,-0.21714999999676365,0,0.0,current_epoch_file_integrity_not_temporal_comparability
2150,0.40549999999348074,0,0.0,current_epoch_file_integrity_not_temporal_comparability
2151,-0.3947000000043772,0,0.0,current_epoch_file_integrity_not_temporal_comparability
2152,-0.21446000000287313,0,0.0,current_epoch_file_integrity_not_temporal_comparability
2153,0.45459000000118976,0,0.0,current_epoch_file_integrity_not_temporal_comparability
2154,-0.2712600000013481,0,0.0,current_epoch_file_integrity_not_temporal_comparability
2155,-0.20779999997466803,0,0.0,current_epoch_file_integrity_not_temporal_comparability
2156,-0.4474999999947613,0,0.0,current_epoch_file_integrity_not_temporal_comparability
2157,-0.15482999999949243,0,0.0,current_epoch_file_integrity_not_temporal_comparability
2158,-0.12498999999661464,0,0.0,current_epoch_file_integrity_not_temporal_comparability
2159,-0.09891000000061467,0,0.0,current_epoch_file_integrity_not_temporal_comparability
2160,-0.293500000028871,0,0.0,current_epoch_file_integrity_not_temporal_comparability
2161,-0.20733000000473112,0,0.0,current_epoch_file_integrity_not_temporal_comparability
2162,-0.30921000000671484,0,0.0,current_epoch_file_integrity_not_temporal_comparability
2163,0.4907600000005914,0,0.0,current_epoch_file_integrity_not_temporal_comparability
2164,0.42366000000038184,0,0.0,current_epoch_file_integrity_not_temporal_comparability
2165,0.3366000000096392,0,0.0,current_epoch_file_integrity_not_temporal_comparability
2166,-0.158899999994901,0,0.0,current_epoch_file_integrity_not_temporal_comparability
2167,-0.24040000000968575,0,0.0,current_epoch_file_integrity_not_temporal_comparability
2168,0.45380000000295695,0,0.0,current_epoch_file_integrity_not_temporal_comparability
2169,-0.20626000000629574,0,0.0,current_epoch_file_integrity_not_temporal_comparability
2170,0.2694999999948777,0,0.0,current_epoch_file_integrity_not_temporal_comparability
2171,-0.1699999999254942,0,0.0,current_epoch_file_integrity_not_temporal_comparability
2172,0.16839999999501742,0,0.0,current_epoch_file_integrity_not_temporal_comparability
2173,0.37853000000177417,0,0.0,current_epoch_file_integrity_not_temporal_comparability
2174,0.28431000000273343,0,0.0,current_epoch_file_integrity_not_temporal_comparability
2175,-0.35190000000875443,0,0.0,current_epoch_file_integrity_not_temporal_comparability
2176,0.20329999999376014,0,0.0,current_epoch_file_integrity_not_temporal_comparability
2177,-0.41130999999586493,0,0.0,current_epoch_file_integrity_not_temporal_comparability
2178,-0.48549000000639353,0,0.0,current_epoch_file_integrity_not_temporal_comparability
2179,-0.12053000000014435,0,0.0,current_epoch_file_integrity_not_temporal_comparability
2180,-0.19010000000707805,0,0.0,current_epoch_file_integrity_not_temporal_comparability
2181,-0.4295999999740161,0,0.0,current_epoch_file_integrity_not_temporal_comparability
2182,-0.24929999999585561,0,0.0,current_epoch_file_integrity_not_temporal_comparability
2183,0.25260000000707805,0,0.0,current_epoch_file_integrity_not_temporal_comparability
2184,0.02216999999654945,0,0.0,current_epoch_file_integrity_not_temporal_comparability
2185,-0.15350000000034925,0,0.0,current_epoch_file_integrity_not_temporal_comparability
2186,0.3007000000216067,0,0.0,current_epoch_file_integrity_not_temporal_comparability
2187,0.22173999999358784,0,0.0,current_epoch_file_integrity_not_temporal_comparability
2188,-0.4494999999878928,0,0.0,current_epoch_file_integrity_not_temporal_comparability
2189,0.0010000000038417056,0,0.0,current_epoch_file_integrity_not_temporal_comparability
2190,0.3287500000005821,0,0.0,current_epoch_file_integrity_not_temporal_comparability
2191,0.4756999999517575,0,0.0,current_epoch_file_integrity_not_temporal_comparability
2192,-0.42076999999699183,0,0.0,current_epoch_file_integrity_not_temporal_comparability
2193,0.39310000000114087,0,0.0,current_epoch_file_integrity_not_temporal_comparability
2194,-0.088900000002468,0,0.0,current_epoch_file_integrity_not_temporal_comparability
2195,0.4190999999991618,0,0.0,current_epoch_file_integrity_not_temporal_comparability
2196,-0.3033900000009453,0,0.0,current_epoch_file_integrity_not_temporal_comparability
2197,-0.40614999999525025,0,0.0,current_epoch_file_integrity_not_temporal_comparability
2198,0.16729999997187406,0,0.0,current_epoch_file_integrity_not_temporal_comparability
2199,-0.4088099999935366,0,0.0,current_epoch_file_integrity_not_temporal_comparability
2200,-0.38010000000940636,0,0.0,current_epoch_file_integrity_not_temporal_comparability
2201,-0.36220000000321306,0,0.0,current_epoch_file_integrity_not_temporal_comparability
2202,-0.1054699999949662,0,0.0,current_epoch_file_integrity_not_temporal_comparability
2203,0.14199999999254942,0,0.0,current_epoch_file_integrity_not_temporal_comparability
2204,-0.37859999999636784,0,0.0,current_epoch_file_integrity_not_temporal_comparability
2205,-0.4680099999968661,0,0.0,current_epoch_file_integrity_not_temporal_comparability
2207,-0.41956999999820255,0,0.0,current_epoch_file_integrity_not_temporal_comparability
2208,-0.36697999999887543,0,0.0,current_epoch_file_integrity_not_temporal_comparability
2209,-0.4845000000059372,0,0.0,current_epoch_file_integrity_not_temporal_comparability
2210,0.34969999999157153,0,0.0,current_epoch_file_integrity_not_temporal_comparability
2211,-0.23349999997299165,0,0.0,current_epoch_file_integrity_not_temporal_comparability
2212,0.02735999999276828,0,0.0,current_epoch_file_integrity_not_temporal_comparability
2213,-0.27230000001145527,0,0.0,current_epoch_file_integrity_not_temporal_comparability
2214,-0.25030000001424924,0,0.0,current_epoch_file_integrity_not_temporal_comparability
2215,0.00841000000218628,0,0.0,current_epoch_file_integrity_not_temporal_comparability
2216,0.4309999999968568,0,0.0,current_epoch_file_integrity_not_temporal_comparability
2217,0.47419999999692664,0,0.0,current_epoch_file_integrity_not_temporal_comparability
2218,-0.32325000000128057,0,0.0,current_epoch_file_integrity_not_temporal_comparability
2219,0.033900000009452924,0,0.0,current_epoch_file_integrity_not_temporal_comparability
2220,-0.2612000000081025,0,0.0,current_epoch_file_integrity_not_temporal_comparability
2221,-0.09000000008381903,0,0.0,current_epoch_file_integrity_not_temporal_comparability
2224,0.2308000000193715,0,0.0,current_epoch_file_integrity_not_temporal_comparability
2225,0.11480000001029111,0,0.0,current_epoch_file_integrity_not_temporal_comparability
2226,0.22779999999329448,0,0.0,current_epoch_file_integrity_not_temporal_comparability
2227,-0.23382000000128755,0,0.0,current_epoch_file_integrity_not_temporal_comparability
2228,-0.385020000001532,0,0.0,current_epoch_file_integrity_not_temporal_comparability
2229,0.045480000000679865,0,0.0,current_epoch_file_integrity_not_temporal_comparability
2230,0.21950000000651926,0,0.0,current_epoch_file_integrity_not_temporal_comparability
2231,0.4005999999935739,0,0.0,current_epoch_file_integrity_not_temporal_comparability
2232,-0.0824000000138767,0,0.0,current_epoch_file_integrity_not_temporal_comparability
2233,0.350800000000163,0,0.0,current_epoch_file_integrity_not_temporal_comparability
2234,0.3094600000040373,0,0.0,current_epoch_file_integrity_not_temporal_comparability
2235,-0.24895999999716878,0,0.0,current_epoch_file_integrity_not_temporal_comparability
2236,0.0009999999892897904,0,0.0,current_epoch_file_integrity_not_temporal_comparability
2237,0.14823000000615139,0,0.0,current_epoch_file_integrity_not_temporal_comparability
2238,-0.13280000000668224,0,0.0,current_epoch_file_integrity_not_temporal_comparability
2239,0.18799999996554106,0,0.0,current_epoch_file_integrity_not_temporal_comparability
2240,-0.38641000000643544,0,0.0,current_epoch_file_integrity_not_temporal_comparability
2241,-0.2169999999459833,0,0.0,current_epoch_file_integrity_not_temporal_comparability
2242,-0.3473999999987427,0,0.0,current_epoch_file_integrity_not_temporal_comparability
2243,0.24410000001080334,0,0.0,current_epoch_file_integrity_not_temporal_comparability
2244,0.22380999999586493,0,0.0,current_epoch_file_integrity_not_temporal_comparability
2245,-0.43791999999666587,0,0.0,current_epoch_file_integrity_not_temporal_comparability
2246,-0.1907999999821186,0,0.0,current_epoch_file_integrity_not_temporal_comparability
2247,0.20222999999532476,0,0.0,current_epoch_file_integrity_not_temporal_comparability
2248,-0.0774299999975483,0,0.0,current_epoch_file_integrity_not_temporal_comparability
2249,-0.3279999999795109,0,0.0,current_epoch_file_integrity_not_temporal_comparability
2251,-0.21620000002440065,0,0.0,current_epoch_file_integrity_not_temporal_comparability
2252,-0.07299999997485429,0,0.0,current_epoch_file_integrity_not_temporal_comparability
2253,-0.22649999998975545,0,0.0,current_epoch_file_integrity_not_temporal_comparability
2254,-0.10619999999471474,0,0.0,current_epoch_file_integrity_not_temporal_comparability
2255,0.04910000000381842,0,0.0,current_epoch_file_integrity_not_temporal_comparability
2256,-0.12462000000232365,0,0.0,current_epoch_file_integrity_not_temporal_comparability
2257,-0.33550000000104774,0,0.0,current_epoch_file_integrity_not_temporal_comparability
2258,-0.13109999999869615,0,0.0,current_epoch_file_integrity_not_temporal_comparability
2259,0.4121499999964726,0,0.0,current_epoch_file_integrity_not_temporal_comparability
2260,0.3462900000013178,0,0.0,current_epoch_file_integrity_not_temporal_comparability
2261,0.02344999999331776,0,0.0,current_epoch_file_integrity_not_temporal_comparability
2262,-0.12309999999706633,0,0.0,current_epoch_file_integrity_not_temporal_comparability
2263,-0.1822999999858439,0,0.0,current_epoch_file_integrity_not_temporal_comparability
2264,-0.19699999992735684,0,0.0,current_epoch_file_integrity_not_temporal_comparability
2265,0.058470000003580935,0,0.0,current_epoch_file_integrity_not_temporal_comparability
2266,-0.03990000000339933,0,0.0,current_epoch_file_integrity_not_temporal_comparability
2267,0.34984999999869615,0,0.0,current_epoch_file_integrity_not_temporal_comparability
2268,-0.007199999992735684,0,0.0,current_epoch_file_integrity_not_temporal_comparability
2269,0.16490000000339933,0,0.0,current_epoch_file_integrity_not_temporal_comparability
2270,-0.12809999997261912,0,0.0,current_epoch_file_integrity_not_temporal_comparability
2271,-0.02457000000140397,0,0.0,current_epoch_file_integrity_not_temporal_comparability
2272,0.3040899999978137,0,0.0,current_epoch_file_integrity_not_temporal_comparability
2273,0.13861000000179047,0,0.0,current_epoch_file_integrity_not_temporal_comparability
2274,0.4904999999998836,0,0.0,current_epoch_file_integrity_not_temporal_comparability
2275,-0.4605699999956414,0,0.0,current_epoch_file_integrity_not_temporal_comparability
2276,-0.07299999985843897,0,0.0,current_epoch_file_integrity_not_temporal_comparability
2277,0.333359999996901,0,0.0,current_epoch_file_integrity_not_temporal_comparability
2278,-0.31180000002495944,0,0.0,current_epoch_file_integrity_not_temporal_comparability
2279,0.27590000000054715,0,0.0,current_epoch_file_integrity_not_temporal_comparability
2280,-0.17310000001452863,0,0.0,current_epoch_file_integrity_not_temporal_comparability
2281,0.1737999999895692,0,0.0,current_epoch_file_integrity_not_temporal_comparability
2282,-0.06070000000181608,0,0.0,current_epoch_file_integrity_not_temporal_comparability
2283,0.4116400000057183,0,0.0,current_epoch_file_integrity_not_temporal_comparability
2284,0.10099999999511056,0,0.0,current_epoch_file_integrity_not_temporal_comparability
2285,0.18712000000232365,0,0.0,current_epoch_file_integrity_not_temporal_comparability
2286,0.17070000001695007,0,0.0,current_epoch_file_integrity_not_temporal_comparability
2287,0.1804100000008475,0,0.0,current_epoch_file_integrity_not_temporal_comparability
2288,-0.3877000000065891,0,0.0,current_epoch_file_integrity_not_temporal_comparability
2289,0.2730000000447035,0,0.0,current_epoch_file_integrity_not_temporal_comparability
2290,0.14659999999275897,0,0.0,current_epoch_file_integrity_not_temporal_comparability
2291,0.34021999999822583,0,0.0,current_epoch_file_integrity_not_temporal_comparability
2293,0.08534999999392312,0,0.0,current_epoch_file_integrity_not_temporal_comparability
2294,-0.15630000000237487,0,0.0,current_epoch_file_integrity_not_temporal_comparability
2296,0.13159999999334104,0,0.0,current_epoch_file_integrity_not_temporal_comparability
2297,-0.11252999999851454,0,0.0,current_epoch_file_integrity_not_temporal_comparability
2298,-0.22430000000167638,0,0.0,current_epoch_file_integrity_not_temporal_comparability
2299,-0.14260000000649597,0,0.0,current_epoch_file_integrity_not_temporal_comparability
2300,0.2640099999989616,0,0.0,current_epoch_file_integrity_not_temporal_comparability
2301,-0.31789999999455176,0,0.0,current_epoch_file_integrity_not_temporal_comparability
2302,0.31979999999748543,0,0.0,current_epoch_file_integrity_not_temporal_comparability
2303,-0.17681000000447966,0,0.0,current_epoch_file_integrity_not_temporal_comparability
2304,0.13130000000819564,0,0.0,current_epoch_file_integrity_not_temporal_comparability
2306,-0.24600000004284084,0,0.0,current_epoch_file_integrity_not_temporal_comparability
2307,-0.10401000000274507,0,0.0,current_epoch_file_integrity_not_temporal_comparability
2309,0.13272000000142725,0,0.0,current_epoch_file_integrity_not_temporal_comparability
2310,0.2641999999759719,0,0.0,current_epoch_file_integrity_not_temporal_comparability
2311,-0.19129999994765967,0,0.0,current_epoch_file_integrity_not_temporal_comparability
2312,0.38422999999602325,0,0.0,current_epoch_file_integrity_not_temporal_comparability
2313,0.47693999999319203,0,0.0,current_epoch_file_integrity_not_temporal_comparability
2314,-0.21779999998398125,0,0.0,current_epoch_file_integrity_not_temporal_comparability
2315,-0.05999999865889549,0,0.0,current_epoch_file_integrity_not_temporal_comparability
2316,0.2010999999984051,0,0.0,current_epoch_file_integrity_not_temporal_comparability
2317,0.24020000000018626,0,0.0,current_epoch_file_integrity_not_temporal_comparability
2318,0.17140000000654254,0,0.0,current_epoch_file_integrity_not_temporal_comparability
2319,-0.29064999999536667,0,0.0,current_epoch_file_integrity_not_temporal_comparability
2320,-0.05939999999827705,0,0.0,current_epoch_file_integrity_not_temporal_comparability
2321,0.0018500000005587935,0,0.0,current_epoch_file_integrity_not_temporal_comparability
2322,0.34820000000763685,0,0.0,current_epoch_file_integrity_not_temporal_comparability
2323,0.3200000002980232,0,0.0,current_epoch_file_integrity_not_temporal_comparability
2324,0.49700000043958426,0,0.0,current_epoch_file_integrity_not_temporal_comparability
2325,-0.005499999999301508,0,0.0,current_epoch_file_integrity_not_temporal_comparability
2326,-0.15988000000652391,0,0.0,current_epoch_file_integrity_not_temporal_comparability
2327,0.16279999999096617,0,0.0,current_epoch_file_integrity_not_temporal_comparability
2328,0.14389999999548309,0,0.0,current_epoch_file_integrity_not_temporal_comparability
2330,-0.008589999997639097,0,0.0,current_epoch_file_integrity_not_temporal_comparability
2331,-0.0625,0,0.0,current_epoch_file_integrity_not_temporal_comparability
2332,-0.3359000000054948,0,0.0,current_epoch_file_integrity_not_temporal_comparability
2333,0.1192700000028708,0,0.0,current_epoch_file_integrity_not_temporal_comparability
2334,-0.39099999982863665,0,0.0,current_epoch_file_integrity_not_temporal_comparability
2335,-0.4150000000372529,0,0.0,current_epoch_file_integrity_not_temporal_comparability
2336,0.4121000000013737,0,0.0,current_epoch_file_integrity_not_temporal_comparability
2337,-0.13315999999758787,0,0.0,current_epoch_file_integrity_not_temporal_comparability
2338,-0.4611000000149943,0,0.0,current_epoch_file_integrity_not_temporal_comparability
2339,0.10599999999976717,0,0.0,current_epoch_file_integrity_not_temporal_comparability
2340,-0.40688999999838416,0,0.0,current_epoch_file_integrity_not_temporal_comparability
2341,0.17770000000018626,0,0.0,current_epoch_file_integrity_not_temporal_comparability
2342,0.18409999999857973,0,0.0,current_epoch_file_integrity_not_temporal_comparability
2343,-0.2646600000007311,0,0.0,current_epoch_file_integrity_not_temporal_comparability
2344,-0.009359999996377155,0,0.0,current_epoch_file_integrity_not_temporal_comparability
2345,-0.399120000001858,0,0.0,current_epoch_file_integrity_not_temporal_comparability
2346,-0.42246999999770196,0,0.0,current_epoch_file_integrity_not_temporal_comparability
2347,-0.49989999999525025,0,0.0,current_epoch_file_integrity_not_temporal_comparability
2348,0.42435999999725027,0,0.0,current_epoch_file_integrity_not_temporal_comparability
2349,0.15280000001075678,0,0.0,current_epoch_file_integrity_not_temporal_comparability
2350,0.202900000003865,0,0.0,current_epoch_file_integrity_not_temporal_comparability
2351,-0.10777000000234693,0,0.0,current_epoch_file_integrity_not_temporal_comparability
2352,0.4508999999961816,0,0.0,current_epoch_file_integrity_not_temporal_comparability
2353,-0.18710000001010485,0,0.0,current_epoch_file_integrity_not_temporal_comparability
2354,0.07950000000710133,0,0.0,current_epoch_file_integrity_not_temporal_comparability
2355,-0.22354999999515712,0,0.0,current_epoch_file_integrity_not_temporal_comparability
2356,-0.0027000000118277967,0,0.0,current_epoch_file_integrity_not_temporal_comparability
2357,0.30520999999862397,0,0.0,current_epoch_file_integrity_not_temporal_comparability
2358,0.2697000000043772,0,0.0,current_epoch_file_integrity_not_temporal_comparability
2359,0.24699999997392297,0,0.0,current_epoch_file_integrity_not_temporal_comparability
2360,0.05790000001434237,0,0.0,current_epoch_file_integrity_not_temporal_comparability
2361,0.39280000000144355,0,0.0,current_epoch_file_integrity_not_temporal_comparability
2362,-0.45600000000558794,0,0.0,current_epoch_file_integrity_not_temporal_comparability
2363,0.4594700000016019,0,0.0,current_epoch_file_integrity_not_temporal_comparability
2364,-0.11539999999513384,0,0.0,current_epoch_file_integrity_not_temporal_comparability
2365,0.49040000000968575,0,0.0,current_epoch_file_integrity_not_temporal_comparability
2366,-0.34799999999813735,0,0.0,current_epoch_file_integrity_not_temporal_comparability
2367,-0.16075999999884516,0,0.0,current_epoch_file_integrity_not_temporal_comparability
2368,-0.23077999999804888,0,0.0,current_epoch_file_integrity_not_temporal_comparability
2369,0.027800000039860606,0,0.0,current_epoch_file_integrity_not_temporal_comparability
2371,-0.42690000000584405,0,0.0,current_epoch_file_integrity_not_temporal_comparability
2372,0.0488100000002305,0,0.0,current_epoch_file_integrity_not_temporal_comparability
2373,0.19152999999641906,0,0.0,current_epoch_file_integrity_not_temporal_comparability
2374,0.35485000000335276,0,0.0,current_epoch_file_integrity_not_temporal_comparability
2375,-0.051030000002356246,0,0.0,current_epoch_file_integrity_not_temporal_comparability
2376,0.4833400000061374,0,0.0,current_epoch_file_integrity_not_temporal_comparability
2377,0.17429999995511025,0,0.0,current_epoch_file_integrity_not_temporal_comparability
2378,-0.35186999999859836,0,0.0,current_epoch_file_integrity_not_temporal_comparability
2379,0.4011999999929685,0,0.0,current_epoch_file_integrity_not_temporal_comparability
2380,0.3591000000014901,0,0.0,current_epoch_file_integrity_not_temporal_comparability
2381,0.29810000001452863,0,0.0,current_epoch_file_integrity_not_temporal_comparability
2382,0.4486999999935506,0,0.0,current_epoch_file_integrity_not_temporal_comparability
2383,-0.37541999999666587,0,0.0,current_epoch_file_integrity_not_temporal_comparability
2384,-0.48989999998593703,0,0.0,current_epoch_file_integrity_not_temporal_comparability
2385,-0.38610000000335276,0,0.0,current_epoch_file_integrity_not_temporal_comparability
2386,0.027679999999236315,0,0.0,current_epoch_file_integrity_not_temporal_comparability
2387,-0.31780000001890585,0,0.0,current_epoch_file_integrity_not_temporal_comparability
2388,-0.28594000000157394,0,0.0,current_epoch_file_integrity_not_temporal_comparability
2389,-0.46589999995194376,0,0.0,current_epoch_file_integrity_not_temporal_comparability
2390,0.09913000000233296,0,0.0,current_epoch_file_integrity_not_temporal_comparability
2391,0.1812999999965541,0,0.0,current_epoch_file_integrity_not_temporal_comparability
2392,-0.4972999999881722,0,0.0,current_epoch_file_integrity_not_temporal_comparability
2393,-0.2385000000067521,0,0.0,current_epoch_file_integrity_not_temporal_comparability
2394,-0.21489999999903375,0,0.0,current_epoch_file_integrity_not_temporal_comparability
2395,-0.3276999999943655,0,0.0,current_epoch_file_integrity_not_temporal_comparability
2396,0.05289999999513384,0,0.0,current_epoch_file_integrity_not_temporal_comparability
2397,-0.4416700000001583,0,0.0,current_epoch_file_integrity_not_temporal_comparability
2398,0.47269999999844003,0,0.0,current_epoch_file_integrity_not_temporal_comparability
2399,0.15599999998812564,0,0.0,current_epoch_file_integrity_not_temporal_comparability
2400,-0.07114000000001397,0,0.0,current_epoch_file_integrity_not_temporal_comparability
2401,-0.4342000000178814,0,0.0,current_epoch_file_integrity_not_temporal_comparability
2402,-0.35570000000006985,0,0.0,current_epoch_file_integrity_not_temporal_comparability
2403,0.044600000022910535,0,0.0,current_epoch_file_integrity_not_temporal_comparability
2404,0.40750000000116415,0,0.0,current_epoch_file_integrity_not_temporal_comparability
2405,0.37498999999661464,0,0.0,current_epoch_file_integrity_not_temporal_comparability
2406,-0.19500000000698492,0,0.0,current_epoch_file_integrity_not_temporal_comparability
2407,-0.28267000000050757,0,0.0,current_epoch_file_integrity_not_temporal_comparability
2408,-0.3380999999935739,0,0.0,current_epoch_file_integrity_not_temporal_comparability
2409,-0.32263000000239117,0,0.0,current_epoch_file_integrity_not_temporal_comparability
2410,-0.22700000001350418,0,0.0,current_epoch_file_integrity_not_temporal_comparability
2411,0.3644999999960419,0,0.0,current_epoch_file_integrity_not_temporal_comparability
2412,-0.4733399999968242,0,0.0,current_epoch_file_integrity_not_temporal_comparability
2413,0.37986999999702675,0,0.0,current_epoch_file_integrity_not_temporal_comparability
2414,-0.47955000000365544,0,0.0,current_epoch_file_integrity_not_temporal_comparability
2415,-0.3021000000007916,0,0.0,current_epoch_file_integrity_not_temporal_comparability
2416,-0.1461999999883119,0,0.0,current_epoch_file_integrity_not_temporal_comparability
2417,0.13352000000304542,0,0.0,current_epoch_file_integrity_not_temporal_comparability
2418,-0.08796000000438653,0,0.0,current_epoch_file_integrity_not_temporal_comparability
2419,-0.3263699999952223,0,0.0,current_epoch_file_integrity_not_temporal_comparability
2420,-0.13014999999722932,0,0.0,current_epoch_file_integrity_not_temporal_comparability
2421,0.35684000000037486,0,0.0,current_epoch_file_integrity_not_temporal_comparability
2422,-0.41349999999511056,0,0.0,current_epoch_file_integrity_not_temporal_comparability
2423,0.11830000000190921,0,0.0,current_epoch_file_integrity_not_temporal_comparability
2424,0.11156000000482891,0,0.0,current_epoch_file_integrity_not_temporal_comparability
2425,0.061569999998027924,0,0.0,current_epoch_file_integrity_not_temporal_comparability
2426,-0.21080000000074506,0,0.0,current_epoch_file_integrity_not_temporal_comparability
2427,0.03764000000228407,0,0.0,current_epoch_file_integrity_not_temporal_comparability
2428,-0.1162999999942258,0,0.0,current_epoch_file_integrity_not_temporal_comparability
2429,-0.42506000000139466,0,0.0,current_epoch_file_integrity_not_temporal_comparability
2430,0.14186000000336207,0,0.0,current_epoch_file_integrity_not_temporal_comparability
2431,-0.2604999999748543,0,0.0,current_epoch_file_integrity_not_temporal_comparability
2432,-0.3627299999934621,0,0.0,current_epoch_file_integrity_not_temporal_comparability
2433,0.060200000007171184,0,0.0,current_epoch_file_integrity_not_temporal_comparability
2434,-0.3305099999997765,0,0.0,current_epoch_file_integrity_not_temporal_comparability
2435,-0.07517999999981839,0,0.0,current_epoch_file_integrity_not_temporal_comparability
2436,0.3550999999861233,0,0.0,current_epoch_file_integrity_not_temporal_comparability
2437,0.47520000000076834,0,0.0,current_epoch_file_integrity_not_temporal_comparability
2438,-0.27120000001741573,0,0.0,current_epoch_file_integrity_not_temporal_comparability
2439,0.4019200000038836,0,0.0,current_epoch_file_integrity_not_temporal_comparability
2440,-0.14110000000800937,0,0.0,current_epoch_file_integrity_not_temporal_comparability
2441,0.10244000000238884,0,0.0,current_epoch_file_integrity_not_temporal_comparability
2442,-0.48099999999976717,0,0.0,current_epoch_file_integrity_not_temporal_comparability
2443,0.08179999998537824,0,0.0,current_epoch_file_integrity_not_temporal_comparability
2444,0.08990000002086163,0,0.0,current_epoch_file_integrity_not_temporal_comparability
2445,-0.2773000000161119,0,0.0,current_epoch_file_integrity_not_temporal_comparability
2446,0.47469999999157153,0,0.0,current_epoch_file_integrity_not_temporal_comparability
2447,-0.16190000000642613,0,0.0,current_epoch_file_integrity_not_temporal_comparability
2448,0.04199999989941716,0,0.0,current_epoch_file_integrity_not_temporal_comparability
2449,-0.014230000000679865,0,0.0,current_epoch_file_integrity_not_temporal_comparability
2450,0.44183999999950174,0,0.0,current_epoch_file_integrity_not_temporal_comparability
2452,0.18419999998877756,0,0.0,current_epoch_file_integrity_not_temporal_comparability
2453,-0.21422999999776948,0,0.0,current_epoch_file_integrity_not_temporal_comparability
2454,0.41929999995045364,0,0.0,current_epoch_file_integrity_not_temporal_comparability
2455,0.3168000000005122,0,0.0,current_epoch_file_integrity_not_temporal_comparability
2456,-0.22591000000102213,0,0.0,current_epoch_file_integrity_not_temporal_comparability
2457,-0.26999999955296516,0,0.0,current_epoch_file_integrity_not_temporal_comparability
2458,0.3022599999967497,0,0.0,current_epoch_file_integrity_not_temporal_comparability
2459,-0.4288200000009965,0,0.0,current_epoch_file_integrity_not_temporal_comparability
2460,-0.1499199999962002,0,0.0,current_epoch_file_integrity_not_temporal_comparability
2461,0.18239999999059364,0,0.0,current_epoch_file_integrity_not_temporal_comparability
2462,-0.2228599999943981,0,0.0,current_epoch_file_integrity_not_temporal_comparability
2463,-0.21210000000428408,0,0.0,current_epoch_file_integrity_not_temporal_comparability
2464,0.42858999999589287,0,0.0,current_epoch_file_integrity_not_temporal_comparability
2465,-0.34200000000419095,0,0.0,current_epoch_file_integrity_not_temporal_comparability
2466,-0.13189999999303836,0,0.0,current_epoch_file_integrity_not_temporal_comparability
2467,-0.4751600000017788,0,0.0,current_epoch_file_integrity_not_temporal_comparability
2468,0.21269000000029337,0,0.0,current_epoch_file_integrity_not_temporal_comparability
2469,-0.33374000000185333,0,0.0,current_epoch_file_integrity_not_temporal_comparability
2470,-0.2691000000049826,0,0.0,current_epoch_file_integrity_not_temporal_comparability
2471,-0.07099999999627471,0,0.0,current_epoch_file_integrity_not_temporal_comparability
2472,-0.36690000002272427,0,0.0,current_epoch_file_integrity_not_temporal_comparability
2473,-0.08705000000190921,0,0.0,current_epoch_file_integrity_not_temporal_comparability
2474,-0.3313800000032643,0,0.0,current_epoch_file_integrity_not_temporal_comparability
2475,-0.18884999999863794,0,0.0,current_epoch_file_integrity_not_temporal_comparability
2476,0.3618999999889638,0,0.0,current_epoch_file_integrity_not_temporal_comparability
2478,-0.08494999999675201,0,0.0,current_epoch_file_integrity_not_temporal_comparability
2479,0.16349999999511056,0,0.0,current_epoch_file_integrity_not_temporal_comparability
2480,-0.19426000000385102,0,0.0,current_epoch_file_integrity_not_temporal_comparability
2481,0.09071999999287073,0,0.0,current_epoch_file_integrity_not_temporal_comparability
2482,0.23499999998603016,0,0.0,current_epoch_file_integrity_not_temporal_comparability
2483,-0.08619999999064021,0,0.0,current_epoch_file_integrity_not_temporal_comparability
2484,-0.4750599999970291,0,0.0,current_epoch_file_integrity_not_temporal_comparability
2485,-0.37140000000363216,0,0.0,current_epoch_file_integrity_not_temporal_comparability
2486,-0.4386999999987893,0,0.0,current_epoch_file_integrity_not_temporal_comparability
2487,0.2353399999992689,0,0.0,current_epoch_file_integrity_not_temporal_comparability
2488,-0.12189999999827705,0,0.0,current_epoch_file_integrity_not_temporal_comparability
2489,-0.12810000000172295,0,0.0,current_epoch_file_integrity_not_temporal_comparability
2490,-0.48319999998784624,0,0.0,current_epoch_file_integrity_not_temporal_comparability
2491,-0.30874999999650754,0,0.0,current_epoch_file_integrity_not_temporal_comparability
2492,0.29170000000158325,0,0.0,current_epoch_file_integrity_not_temporal_comparability
2493,0.3838300000061281,0,0.0,current_epoch_file_integrity_not_temporal_comparability
2494,-0.21100000001024455,0,0.0,current_epoch_file_integrity_not_temporal_comparability
2495,0.46199999999953434,0,0.0,current_epoch_file_integrity_not_temporal_comparability
2496,0.0328999999910593,0,0.0,current_epoch_file_integrity_not_temporal_comparability
2497,-0.34699999999429565,0,0.0,current_epoch_file_integrity_not_temporal_comparability
2498,0.038809999998193234,0,0.0,current_epoch_file_integrity_not_temporal_comparability
2499,0.07588999999279622,0,0.0,current_epoch_file_integrity_not_temporal_comparability
2500,0.1902399999962654,0,0.0,current_epoch_file_integrity_not_temporal_comparability
2501,-0.003899999996065162,0,0.0,current_epoch_file_integrity_not_temporal_comparability
2502,-0.1857799999997951,0,0.0,current_epoch_file_integrity_not_temporal_comparability
2504,-0.28510999999707565,0,0.0,current_epoch_file_integrity_not_temporal_comparability
2505,-0.19380000000091968,0,0.0,current_epoch_file_integrity_not_temporal_comparability
2506,-0.03614999999990687,0,0.0,current_epoch_file_integrity_not_temporal_comparability
2507,0.22982000000047265,0,0.0,current_epoch_file_integrity_not_temporal_comparability
2508,-0.05579999997280538,0,0.0,current_epoch_file_integrity_not_temporal_comparability
2509,-0.3354700000054436,0,0.0,current_epoch_file_integrity_not_temporal_comparability
2510,-0.2805999999982305,0,0.0,current_epoch_file_integrity_not_temporal_comparability
2511,0.4815099999977974,0,0.0,current_epoch_file_integrity_not_temporal_comparability
2512,0.4662000000025728,0,0.0,current_epoch_file_integrity_not_temporal_comparability
2513,-0.2017900000064401,0,0.0,current_epoch_file_integrity_not_temporal_comparability
2514,0.2554000000236556,0,0.0,current_epoch_file_integrity_not_temporal_comparability
2515,-0.07159999999566935,0,0.0,current_epoch_file_integrity_not_temporal_comparability
2516,-0.4567899999965448,0,0.0,current_epoch_file_integrity_not_temporal_comparability
2517,-0.41770000000542495,0,0.0,current_epoch_file_integrity_not_temporal_comparability
2518,-0.3560999999754131,0,0.0,current_epoch_file_integrity_not_temporal_comparability
2519,0.40802000000257976,0,0.0,current_epoch_file_integrity_not_temporal_comparability
2520,0.39826999999786494,0,0.0,current_epoch_file_integrity_not_temporal_comparability
2521,0.1344600000011269,0,0.0,current_epoch_file_integrity_not_temporal_comparability
2522,-0.23871999999391846,0,0.0,current_epoch_file_integrity_not_temporal_comparability
2524,-0.38237999999546446,0,0.0,current_epoch_file_integrity_not_temporal_comparability
2526,-0.08174999999755528,0,0.0,current_epoch_file_integrity_not_temporal_comparability
2527,0.24830000000656582,0,0.0,current_epoch_file_integrity_not_temporal_comparability
2528,0.029399999999441206,0,0.0,current_epoch_file_integrity_not_temporal_comparability
2529,-0.4850099999966915,0,0.0,current_epoch_file_integrity_not_temporal_comparability
2530,0.26230000000214204,0,0.0,current_epoch_file_integrity_not_temporal_comparability
2531,-0.29359999999724096,0,0.0,current_epoch_file_integrity_not_temporal_comparability
2532,-0.1992000000027474,0,0.0,current_epoch_file_integrity_not_temporal_comparability
2533,0.0560000000114087,0,0.0,current_epoch_file_integrity_not_temporal_comparability
2534,-0.30952999999863096,0,0.0,current_epoch_file_integrity_not_temporal_comparability
2535,-0.43290000001434237,0,0.0,current_epoch_file_integrity_not_temporal_comparability
2536,-0.09158999999635853,0,0.0,current_epoch_file_integrity_not_temporal_comparability
2537,0.4723999999696389,0,0.0,current_epoch_file_integrity_not_temporal_comparability
2538,0.11410000000614673,0,0.0,current_epoch_file_integrity_not_temporal_comparability
2539,0.4678399999975227,0,0.0,current_epoch_file_integrity_not_temporal_comparability
2540,-0.08280000000377186,0,0.0,current_epoch_file_integrity_not_temporal_comparability
2541,-0.2402799999981653,0,0.0,current_epoch_file_integrity_not_temporal_comparability
2542,-0.3888999999908265,0,0.0,current_epoch_file_integrity_not_temporal_comparability
2543,-0.19576999999844702,0,0.0,current_epoch_file_integrity_not_temporal_comparability
2544,0.1299999998882413,0,0.0,current_epoch_file_integrity_not_temporal_comparability
2545,-0.22970000002533197,0,0.0,current_epoch_file_integrity_not_temporal_comparability
2546,-0.28570000000763685,0,0.0,current_epoch_file_integrity_not_temporal_comparability
2547,0.034220000001369044,0,0.0,current_epoch_file_integrity_not_temporal_comparability
2548,-0.26550000000861473,0,0.0,current_epoch_file_integrity_not_temporal_comparability
2549,-0.48560000001452863,0,0.0,current_epoch_file_integrity_not_temporal_comparability
2550,0.021730000000388827,0,0.0,current_epoch_file_integrity_not_temporal_comparability
2551,0.3954899999953341,0,0.0,current_epoch_file_integrity_not_temporal_comparability
2552,-0.08963000000221655,0,0.0,current_epoch_file_integrity_not_temporal_comparability
2553,0.29121999999915715,0,0.0,current_epoch_file_integrity_not_temporal_comparability
2554,-0.23980000000301516,0,0.0,current_epoch_file_integrity_not_temporal_comparability
2555,0.37739999999757856,0,0.0,current_epoch_file_integrity_not_temporal_comparability
2556,-0.1790000000037253,0,0.0,current_epoch_file_integrity_not_temporal_comparability
2557,0.07476000000315253,0,0.0,current_epoch_file_integrity_not_temporal_comparability
2558,-0.352199999964796,0,0.0,current_epoch_file_integrity_not_temporal_comparability
2559,-0.4875999999931082,0,0.0,current_epoch_file_integrity_not_temporal_comparability
2560,0.05078999999386724,0,0.0,current_epoch_file_integrity_not_temporal_comparability
2561,0.018830000000889413,0,0.0,current_epoch_file_integrity_not_temporal_comparability
2562,-0.40558999999484513,0,0.0,current_epoch_file_integrity_not_temporal_comparability
2563,-0.10562000000209082,0,0.0,current_epoch_file_integrity_not_temporal_comparability
2565,0.25166999999783,0,0.0,current_epoch_file_integrity_not_temporal_comparability
2566,-0.15234000000054948,0,0.0,current_epoch_file_integrity_not_temporal_comparability
2567,-0.06090000001131557,0,0.0,current_epoch_file_integrity_not_temporal_comparability
2568,-0.10452999999688473,0,0.0,current_epoch_file_integrity_not_temporal_comparability
2569,-0.14390999999886844,0,0.0,current_epoch_file_integrity_not_temporal_comparability
2570,-0.24820000000181608,0,0.0,current_epoch_file_integrity_not_temporal_comparability
2571,0.3095999999786727,0,0.0,current_epoch_file_integrity_not_temporal_comparability
2572,-0.021300000000337604,0,0.0,current_epoch_file_integrity_not_temporal_comparability
2573,0.17610000004060566,0,0.0,current_epoch_file_integrity_not_temporal_comparability
2574,-0.09037999999418389,0,0.0,current_epoch_file_integrity_not_temporal_comparability
2575,-0.14650000003166497,0,0.0,current_epoch_file_integrity_not_temporal_comparability
2576,-0.44999999925494194,0,0.0,current_epoch_file_integrity_not_temporal_comparability
2577,-0.16810000000987202,0,0.0,current_epoch_file_integrity_not_temporal_comparability
2578,0.33034999999654246,0,0.0,current_epoch_file_integrity_not_temporal_comparability
2579,0.11170999999740161,0,0.0,current_epoch_file_integrity_not_temporal_comparability
2580,-0.16579999998793937,0,0.0,current_epoch_file_integrity_not_temporal_comparability
2581,-0.3570999999938067,0,0.0,current_epoch_file_integrity_not_temporal_comparability
2582,-0.2382999999972526,0,0.0,current_epoch_file_integrity_not_temporal_comparability
2583,-0.03528999999980442,0,0.0,current_epoch_file_integrity_not_temporal_comparability
2584,-0.37995000000228174,0,0.0,current_epoch_file_integrity_not_temporal_comparability
2585,0.15382000000681728,0,0.0,current_epoch_file_integrity_not_temporal_comparability
2586,0.4198800000012852,0,0.0,current_epoch_file_integrity_not_temporal_comparability
2587,-0.14976000000024214,0,0.0,current_epoch_file_integrity_not_temporal_comparability
2588,0.14965000000665896,0,0.0,current_epoch_file_integrity_not_temporal_comparability
2589,0.32409999999799766,0,0.0,current_epoch_file_integrity_not_temporal_comparability
2590,0.16769999999087304,0,0.0,current_epoch_file_integrity_not_temporal_comparability
2591,0.20702999999775784,0,0.0,current_epoch_file_integrity_not_temporal_comparability
2592,-0.3152000000118278,0,0.0,current_epoch_file_integrity_not_temporal_comparability
2593,0.18183000000135507,0,0.0,current_epoch_file_integrity_not_temporal_comparability
2594,0.17570000002160668,0,0.0,current_epoch_file_integrity_not_temporal_comparability
2595,-0.2786599999963073,0,0.0,current_epoch_file_integrity_not_temporal_comparability
2596,0.47200000000884756,0,0.0,current_epoch_file_integrity_not_temporal_comparability
2597,-0.08400000003166497,0,0.0,current_epoch_file_integrity_not_temporal_comparability
2598,-0.44284999999945285,0,0.0,current_epoch_file_integrity_not_temporal_comparability
2599,-0.2748000000137836,0,0.0,current_epoch_file_integrity_not_temporal_comparability
2600,-0.4780999999929918,0,0.0,current_epoch_file_integrity_not_temporal_comparability
2601,0.0925100000022212,0,0.0,current_epoch_file_integrity_not_temporal_comparability
2602,0.14800000000104774,0,0.0,current_epoch_file_integrity_not_temporal_comparability
2603,-0.043000000005122274,0,0.0,current_epoch_file_integrity_not_temporal_comparability
2604,0.43640000000596046,0,0.0,current_epoch_file_integrity_not_temporal_comparability
2605,0.35635000000183936,0,0.0,current_epoch_file_integrity_not_temporal_comparability
2606,-0.2753099999972619,0,0.0,current_epoch_file_integrity_not_temporal_comparability
2607,-0.4386999999987893,0,0.0,current_epoch_file_integrity_not_temporal_comparability
2608,0.001229999994393438,0,0.0,current_epoch_file_integrity_not_temporal_comparability
2609,-0.48883999999816297,0,0.0,current_epoch_file_integrity_not_temporal_comparability
2610,-0.2164000000047963,0,0.0,current_epoch_file_integrity_not_temporal_comparability
2611,-0.07751999999891268,0,0.0,current_epoch_file_integrity_not_temporal_comparability
2612,0.03065999999671476,0,0.0,current_epoch_file_integrity_not_temporal_comparability
2613,-0.06469999998807907,0,0.0,current_epoch_file_integrity_not_temporal_comparability
2614,-0.2850999999791384,0,0.0,current_epoch_file_integrity_not_temporal_comparability
2615,-0.24589999999443535,0,0.0,current_epoch_file_integrity_not_temporal_comparability
2616,0.44709999999031425,0,0.0,current_epoch_file_integrity_not_temporal_comparability
2617,0.07139999998616986,0,0.0,current_epoch_file_integrity_not_temporal_comparability
2618,-0.28220000001601875,0,0.0,current_epoch_file_integrity_not_temporal_comparability
2619,-0.10188000000198372,0,0.0,current_epoch_file_integrity_not_temporal_comparability
2620,-0.30275000000256114,0,0.0,current_epoch_file_integrity_not_temporal_comparability
2621,0.42032999999355525,0,0.0,current_epoch_file_integrity_not_temporal_comparability
2622,-0.3470600000000559,0,0.0,current_epoch_file_integrity_not_temporal_comparability
2623,0.2975399999995716,0,0.0,current_epoch_file_integrity_not_temporal_comparability
2624,0.36499000000185333,0,0.0,current_epoch_file_integrity_not_temporal_comparability
2625,-0.3359000000054948,0,0.0,current_epoch_file_integrity_not_temporal_comparability
2626,-0.4303199999994831,0,0.0,current_epoch_file_integrity_not_temporal_comparability
2627,-0.21470000001136214,0,0.0,current_epoch_file_integrity_not_temporal_comparability
2628,0.1994999999878928,0,0.0,current_epoch_file_integrity_not_temporal_comparability
2629,-0.11209999999846332,0,0.0,current_epoch_file_integrity_not_temporal_comparability
2630,0.11710000000311993,0,0.0,current_epoch_file_integrity_not_temporal_comparability
2631,0.32858000000123866,0,0.0,current_epoch_file_integrity_not_temporal_comparability
2632,0.06915999999910127,0,0.0,current_epoch_file_integrity_not_temporal_comparability
2633,0.3132000000041444,0,0.0,current_epoch_file_integrity_not_temporal_comparability
2634,-0.09409999998752028,0,0.0,current_epoch_file_integrity_not_temporal_comparability
2635,-0.04000000000814907,0,0.0,current_epoch_file_integrity_not_temporal_comparability
2636,-0.26141000000643544,0,0.0,current_epoch_file_integrity_not_temporal_comparability
2637,0.07000000029802322,0,0.0,current_epoch_file_integrity_not_temporal_comparability
2638,-0.25798999999824446,0,0.0,current_epoch_file_integrity_not_temporal_comparability
2639,0.2942999999941094,0,0.0,current_epoch_file_integrity_not_temporal_comparability
2640,0.2382999999972526,0,0.0,current_epoch_file_integrity_not_temporal_comparability
2641,0.2504999999946449,0,0.0,current_epoch_file_integrity_not_temporal_comparability
2642,-0.11045999999623746,0,0.0,current_epoch_file_integrity_not_temporal_comparability
2643,-0.18467999999847962,0,0.0,current_epoch_file_integrity_not_temporal_comparability
2644,0.07158000000345055,0,0.0,current_epoch_file_integrity_not_temporal_comparability
2645,0.1040800000046147,0,0.0,current_epoch_file_integrity_not_temporal_comparability
2646,-0.0025599999935366213,0,0.0,current_epoch_file_integrity_not_temporal_comparability
2647,0.030530000003636815,0,0.0,current_epoch_file_integrity_not_temporal_comparability
2648,-0.10500000001047738,0,0.0,current_epoch_file_integrity_not_temporal_comparability
2649,-0.11531000000104541,0,0.0,current_epoch_file_integrity_not_temporal_comparability
2650,-0.13065999999525957,0,0.0,current_epoch_file_integrity_not_temporal_comparability
2651,0.2431700000015553,0,0.0,current_epoch_file_integrity_not_temporal_comparability
2652,0.4604000000108499,0,0.0,current_epoch_file_integrity_not_temporal_comparability
2654,-0.17948000000615139,0,0.0,current_epoch_file_integrity_not_temporal_comparability
2655,-0.1093000000109896,0,0.0,current_epoch_file_integrity_not_temporal_comparability
2656,0.35543999999936204,0,0.0,current_epoch_file_integrity_not_temporal_comparability
2657,0.05289999999513384,0,0.0,current_epoch_file_integrity_not_temporal_comparability
2658,-0.2515500000008615,0,0.0,current_epoch_file_integrity_not_temporal_comparability
2659,0.1430000001564622,0,0.0,current_epoch_file_integrity_not_temporal_comparability
2660,0.35790000000270084,0,0.0,current_epoch_file_integrity_not_temporal_comparability
2661,-0.31339999999909196,0,0.0,current_epoch_file_integrity_not_temporal_comparability
2662,0.12245999999868218,0,0.0,current_epoch_file_integrity_not_temporal_comparability
2663,0.24580000000423752,0,0.0,current_epoch_file_integrity_not_temporal_comparability
2664,0.24517000000196276,0,0.0,current_epoch_file_integrity_not_temporal_comparability
2665,0.015699999989010394,0,0.0,current_epoch_file_integrity_not_temporal_comparability
2666,0.07082999999693129,0,0.0,current_epoch_file_integrity_not_temporal_comparability
2667,-0.47299999999813735,0,0.0,current_epoch_file_integrity_not_temporal_comparability
2668,0.04910000000381842,0,0.0,current_epoch_file_integrity_not_temporal_comparability
2669,-0.39900000000488944,0,0.0,current_epoch_file_integrity_not_temporal_comparability
2670,0.28545000000303844,0,0.0,current_epoch_file_integrity_not_temporal_comparability
2671,0.27879999997094274,0,0.0,current_epoch_file_integrity_not_temporal_comparability
2672,0.3150000000023283,0,0.0,current_epoch_file_integrity_not_temporal_comparability
2673,-0.03640000001178123,0,0.0,current_epoch_file_integrity_not_temporal_comparability
2674,-0.11336999999912223,0,0.0,current_epoch_file_integrity_not_temporal_comparability
2675,-0.21476000000257045,0,0.0,current_epoch_file_integrity_not_temporal_comparability
2676,0.35099999979138374,0,0.0,current_epoch_file_integrity_not_temporal_comparability
2677,-0.24227999999857275,0,0.0,current_epoch_file_integrity_not_temporal_comparability
2678,0.1860000000015134,0,0.0,current_epoch_file_integrity_not_temporal_comparability
2679,-0.3182999999844469,0,0.0,current_epoch_file_integrity_not_temporal_comparability
2680,-0.26059999999415595,0,0.0,current_epoch_file_integrity_not_temporal_comparability
2681,0.04674999999406282,0,0.0,current_epoch_file_integrity_not_temporal_comparability
2682,0.1576000000059139,0,0.0,current_epoch_file_integrity_not_temporal_comparability
2683,-0.4596000000019558,0,0.0,current_epoch_file_integrity_not_temporal_comparability
2684,-0.2298099999970873,0,0.0,current_epoch_file_integrity_not_temporal_comparability
2685,-0.38560000000870787,0,0.0,current_epoch_file_integrity_not_temporal_comparability
2686,-0.09604000000399537,0,0.0,current_epoch_file_integrity_not_temporal_comparability
2687,-0.057669999994686805,0,0.0,current_epoch_file_integrity_not_temporal_comparability
2688,0.2656000000133645,0,0.0,current_epoch_file_integrity_not_temporal_comparability
2689,-0.4448299999930896,0,0.0,current_epoch_file_integrity_not_temporal_comparability
2690,0.37321000000520144,0,0.0,current_epoch_file_integrity_not_temporal_comparability
2691,0.34526000000187196,0,0.0,current_epoch_file_integrity_not_temporal_comparability
2692,0.4689199999993434,0,0.0,current_epoch_file_integrity_not_temporal_comparability
2693,0.2480199999990873,0,0.0,current_epoch_file_integrity_not_temporal_comparability
2694,0.48819999999250285,0,0.0,current_epoch_file_integrity_not_temporal_comparability
2695,-0.1304000000236556,0,0.0,current_epoch_file_integrity_not_temporal_comparability
2696,0.23110000000451691,0,0.0,current_epoch_file_integrity_not_temporal_comparability
2697,-0.08299999999871943,0,0.0,current_epoch_file_integrity_not_temporal_comparability
2698,-0.28570000000763685,0,0.0,current_epoch_file_integrity_not_temporal_comparability
2699,-0.48989999998593703,0,0.0,current_epoch_file_integrity_not_temporal_comparability
2700,-0.1815000000060536,0,0.0,current_epoch_file_integrity_not_temporal_comparability
2701,0.45000000001164153,0,0.0,current_epoch_file_integrity_not_temporal_comparability
2702,0.048869999998714775,0,0.0,current_epoch_file_integrity_not_temporal_comparability
2703,-0.0590000000083819,0,0.0,current_epoch_file_integrity_not_temporal_comparability
2704,0.37960000000020955,0,0.0,current_epoch_file_integrity_not_temporal_comparability
2705,0.06630000000586733,0,0.0,current_epoch_file_integrity_not_temporal_comparability
2706,0.49006999999983236,0,0.0,current_epoch_file_integrity_not_temporal_comparability
2707,0.4511399999973946,0,0.0,current_epoch_file_integrity_not_temporal_comparability
2708,-0.030660000003990717,0,0.0,current_epoch_file_integrity_not_temporal_comparability
2709,-0.04746000000159256,0,0.0,current_epoch_file_integrity_not_temporal_comparability
2710,-0.33830999999918276,0,0.0,current_epoch_file_integrity_not_temporal_comparability
2711,0.43210000000544824,0,0.0,current_epoch_file_integrity_not_temporal_comparability
2712,0.2856600000013714,0,0.0,current_epoch_file_integrity_not_temporal_comparability
2713,0.3516299999973853,0,0.0,current_epoch_file_integrity_not_temporal_comparability
2714,-0.32325000000128057,0,0.0,current_epoch_file_integrity_not_temporal_comparability
2715,-0.09554999999818392,0,0.0,current_epoch_file_integrity_not_temporal_comparability
2717,0.16729999997187406,0,0.0,current_epoch_file_integrity_not_temporal_comparability
2718,-0.34619999999995343,0,0.0,current_epoch_file_integrity_not_temporal_comparability
2719,-0.3569100000022445,0,0.0,current_epoch_file_integrity_not_temporal_comparability
2720,0.2784000000101514,0,0.0,current_epoch_file_integrity_not_temporal_comparability
2721,0.3490999999921769,0,0.0,current_epoch_file_integrity_not_temporal_comparability
2722,-0.13197999999829335,0,0.0,current_epoch_file_integrity_not_temporal_comparability
2723,0.4084000000002561,0,0.0,current_epoch_file_integrity_not_temporal_comparability
2724,-0.12356999999610707,0,0.0,current_epoch_file_integrity_not_temporal_comparability
2725,0.0742000000027474,0,0.0,current_epoch_file_integrity_not_temporal_comparability
2726,-0.22740999999950873,0,0.0,current_epoch_file_integrity_not_temporal_comparability
2727,-0.34565999999904307,0,0.0,current_epoch_file_integrity_not_temporal_comparability
2728,0.2319699999934528,0,0.0,current_epoch_file_integrity_not_temporal_comparability
2729,0.3032600000005914,0,0.0,current_epoch_file_integrity_not_temporal_comparability
2730,-0.02072000000043772,0,0.0,current_epoch_file_integrity_not_temporal_comparability
2731,-0.2066500000000815,0,0.0,current_epoch_file_integrity_not_temporal_comparability
2732,-0.05680000002030283,0,0.0,current_epoch_file_integrity_not_temporal_comparability
2733,0.374630000005709,0,0.0,current_epoch_file_integrity_not_temporal_comparability
2734,-0.49600000004284084,0,0.0,current_epoch_file_integrity_not_temporal_comparability
2735,0.2522999999928288,0,0.0,current_epoch_file_integrity_not_temporal_comparability
2736,-0.4798999999766238,0,0.0,current_epoch_file_integrity_not_temporal_comparability
2737,-0.39897000000200933,0,0.0,current_epoch_file_integrity_not_temporal_comparability
2738,-0.38610000000335276,0,0.0,current_epoch_file_integrity_not_temporal_comparability
2739,0.38298000000213506,0,0.0,current_epoch_file_integrity_not_temporal_comparability
2740,0.3264999999955762,0,0.0,current_epoch_file_integrity_not_temporal_comparability
2741,0.442590000006021,0,0.0,current_epoch_file_integrity_not_temporal_comparability
2742,0.014699999999720603,0,0.0,current_epoch_file_integrity_not_temporal_comparability
2743,-0.35099999999511056,0,0.0,current_epoch_file_integrity_not_temporal_comparability
2744,-0.08466000000044005,0,0.0,current_epoch_file_integrity_not_temporal_comparability
2745,-0.30861999999615364,0,0.0,current_epoch_file_integrity_not_temporal_comparability
2746,0.019700000004377216,0,0.0,current_epoch_file_integrity_not_temporal_comparability
2747,-0.21600000001490116,0,0.0,current_epoch_file_integrity_not_temporal_comparability
2748,-0.030000000027939677,0,0.0,current_epoch_file_integrity_not_temporal_comparability
2749,-0.2803000000130851,0,0.0,current_epoch_file_integrity_not_temporal_comparability
2750,-0.14759999999660067,0,0.0,current_epoch_file_integrity_not_temporal_comparability
2751,0.40380000000004657,0,0.0,current_epoch_file_integrity_not_temporal_comparability
2752,0.17720000000554137,0,0.0,current_epoch_file_integrity_not_temporal_comparability
2753,-0.14175999999861233,0,0.0,current_epoch_file_integrity_not_temporal_comparability
2754,-0.21571999999287073,0,0.0,current_epoch_file_integrity_not_temporal_comparability
2755,0.3121000000028289,0,0.0,current_epoch_file_integrity_not_temporal_comparability
2756,-0.1675999999861233,0,0.0,current_epoch_file_integrity_not_temporal_comparability
2757,-0.47819999999774154,0,0.0,current_epoch_file_integrity_not_temporal_comparability
2758,0.24003999999695225,0,0.0,current_epoch_file_integrity_not_temporal_comparability
2759,-0.1820000000006985,0,0.0,current_epoch_file_integrity_not_temporal_comparability
2760,-0.4500300000072457,0,0.0,current_epoch_file_integrity_not_temporal_comparability
2761,0.07209999999031425,0,0.0,current_epoch_file_integrity_not_temporal_comparability
2762,-0.4121000000013737,0,0.0,current_epoch_file_integrity_not_temporal_comparability
2763,-0.2415000000037253,0,0.0,current_epoch_file_integrity_not_temporal_comparability
2764,-0.24020000000018626,0,0.0,current_epoch_file_integrity_not_temporal_comparability
2765,-0.4497600000031525,0,0.0,current_epoch_file_integrity_not_temporal_comparability
2766,-0.09489999999641441,0,0.0,current_epoch_file_integrity_not_temporal_comparability
2767,-0.3209999999962747,0,0.0,current_epoch_file_integrity_not_temporal_comparability
2769,-0.38089999998919666,0,0.0,current_epoch_file_integrity_not_temporal_comparability
2770,-0.2137799999982235,0,0.0,current_epoch_file_integrity_not_temporal_comparability
2771,0.11790000001201406,0,0.0,current_epoch_file_integrity_not_temporal_comparability
2772,0.25239999999757856,0,0.0,current_epoch_file_integrity_not_temporal_comparability
2773,0.11067999999795575,0,0.0,current_epoch_file_integrity_not_temporal_comparability
2774,-0.48249999998370185,0,0.0,current_epoch_file_integrity_not_temporal_comparability
2775,-0.04670000000623986,0,0.0,current_epoch_file_integrity_not_temporal_comparability
2776,-0.22370000000228174,0,0.0,current_epoch_file_integrity_not_temporal_comparability
2777,0.16247999999905005,0,0.0,current_epoch_file_integrity_not_temporal_comparability
2778,-0.19519999998738058,0,0.0,current_epoch_file_integrity_not_temporal_comparability
2779,-0.4461299999966286,0,0.0,current_epoch_file_integrity_not_temporal_comparability
2781,-0.43890000000828877,0,0.0,current_epoch_file_integrity_not_temporal_comparability
2782,0.09090000001015142,0,0.0,current_epoch_file_integrity_not_temporal_comparability
2783,-0.21684000000095693,0,0.0,current_epoch_file_integrity_not_temporal_comparability
2784,-0.4118000000016764,0,0.0,current_epoch_file_integrity_not_temporal_comparability
2785,-0.3393999999971129,0,0.0,current_epoch_file_integrity_not_temporal_comparability
2786,-0.4008400000020629,0,0.0,current_epoch_file_integrity_not_temporal_comparability
2787,0.041800000006332994,0,0.0,current_epoch_file_integrity_not_temporal_comparability
2788,-0.34777000000030966,0,0.0,current_epoch_file_integrity_not_temporal_comparability
2789,0.18260000000009313,0,0.0,current_epoch_file_integrity_not_temporal_comparability
2790,-0.24369999999180436,0,0.0,current_epoch_file_integrity_not_temporal_comparability
2791,-0.4103000000031898,0,0.0,current_epoch_file_integrity_not_temporal_comparability
2792,0.0369700000010198,0,0.0,current_epoch_file_integrity_not_temporal_comparability
2793,0.38883999999961816,0,0.0,current_epoch_file_integrity_not_temporal_comparability
2795,0.06750000000465661,0,0.0,current_epoch_file_integrity_not_temporal_comparability
2796,0.02019999999902211,0,0.0,current_epoch_file_integrity_not_temporal_comparability
2797,0.43530000001192093,0,0.0,current_epoch_file_integrity_not_temporal_comparability
2798,0.001500000013038516,0,0.0,current_epoch_file_integrity_not_temporal_comparability
2799,-0.187869999994291,0,0.0,current_epoch_file_integrity_not_temporal_comparability
2800,0.14149999999790452,0,0.0,current_epoch_file_integrity_not_temporal_comparability
2801,0.42480999999679625,0,0.0,current_epoch_file_integrity_not_temporal_comparability
2802,0.21063000000140164,0,0.0,current_epoch_file_integrity_not_temporal_comparability
2803,-0.23590000002877787,0,0.0,current_epoch_file_integrity_not_temporal_comparability
2804,-0.4776399999973364,0,0.0,current_epoch_file_integrity_not_temporal_comparability
2805,-0.14289999997708946,0,0.0,current_epoch_file_integrity_not_temporal_comparability
2806,-0.31472999999823514,0,0.0,current_epoch_file_integrity_not_temporal_comparability
2807,-0.27729999998700805,0,0.0,current_epoch_file_integrity_not_temporal_comparability
2808,0.22950000000128057,0,0.0,current_epoch_file_integrity_not_temporal_comparability
2809,-0.48149999999441206,0,0.0,current_epoch_file_integrity_not_temporal_comparability
2810,0.48739999999816064,0,0.0,current_epoch_file_integrity_not_temporal_comparability
2811,-0.01862000000255648,0,0.0,current_epoch_file_integrity_not_temporal_comparability
2812,-0.38360000000102445,0,0.0,current_epoch_file_integrity_not_temporal_comparability
2813,0.4083999999857042,0,0.0,current_epoch_file_integrity_not_temporal_comparability
2814,0.13667000000714324,0,0.0,current_epoch_file_integrity_not_temporal_comparability
2815,0.4065799999953015,0,0.0,current_epoch_file_integrity_not_temporal_comparability
2816,0.04120000000693835,0,0.0,current_epoch_file_integrity_not_temporal_comparability
2817,0.10480000000097789,0,0.0,current_epoch_file_integrity_not_temporal_comparability
2818,-0.4510200000004261,0,0.0,current_epoch_file_integrity_not_temporal_comparability
2819,0.015000000013969839,0,0.0,current_epoch_file_integrity_not_temporal_comparability
2820,-0.19490000000223517,0,0.0,current_epoch_file_integrity_not_temporal_comparability
2821,0.1523999999917578,0,0.0,current_epoch_file_integrity_not_temporal_comparability
2822,0.4499000000068918,0,0.0,current_epoch_file_integrity_not_temporal_comparability
2823,-0.020770000002812594,0,0.0,current_epoch_file_integrity_not_temporal_comparability
2824,-0.14895000000251457,0,0.0,current_epoch_file_integrity_not_temporal_comparability
2825,0.06255000000237487,0,0.0,current_epoch_file_integrity_not_temporal_comparability
2826,-0.14948000000003958,0,0.0,current_epoch_file_integrity_not_temporal_comparability
2827,0.09470000001601875,0,0.0,current_epoch_file_integrity_not_temporal_comparability
2828,-0.21829000000434462,0,0.0,current_epoch_file_integrity_not_temporal_comparability
2829,-0.02186999999685213,0,0.0,current_epoch_file_integrity_not_temporal_comparability
2830,0.2012200000026496,0,0.0,current_epoch_file_integrity_not_temporal_comparability
2831,0.3382500000006985,0,0.0,current_epoch_file_integrity_not_temporal_comparability
2832,-0.2300999999861233,0,0.0,current_epoch_file_integrity_not_temporal_comparability
2833,0.1581199999927776,0,0.0,current_epoch_file_integrity_not_temporal_comparability
2834,-0.23689999998896383,0,0.0,current_epoch_file_integrity_not_temporal_comparability
2835,-0.306799999991199,0,0.0,current_epoch_file_integrity_not_temporal_comparability
2836,-0.030409999999392312,0,0.0,current_epoch_file_integrity_not_temporal_comparability
2837,-0.10379999999713618,0,0.0,current_epoch_file_integrity_not_temporal_comparability
2838,-0.12400000001071021,0,0.0,current_epoch_file_integrity_not_temporal_comparability
2839,-0.05199999990873039,0,0.0,current_epoch_file_integrity_not_temporal_comparability
2840,0.4466600000014296,0,0.0,current_epoch_file_integrity_not_temporal_comparability
2841,-0.3672999999835156,0,0.0,current_epoch_file_integrity_not_temporal_comparability
2842,-0.3645999999716878,0,0.0,current_epoch_file_integrity_not_temporal_comparability
2844,-0.27554000000236556,0,0.0,current_epoch_file_integrity_not_temporal_comparability
2845,-0.49460000000544824,0,0.0,current_epoch_file_integrity_not_temporal_comparability
2846,-0.4300999999977648,0,0.0,current_epoch_file_integrity_not_temporal_comparability
2847,0.3139999997802079,0,0.0,current_epoch_file_integrity_not_temporal_comparability
2848,0.035190000002330635,0,0.0,current_epoch_file_integrity_not_temporal_comparability
2849,0.14325999999709893,0,0.0,current_epoch_file_integrity_not_temporal_comparability
2850,-0.4034499999979744,0,0.0,current_epoch_file_integrity_not_temporal_comparability
2851,0.3496499999964726,0,0.0,current_epoch_file_integrity_not_temporal_comparability
2852,0.1300199999968754,0,0.0,current_epoch_file_integrity_not_temporal_comparability
2853,-0.4137800000025891,0,0.0,current_epoch_file_integrity_not_temporal_comparability
2854,0.10910000000149012,0,0.0,current_epoch_file_integrity_not_temporal_comparability
2855,0.3518000000040047,0,0.0,current_epoch_file_integrity_not_temporal_comparability
2856,-0.027000000001862645,0,0.0,current_epoch_file_integrity_not_temporal_comparability
2857,0.07680000000982545,0,0.0,current_epoch_file_integrity_not_temporal_comparability
2858,-0.34150000000954606,0,0.0,current_epoch_file_integrity_not_temporal_comparability
2859,-0.4560499999934109,0,0.0,current_epoch_file_integrity_not_temporal_comparability
2860,0.03366999999707332,0,0.0,current_epoch_file_integrity_not_temporal_comparability
2861,-0.07172999999602325,0,0.0,current_epoch_file_integrity_not_temporal_comparability
2862,-0.12679999999818392,0,0.0,current_epoch_file_integrity_not_temporal_comparability
2863,-0.39970000000903383,0,0.0,current_epoch_file_integrity_not_temporal_comparability
2864,-0.05114000000321539,0,0.0,current_epoch_file_integrity_not_temporal_comparability
2865,0.3814100000017788,0,0.0,current_epoch_file_integrity_not_temporal_comparability
2866,-0.3672999999835156,0,0.0,current_epoch_file_integrity_not_temporal_comparability
2867,-0.04230000000097789,0,0.0,current_epoch_file_integrity_not_temporal_comparability
2868,0.09023999999772059,0,0.0,current_epoch_file_integrity_not_temporal_comparability
2869,-0.43400000035762787,0,0.0,current_epoch_file_integrity_not_temporal_comparability
2870,0.1925000000046566,0,0.0,current_epoch_file_integrity_not_temporal_comparability
2871,0.2168999999994412,0,0.0,current_epoch_file_integrity_not_temporal_comparability
2872,-0.31190000000060536,0,0.0,current_epoch_file_integrity_not_temporal_comparability
2873,-0.1644799999994575,0,0.0,current_epoch_file_integrity_not_temporal_comparability
2874,0.0602599999983795,0,0.0,current_epoch_file_integrity_not_temporal_comparability
2875,0.33346999999776017,0,0.0,current_epoch_file_integrity_not_temporal_comparability
2876,0.0677200000063749,0,0.0,current_epoch_file_integrity_not_temporal_comparability
2877,0.45300000000861473,0,0.0,current_epoch_file_integrity_not_temporal_comparability
2878,-0.28399999998509884,0,0.0,current_epoch_file_integrity_not_temporal_comparability
2879,-0.4777999999932945,0,0.0,current_epoch_file_integrity_not_temporal_comparability
2880,-0.043000000063329935,0,0.0,current_epoch_file_integrity_not_temporal_comparability
2881,-0.2047000000020489,0,0.0,current_epoch_file_integrity_not_temporal_comparability
2882,-0.32035999999789055,0,0.0,current_epoch_file_integrity_not_temporal_comparability
2883,0.2014000000199303,0,0.0,current_epoch_file_integrity_not_temporal_comparability
2884,-0.1101699999999255,0,0.0,current_epoch_file_integrity_not_temporal_comparability
2885,0.41849999999976717,0,0.0,current_epoch_file_integrity_not_temporal_comparability
2886,-0.16603000000031898,0,0.0,current_epoch_file_integrity_not_temporal_comparability
2887,0.34720000000379514,0,0.0,current_epoch_file_integrity_not_temporal_comparability
2888,-0.12595000000146683,0,0.0,current_epoch_file_integrity_not_temporal_comparability
2889,0.10570000000006985,0,0.0,current_epoch_file_integrity_not_temporal_comparability
2890,-0.4997200000070734,0,0.0,current_epoch_file_integrity_not_temporal_comparability
2891,-0.3969000000070082,0,0.0,current_epoch_file_integrity_not_temporal_comparability
2892,-0.26159999999799766,0,0.0,current_epoch_file_integrity_not_temporal_comparability
2893,-0.1606000000028871,0,0.0,current_epoch_file_integrity_not_temporal_comparability
2894,-0.08809999999357387,0,0.0,current_epoch_file_integrity_not_temporal_comparability
2895,0.43729000000166707,0,0.0,current_epoch_file_integrity_not_temporal_comparability
2896,0.033539999996719416,0,0.0,current_epoch_file_integrity_not_temporal_comparability
2897,-0.13950999999360647,0,0.0,current_epoch_file_integrity_not_temporal_comparability
2898,0.29589999999734573,0,0.0,current_epoch_file_integrity_not_temporal_comparability
2899,0.33066999999573454,0,0.0,current_epoch_file_integrity_not_temporal_comparability
2900,-0.393660000001546,0,0.0,current_epoch_file_integrity_not_temporal_comparability
2901,0.13434000000415836,0,0.0,current_epoch_file_integrity_not_temporal_comparability
2902,-0.03499999991618097,0,0.0,current_epoch_file_integrity_not_temporal_comparability
2903,-0.3020000000251457,0,0.0,current_epoch_file_integrity_not_temporal_comparability
2904,0.3937000000005355,0,0.0,current_epoch_file_integrity_not_temporal_comparability
2905,0.2318000000086613,0,0.0,current_epoch_file_integrity_not_temporal_comparability
2906,-0.40100000001257285,0,0.0,current_epoch_file_integrity_not_temporal_comparability
2907,-0.4199999999254942,0,0.0,current_epoch_file_integrity_not_temporal_comparability
2908,0.373699999996461,0,0.0,current_epoch_file_integrity_not_temporal_comparability
2909,-0.33329999999841675,0,0.0,current_epoch_file_integrity_not_temporal_comparability
2910,0.3423999999940861,0,0.0,current_epoch_file_integrity_not_temporal_comparability
2911,0.026000000012572855,0,0.0,current_epoch_file_integrity_not_temporal_comparability
2912,0.1404599999950733,0,0.0,current_epoch_file_integrity_not_temporal_comparability
2913,-0.3252599999977974,0,0.0,current_epoch_file_integrity_not_temporal_comparability
2914,0.3844999999855645,0,0.0,current_epoch_file_integrity_not_temporal_comparability
2915,0.19219999999040738,0,0.0,current_epoch_file_integrity_not_temporal_comparability
2916,0.14660000000731088,0,0.0,current_epoch_file_integrity_not_temporal_comparability
2917,-0.24110000001383014,0,0.0,current_epoch_file_integrity_not_temporal_comparability
2918,0.2532000000064727,0,0.0,current_epoch_file_integrity_not_temporal_comparability
2920,0.20000000018626451,0,0.0,current_epoch_file_integrity_not_temporal_comparability
2921,-0.4830000000074506,0,0.0,current_epoch_file_integrity_not_temporal_comparability
2922,0.2926000000006752,0,0.0,current_epoch_file_integrity_not_temporal_comparability
2923,0.17263000000093598,0,0.0,current_epoch_file_integrity_not_temporal_comparability
2924,-0.18880000000353903,0,0.0,current_epoch_file_integrity_not_temporal_comparability
2925,-0.2405000000144355,0,0.0,current_epoch_file_integrity_not_temporal_comparability
2926,-0.15503999999782536,0,0.0,current_epoch_file_integrity_not_temporal_comparability
2927,-0.44759000000340166,0,0.0,current_epoch_file_integrity_not_temporal_comparability
2928,0.26189999998314306,0,0.0,current_epoch_file_integrity_not_temporal_comparability
2929,0.29081000000587665,0,0.0,current_epoch_file_integrity_not_temporal_comparability
2930,-0.2330999999976484,0,0.0,current_epoch_file_integrity_not_temporal_comparability
2931,-0.4243000000133179,0,0.0,current_epoch_file_integrity_not_temporal_comparability
2932,0.27057000000058906,0,0.0,current_epoch_file_integrity_not_temporal_comparability
2933,-0.14039999999658903,0,0.0,current_epoch_file_integrity_not_temporal_comparability
2934,-0.46799999999348074,0,0.0,current_epoch_file_integrity_not_temporal_comparability
2935,0.03727000000071712,0,0.0,current_epoch_file_integrity_not_temporal_comparability
2936,0.2728300000017043,0,0.0,current_epoch_file_integrity_not_temporal_comparability
2937,0.42568000000028405,0,0.0,current_epoch_file_integrity_not_temporal_comparability
2938,0.1196300000010524,0,0.0,current_epoch_file_integrity_not_temporal_comparability
2939,-0.47349999999278225,0,0.0,current_epoch_file_integrity_not_temporal_comparability
2940,0.11659999999392312,0,0.0,current_epoch_file_integrity_not_temporal_comparability
2941,-0.25684000000183005,0,0.0,current_epoch_file_integrity_not_temporal_comparability
2942,0.020099999994272366,0,0.0,current_epoch_file_integrity_not_temporal_comparability
2943,-0.4790000000066357,0,0.0,current_epoch_file_integrity_not_temporal_comparability
2944,0.22539999999571592,0,0.0,current_epoch_file_integrity_not_temporal_comparability
2945,0.2602000000042608,0,0.0,current_epoch_file_integrity_not_temporal_comparability
2946,-0.0912400000015623,0,0.0,current_epoch_file_integrity_not_temporal_comparability
2947,0.35349999999743886,0,0.0,current_epoch_file_integrity_not_temporal_comparability
2948,-0.19439999999303836,0,0.0,current_epoch_file_integrity_not_temporal_comparability
2949,0.21953000000212342,0,0.0,current_epoch_file_integrity_not_temporal_comparability
2950,0.31166000000666827,0,0.0,current_epoch_file_integrity_not_temporal_comparability
2951,0.38311999999859836,0,0.0,current_epoch_file_integrity_not_temporal_comparability
2952,0.4795700000031502,0,0.0,current_epoch_file_integrity_not_temporal_comparability
2953,-0.027399999991757795,0,0.0,current_epoch_file_integrity_not_temporal_comparability
2954,0.4694000000017695,0,0.0,current_epoch_file_integrity_not_temporal_comparability
2955,-0.06655000000318978,0,0.0,current_epoch_file_integrity_not_temporal_comparability
2956,0.024399999994784594,0,0.0,current_epoch_file_integrity_not_temporal_comparability
2957,0.2966000000014901,0,0.0,current_epoch_file_integrity_not_temporal_comparability
2958,-0.4682900000043446,0,0.0,current_epoch_file_integrity_not_temporal_comparability
2959,-0.4922000000078697,0,0.0,current_epoch_file_integrity_not_temporal_comparability
2960,-0.34099999998579733,0,0.0,current_epoch_file_integrity_not_temporal_comparability
2961,-0.12066000000049826,0,0.0,current_epoch_file_integrity_not_temporal_comparability
2962,0.13730000000214204,0,0.0,current_epoch_file_integrity_not_temporal_comparability
2963,-0.08919999998761341,0,0.0,current_epoch_file_integrity_not_temporal_comparability
2964,0.42070000001695007,0,0.0,current_epoch_file_integrity_not_temporal_comparability
2965,0.045840000006137416,0,0.0,current_epoch_file_integrity_not_temporal_comparability
2966,0.2923199999931967,0,0.0,current_epoch_file_integrity_not_temporal_comparability
2967,-0.40099999960511923,0,0.0,current_epoch_file_integrity_not_temporal_comparability
2968,-0.007549999994807877,0,0.0,current_epoch_file_integrity_not_temporal_comparability
2970,-0.33215000000200234,0,0.0,current_epoch_file_integrity_not_temporal_comparability
2971,-0.4134199999971315,0,0.0,current_epoch_file_integrity_not_temporal_comparability
2972,0.30345999999553896,0,0.0,current_epoch_file_integrity_not_temporal_comparability
2973,-0.12609999999403954,0,0.0,current_epoch_file_integrity_not_temporal_comparability
2974,0.4809300000051735,0,0.0,current_epoch_file_integrity_not_temporal_comparability
2975,0.30692000000271946,0,0.0,current_epoch_file_integrity_not_temporal_comparability
2976,0.12456999999994878,0,0.0,current_epoch_file_integrity_not_temporal_comparability
2977,0.46740000000136206,0,0.0,current_epoch_file_integrity_not_temporal_comparability
2978,0.11830000000190921,0,0.0,current_epoch_file_integrity_not_temporal_comparability
2979,-0.2639999999664724,0,0.0,current_epoch_file_integrity_not_temporal_comparability
2980,0.05130000000644941,0,0.0,current_epoch_file_integrity_not_temporal_comparability
2981,-0.18331999999645632,0,0.0,current_epoch_file_integrity_not_temporal_comparability
2982,0.02417000000423286,0,0.0,current_epoch_file_integrity_not_temporal_comparability
2983,-0.35248000000137836,0,0.0,current_epoch_file_integrity_not_temporal_comparability
2984,0.418100000009872,0,0.0,current_epoch_file_integrity_not_temporal_comparability
2985,0.06754000000364613,0,0.0,current_epoch_file_integrity_not_temporal_comparability
2986,-0.2706400000024587,0,0.0,current_epoch_file_integrity_not_temporal_comparability
2987,-0.2853099999992992,0,0.0,current_epoch_file_integrity_not_temporal_comparability
2988,0.3201199999966775,0,0.0,current_epoch_file_integrity_not_temporal_comparability
2989,-0.41649999999208376,0,0.0,current_epoch_file_integrity_not_temporal_comparability
2990,-0.48593999999866355,0,0.0,current_epoch_file_integrity_not_temporal_comparability
2991,0.27774999999383,0,0.0,current_epoch_file_integrity_not_temporal_comparability
2992,0.1422000000020489,0,0.0,current_epoch_file_integrity_not_temporal_comparability
2993,-0.13302999999723397,0,0.0,current_epoch_file_integrity_not_temporal_comparability
2994,-0.36770000000251457,0,0.0,current_epoch_file_integrity_not_temporal_comparability
2995,0.2687000000005355,0,0.0,current_epoch_file_integrity_not_temporal_comparability
2996,-0.3890000004321337,0,0.0,current_epoch_file_integrity_not_temporal_comparability
2997,0.4593999999924563,0,0.0,current_epoch_file_integrity_not_temporal_comparability
2998,0.21616999999969266,0,0.0,current_epoch_file_integrity_not_temporal_comparability
2999,-0.2553699999989476,0,0.0,current_epoch_file_integrity_not_temporal_comparability
3000,0.019100000004982576,0,0.0,current_epoch_file_integrity_not_temporal_comparability
3001,-0.262140000006184,0,0.0,current_epoch_file_integrity_not_temporal_comparability
3002,-0.1491999999852851,0,0.0,current_epoch_file_integrity_not_temporal_comparability
3003,0.007199999992735684,0,0.0,current_epoch_file_integrity_not_temporal_comparability
3004,0.22892999999749009,0,0.0,current_epoch_file_integrity_not_temporal_comparability
3005,0.1702999999979511,0,0.0,current_epoch_file_integrity_not_temporal_comparability
3006,-0.3530599999940023,0,0.0,current_epoch_file_integrity_not_temporal_comparability
3007,-0.3142999999981839,0,0.0,current_epoch_file_integrity_not_temporal_comparability
3008,0.2828000000445172,0,0.0,current_epoch_file_integrity_not_temporal_comparability
3009,0.14628000000084285,0,0.0,current_epoch_file_integrity_not_temporal_comparability
3010,-0.4900999999954365,0,0.0,current_epoch_file_integrity_not_temporal_comparability
3011,0.4604000000108499,0,0.0,current_epoch_file_integrity_not_temporal_comparability
3012,0.19550000000162981,0,0.0,current_epoch_file_integrity_not_temporal_comparability
3013,0.13130000000819564,0,0.0,current_epoch_file_integrity_not_temporal_comparability
3014,-0.08950000000186265,0,0.0,current_epoch_file_integrity_not_temporal_comparability
3015,0.16720000002533197,0,0.0,current_epoch_file_integrity_not_temporal_comparability
3016,0.0760500000033062,0,0.0,current_epoch_file_integrity_not_temporal_comparability
3017,0.31780000000435393,0,0.0,current_epoch_file_integrity_not_temporal_comparability
3018,0.4357000000018161,0,0.0,current_epoch_file_integrity_not_temporal_comparability
3019,0.042199999996228144,0,0.0,current_epoch_file_integrity_not_temporal_comparability
3020,-0.4573999999993248,0,0.0,current_epoch_file_integrity_not_temporal_comparability
3022,-0.08010000000649597,0,0.0,current_epoch_file_integrity_not_temporal_comparability
3023,0.2991100000072038,0,0.0,current_epoch_file_integrity_not_temporal_comparability
3024,-0.14764000000286615,0,0.0,current_epoch_file_integrity_not_temporal_comparability
3026,0.43099999986588955,0,0.0,current_epoch_file_integrity_not_temporal_comparability
3027,-0.18330000000423752,0,0.0,current_epoch_file_integrity_not_temporal_comparability
3028,-0.3077400000038324,0,0.0,current_epoch_file_integrity_not_temporal_comparability
3029,0.21470000001136214,0,0.0,current_epoch_file_integrity_not_temporal_comparability
3030,-0.16934999999648426,0,0.0,current_epoch_file_integrity_not_temporal_comparability
3031,-0.21347999999852618,0,0.0,current_epoch_file_integrity_not_temporal_comparability
3032,-0.2161000000196509,0,0.0,current_epoch_file_integrity_not_temporal_comparability
3033,-0.18121999999857508,0,0.0,current_epoch_file_integrity_not_temporal_comparability
3034,0.3681799999976647,0,0.0,current_epoch_file_integrity_not_temporal_comparability
3035,-0.3938800000032643,0,0.0,current_epoch_file_integrity_not_temporal_comparability
3036,-0.12419999999110587,0,0.0,current_epoch_file_integrity_not_temporal_comparability
3037,-0.005980000001727603,0,0.0,current_epoch_file_integrity_not_temporal_comparability
3038,-0.4397400000016205,0,0.0,current_epoch_file_integrity_not_temporal_comparability
3039,0.15323999999964144,0,0.0,current_epoch_file_integrity_not_temporal_comparability
3040,0.3854000000283122,0,0.0,current_epoch_file_integrity_not_temporal_comparability
3041,0.4128400000045076,0,0.0,current_epoch_file_integrity_not_temporal_comparability
3042,0.1576000000059139,0,0.0,current_epoch_file_integrity_not_temporal_comparability
3043,0.35970000000088476,0,0.0,current_epoch_file_integrity_not_temporal_comparability
3044,-0.10929999999643769,0,0.0,current_epoch_file_integrity_not_temporal_comparability
3045,0.34159999998519197,0,0.0,current_epoch_file_integrity_not_temporal_comparability
3046,-0.4995000000053551,0,0.0,current_epoch_file_integrity_not_temporal_comparability
3047,0.3325900000054389,0,0.0,current_epoch_file_integrity_not_temporal_comparability
3048,0.26643999999942025,0,0.0,current_epoch_file_integrity_not_temporal_comparability
3049,0.026600000011967495,0,0.0,current_epoch_file_integrity_not_temporal_comparability
3050,-0.1822799999936251,0,0.0,current_epoch_file_integrity_not_temporal_comparability
3051,-0.10358999999880325,0,0.0,current_epoch_file_integrity_not_temporal_comparability
3052,-0.033500000019557774,0,0.0,current_epoch_file_integrity_not_temporal_comparability
3053,0.3244300000005751,0,0.0,current_epoch_file_integrity_not_temporal_comparability
3054,-0.13100999999733176,0,0.0,current_epoch_file_integrity_not_temporal_comparability
3055,-0.4139199999990524,0,0.0,current_epoch_file_integrity_not_temporal_comparability
3056,0.49120000000402797,0,0.0,current_epoch_file_integrity_not_temporal_comparability
3057,-0.17136000000027707,0,0.0,current_epoch_file_integrity_not_temporal_comparability
3058,0.3614000000525266,0,0.0,current_epoch_file_integrity_not_temporal_comparability
3059,-0.08869999999296851,0,0.0,current_epoch_file_integrity_not_temporal_comparability
3060,0.26204000000143424,0,0.0,current_epoch_file_integrity_not_temporal_comparability
3061,0.4757000000026892,0,0.0,current_epoch_file_integrity_not_temporal_comparability
3062,0.08039999997708946,0,0.0,current_epoch_file_integrity_not_temporal_comparability
3063,0.497799999997369,0,0.0,current_epoch_file_integrity_not_temporal_comparability
3064,0.47722999999677995,0,0.0,current_epoch_file_integrity_not_temporal_comparability
3065,0.08970000001136214,0,0.0,current_epoch_file_integrity_not_temporal_comparability
3066,-0.037200000006123446,0,0.0,current_epoch_file_integrity_not_temporal_comparability
3067,0.06601999999838881,0,0.0,current_epoch_file_integrity_not_temporal_comparability
3068,0.16190000000642613,0,0.0,current_epoch_file_integrity_not_temporal_comparability
3069,-0.270699999993667,0,0.0,current_epoch_file_integrity_not_temporal_comparability
3070,-0.05627000000094995,0,0.0,current_epoch_file_integrity_not_temporal_comparability
3071,0.14715000000433065,0,0.0,current_epoch_file_integrity_not_temporal_comparability
3072,-0.44285999999556225,0,0.0,current_epoch_file_integrity_not_temporal_comparability
3073,-0.023419999997713603,0,0.0,current_epoch_file_integrity_not_temporal_comparability
3074,0.16233000000647735,0,0.0,current_epoch_file_integrity_not_temporal_comparability
3075,0.041630000006989576,0,0.0,current_epoch_file_integrity_not_temporal_comparability
3076,0.4091599999956088,0,0.0,current_epoch_file_integrity_not_temporal_comparability
3077,-0.43680000002495944,0,0.0,current_epoch_file_integrity_not_temporal_comparability
3078,-0.11989999999059364,0,0.0,current_epoch_file_integrity_not_temporal_comparability
3079,-0.1555999999982305,0,0.0,current_epoch_file_integrity_not_temporal_comparability
3080,-0.19662000000244007,0,0.0,current_epoch_file_integrity_not_temporal_comparability
3081,-0.3735900000028778,0,0.0,current_epoch_file_integrity_not_temporal_comparability
3082,-0.09250000002793968,0,0.0,current_epoch_file_integrity_not_temporal_comparability
3084,0.2171000000089407,0,0.0,current_epoch_file_integrity_not_temporal_comparability
3086,-0.20529999997233972,0,0.0,current_epoch_file_integrity_not_temporal_comparability
3087,-0.45680000001448207,0,0.0,current_epoch_file_integrity_not_temporal_comparability
3088,-0.06432999999378808,0,0.0,current_epoch_file_integrity_not_temporal_comparability
3089,0.24152000000322005,0,0.0,current_epoch_file_integrity_not_temporal_comparability
3090,-0.21510000000125729,0,0.0,current_epoch_file_integrity_not_temporal_comparability
3091,0.33270000002812594,0,0.0,current_epoch_file_integrity_not_temporal_comparability
3092,-0.4028999999864027,0,0.0,current_epoch_file_integrity_not_temporal_comparability
3093,-0.2759000000078231,0,0.0,current_epoch_file_integrity_not_temporal_comparability
3094,-0.029999999998835847,0,0.0,current_epoch_file_integrity_not_temporal_comparability
3095,-0.41749999999592546,0,0.0,current_epoch_file_integrity_not_temporal_comparability
3096,0.39500000001862645,0,0.0,current_epoch_file_integrity_not_temporal_comparability
3097,0.2041800000006333,0,0.0,current_epoch_file_integrity_not_temporal_comparability
3098,0.20420999999623746,0,0.0,current_epoch_file_integrity_not_temporal_comparability
3099,0.4060999999928754,0,0.0,current_epoch_file_integrity_not_temporal_comparability
3100,0.3411999999952968,0,0.0,current_epoch_file_integrity_not_temporal_comparability
3101,0.18540000000211876,0,0.0,current_epoch_file_integrity_not_temporal_comparability
3102,-0.3081400000010035,0,0.0,current_epoch_file_integrity_not_temporal_comparability
3103,0.04746999999770196,0,0.0,current_epoch_file_integrity_not_temporal_comparability
3104,-0.17310000001452863,0,0.0,current_epoch_file_integrity_not_temporal_comparability
3105,-0.11899999994784594,0,0.0,current_epoch_file_integrity_not_temporal_comparability
3106,-0.175520000004326,0,0.0,current_epoch_file_integrity_not_temporal_comparability
3107,0.17830000002868474,0,0.0,current_epoch_file_integrity_not_temporal_comparability
3108,-0.42366000000038184,0,0.0,current_epoch_file_integrity_not_temporal_comparability
3109,-0.1650000000372529,0,0.0,current_epoch_file_integrity_not_temporal_comparability
3110,0.35300000000279397,0,0.0,current_epoch_file_integrity_not_temporal_comparability
3111,0.026600000011967495,0,0.0,current_epoch_file_integrity_not_temporal_comparability
3112,-0.4083000000100583,0,0.0,current_epoch_file_integrity_not_temporal_comparability
3113,-0.11364999999932479,0,0.0,current_epoch_file_integrity_not_temporal_comparability
3114,-0.1941999999980908,0,0.0,current_epoch_file_integrity_not_temporal_comparability
3115,-0.3570000000181608,0,0.0,current_epoch_file_integrity_not_temporal_comparability
3116,-0.4880399999965448,0,0.0,current_epoch_file_integrity_not_temporal_comparability
3117,0.23320000000239816,0,0.0,current_epoch_file_integrity_not_temporal_comparability
3118,-0.37277000000176486,0,0.0,current_epoch_file_integrity_not_temporal_comparability
3119,-0.3217000000004191,0,0.0,current_epoch_file_integrity_not_temporal_comparability
3120,-0.4743000000016764,0,0.0,current_epoch_file_integrity_not_temporal_comparability
3121,-0.15969999998924322,0,0.0,current_epoch_file_integrity_not_temporal_comparability
3122,0.40869999999995343,0,0.0,current_epoch_file_integrity_not_temporal_comparability
3123,0.4825000000128057,0,0.0,current_epoch_file_integrity_not_temporal_comparability
3124,0.16840999999840278,0,0.0,current_epoch_file_integrity_not_temporal_comparability
3125,-0.3906399999978021,0,0.0,current_epoch_file_integrity_not_temporal_comparability
3126,0.3435999999928754,0,0.0,current_epoch_file_integrity_not_temporal_comparability
3127,-0.11520000000018626,0,0.0,current_epoch_file_integrity_not_temporal_comparability
3128,-0.1790000000037253,0,0.0,current_epoch_file_integrity_not_temporal_comparability
3129,-0.11739999998826534,0,0.0,current_epoch_file_integrity_not_temporal_comparability
3130,-0.08099999977275729,0,0.0,current_epoch_file_integrity_not_temporal_comparability
3131,-0.043600000004516914,0,0.0,current_epoch_file_integrity_not_temporal_comparability
3132,0.18319999999948777,0,0.0,current_epoch_file_integrity_not_temporal_comparability
3134,-0.010699999998905696,0,0.0,current_epoch_file_integrity_not_temporal_comparability
3135,-0.2734000000054948,0,0.0,current_epoch_file_integrity_not_temporal_comparability
3136,0.17120000001159497,0,0.0,current_epoch_file_integrity_not_temporal_comparability
3137,-0.24261000000115018,0,0.0,current_epoch_file_integrity_not_temporal_comparability
3139,-0.3779599999979837,0,0.0,current_epoch_file_integrity_not_temporal_comparability
3140,-0.3697999999858439,0,0.0,current_epoch_file_integrity_not_temporal_comparability
3144,-0.3880899999930989,0,0.0,current_epoch_file_integrity_not_temporal_comparability
3145,0.11851000000024214,0,0.0,current_epoch_file_integrity_not_temporal_comparability
3146,0.4959999999991851,0,0.0,current_epoch_file_integrity_not_temporal_comparability
3147,0.12980999999854248,0,0.0,current_epoch_file_integrity_not_temporal_comparability
3148,0.36990000000514556,0,0.0,current_epoch_file_integrity_not_temporal_comparability
3149,-0.09227000000100816,0,0.0,current_epoch_file_integrity_not_temporal_comparability
3150,-0.1670999999914784,0,0.0,current_epoch_file_integrity_not_temporal_comparability
3151,0.3159299999970244,0,0.0,current_epoch_file_integrity_not_temporal_comparability
3152,0.30340000000433065,0,0.0,current_epoch_file_integrity_not_temporal_comparability
3153,0.30939999999827705,0,0.0,current_epoch_file_integrity_not_temporal_comparability
3154,-0.14870000001974404,0,0.0,current_epoch_file_integrity_not_temporal_comparability
3155,0.4223999999812804,0,0.0,current_epoch_file_integrity_not_temporal_comparability
3156,-0.3460999999952037,0,0.0,current_epoch_file_integrity_not_temporal_comparability
3157,0.14879999999538995,0,0.0,current_epoch_file_integrity_not_temporal_comparability
3158,0.030090000000200234,0,0.0,current_epoch_file_integrity_not_temporal_comparability
3159,-0.07503000000724569,0,0.0,current_epoch_file_integrity_not_temporal_comparability
3160,-0.10779999999795109,0,0.0,current_epoch_file_integrity_not_temporal_comparability
3161,0.42506999999750406,0,0.0,current_epoch_file_integrity_not_temporal_comparability
3162,-0.43329000000085216,0,0.0,current_epoch_file_integrity_not_temporal_comparability
3163,-0.2687300000034156,0,0.0,current_epoch_file_integrity_not_temporal_comparability
3164,-0.025349999996251427,0,0.0,current_epoch_file_integrity_not_temporal_comparability
3165,0.12266999999701511,0,0.0,current_epoch_file_integrity_not_temporal_comparability
3166,-0.11909999999625143,0,0.0,current_epoch_file_integrity_not_temporal_comparability
3167,-0.11699999999837019,0,0.0,current_epoch_file_integrity_not_temporal_comparability
3168,-0.40779999998630956,0,0.0,current_epoch_file_integrity_not_temporal_comparability
3169,0.47698000000673346,0,0.0,current_epoch_file_integrity_not_temporal_comparability
3170,0.3840000000054715,0,0.0,current_epoch_file_integrity_not_temporal_comparability
3171,0.10069999995175749,0,0.0,current_epoch_file_integrity_not_temporal_comparability
3172,0.457750000001397,0,0.0,current_epoch_file_integrity_not_temporal_comparability
3173,0.13542999999481253,0,0.0,current_epoch_file_integrity_not_temporal_comparability
3174,0.3087999999988824,0,0.0,current_epoch_file_integrity_not_temporal_comparability
3175,0.04299999959766865,0,0.0,current_epoch_file_integrity_not_temporal_comparability
3176,0.18016000000352506,0,0.0,current_epoch_file_integrity_not_temporal_comparability
3177,0.19639999998616986,0,0.0,current_epoch_file_integrity_not_temporal_comparability
3178,0.2543000000005122,0,0.0,current_epoch_file_integrity_not_temporal_comparability
3179,-0.121740000002319,0,0.0,current_epoch_file_integrity_not_temporal_comparability
3180,0.10659999999916181,0,0.0,current_epoch_file_integrity_not_temporal_comparability
3181,0.23149999999441206,0,0.0,current_epoch_file_integrity_not_temporal_comparability
3182,-0.052999999999883585,0,0.0,current_epoch_file_integrity_not_temporal_comparability
3183,0.31550000002607703,0,0.0,current_epoch_file_integrity_not_temporal_comparability
3184,0.4320999999763444,0,0.0,current_epoch_file_integrity_not_temporal_comparability
3185,-0.18820000000414439,0,0.0,current_epoch_file_integrity_not_temporal_comparability
3186,0.35989999999583233,0,0.0,current_epoch_file_integrity_not_temporal_comparability
3187,-0.37003000000549946,0,0.0,current_epoch_file_integrity_not_temporal_comparability
3188,-0.42960999999922933,0,0.0,current_epoch_file_integrity_not_temporal_comparability
3189,-0.4658099999942351,0,0.0,current_epoch_file_integrity_not_temporal_comparability
3190,0.29430999999749474,0,0.0,current_epoch_file_integrity_not_temporal_comparability
3191,0.4634000000078231,0,0.0,current_epoch_file_integrity_not_temporal_comparability
3192,0.3014899999980116,0,0.0,current_epoch_file_integrity_not_temporal_comparability
3193,-0.10710000002291054,0,0.0,current_epoch_file_integrity_not_temporal_comparability
3194,-0.47215999999752967,0,0.0,current_epoch_file_integrity_not_temporal_comparability
3195,-0.21287999999913154,0,0.0,current_epoch_file_integrity_not_temporal_comparability
3196,0.42170000000623986,0,0.0,current_epoch_file_integrity_not_temporal_comparability
3197,0.03440000000409782,0,0.0,current_epoch_file_integrity_not_temporal_comparability
3198,0.4297200000000885,0,0.0,current_epoch_file_integrity_not_temporal_comparability
3200,0.037899999995715916,0,0.0,current_epoch_file_integrity_not_temporal_comparability
3201,0.027150000001711305,0,0.0,current_epoch_file_integrity_not_temporal_comparability
3202,-0.11301000000094064,0,0.0,current_epoch_file_integrity_not_temporal_comparability
3203,0.20530000000144355,0,0.0,current_epoch_file_integrity_not_temporal_comparability
3204,-0.11265999999886844,0,0.0,current_epoch_file_integrity_not_temporal_comparability
3205,0.008600000001024455,0,0.0,current_epoch_file_integrity_not_temporal_comparability
3206,0.3333500000007916,0,0.0,current_epoch_file_integrity_not_temporal_comparability
3207,-0.1750999999931082,0,0.0,current_epoch_file_integrity_not_temporal_comparability
3208,-0.06880000000819564,0,0.0,current_epoch_file_integrity_not_temporal_comparability
3209,-0.3235699999931967,0,0.0,current_epoch_file_integrity_not_temporal_comparability
3210,0.29882999999972526,0,0.0,current_epoch_file_integrity_not_temporal_comparability
3211,-0.2350700000024517,0,0.0,current_epoch_file_integrity_not_temporal_comparability
3212,-0.2862299999978859,0,0.0,current_epoch_file_integrity_not_temporal_comparability
3214,-0.21863000000303145,0,0.0,current_epoch_file_integrity_not_temporal_comparability
3215,-0.009599999990314245,0,0.0,current_epoch_file_integrity_not_temporal_comparability
3216,-0.25746999999682885,0,0.0,current_epoch_file_integrity_not_temporal_comparability
3217,0.2899100000067847,0,0.0,current_epoch_file_integrity_not_temporal_comparability
3218,-0.010269999998854473,0,0.0,current_epoch_file_integrity_not_temporal_comparability
3219,0.4163000000116881,0,0.0,current_epoch_file_integrity_not_temporal_comparability
3220,-0.064200000022538,0,0.0,current_epoch_file_integrity_not_temporal_comparability
3221,-0.41985000000568107,0,0.0,current_epoch_file_integrity_not_temporal_comparability
3222,0.21109999998589046,0,0.0,current_epoch_file_integrity_not_temporal_comparability
3223,-0.23410000000149012,0,0.0,current_epoch_file_integrity_not_temporal_comparability
3224,-0.2474999999976717,0,0.0,current_epoch_file_integrity_not_temporal_comparability
3225,0.3678000000072643,0,0.0,current_epoch_file_integrity_not_temporal_comparability
3226,0.45341999999800464,0,0.0,current_epoch_file_integrity_not_temporal_comparability
3227,0.2911000000021886,0,0.0,current_epoch_file_integrity_not_temporal_comparability
3228,-0.494700000010198,0,0.0,current_epoch_file_integrity_not_temporal_comparability
3229,0.34945999999763444,0,0.0,current_epoch_file_integrity_not_temporal_comparability
3230,-0.043999999994412065,0,0.0,current_epoch_file_integrity_not_temporal_comparability
3231,-0.3505399999994552,0,0.0,current_epoch_file_integrity_not_temporal_comparability
3232,-0.26010000001406297,0,0.0,current_epoch_file_integrity_not_temporal_comparability
3233,0.010769999993499368,0,0.0,current_epoch_file_integrity_not_temporal_comparability
3234,0.21048999999766238,0,0.0,current_epoch_file_integrity_not_temporal_comparability
3235,0.3391000000119675,0,0.0,current_epoch_file_integrity_not_temporal_comparability
3236,0.4134199999971315,0,0.0,current_epoch_file_integrity_not_temporal_comparability
3237,-0.12455999999656342,0,0.0,current_epoch_file_integrity_not_temporal_comparability
3238,-0.13299999997252598,0,0.0,current_epoch_file_integrity_not_temporal_comparability
3239,-0.2853000000031898,0,0.0,current_epoch_file_integrity_not_temporal_comparability
3240,-0.2014599999965867,0,0.0,current_epoch_file_integrity_not_temporal_comparability
3241,0.4361900000003516,0,0.0,current_epoch_file_integrity_not_temporal_comparability
3242,0.4192999999941094,0,0.0,current_epoch_file_integrity_not_temporal_comparability
3243,-0.18480000000272412,0,0.0,current_epoch_file_integrity_not_temporal_comparability
3244,-0.29540000000270084,0,0.0,current_epoch_file_integrity_not_temporal_comparability
3246,-0.4183000000048196,0,0.0,current_epoch_file_integrity_not_temporal_comparability
3247,0.12489999999525025,0,0.0,current_epoch_file_integrity_not_temporal_comparability
3248,-0.317960000000312,0,0.0,current_epoch_file_integrity_not_temporal_comparability
3249,-0.33993999999802327,0,0.0,current_epoch_file_integrity_not_temporal_comparability
3250,-0.030109999999694992,0,0.0,current_epoch_file_integrity_not_temporal_comparability
3251,0.37989999999990687,0,0.0,current_epoch_file_integrity_not_temporal_comparability
3252,0.2708199999979115,0,0.0,current_epoch_file_integrity_not_temporal_comparability
3253,0.13450000000011642,0,0.0,current_epoch_file_integrity_not_temporal_comparability
3254,-0.1638999999850057,0,0.0,current_epoch_file_integrity_not_temporal_comparability
3255,0.339879999999539,0,0.0,current_epoch_file_integrity_not_temporal_comparability
3256,0.01343000000633765,0,0.0,current_epoch_file_integrity_not_temporal_comparability
3257,0.2114399999991292,0,0.0,current_epoch_file_integrity_not_temporal_comparability
3258,-0.05632000000332482,0,0.0,current_epoch_file_integrity_not_temporal_comparability
3259,-0.17399999999906868,0,0.0,current_epoch_file_integrity_not_temporal_comparability
3260,-0.15054999999847496,0,0.0,current_epoch_file_integrity_not_temporal_comparability
3261,0.08276999999361578,0,0.0,current_epoch_file_integrity_not_temporal_comparability
3262,0.38530000002356246,0,0.0,current_epoch_file_integrity_not_temporal_comparability
3263,0.21600000000034925,0,0.0,current_epoch_file_integrity_not_temporal_comparability
3264,-0.28036999999312684,0,0.0,current_epoch_file_integrity_not_temporal_comparability
3265,-0.09178999999858206,0,0.0,current_epoch_file_integrity_not_temporal_comparability
3266,-0.041640000003098976,0,0.0,current_epoch_file_integrity_not_temporal_comparability
3267,0.33870999999635387,0,0.0,current_epoch_file_integrity_not_temporal_comparability
3268,0.003200000006472692,0,0.0,current_epoch_file_integrity_not_temporal_comparability
3269,-0.1847999999881722,0,0.0,current_epoch_file_integrity_not_temporal_comparability
3270,0.2235800000053132,0,0.0,current_epoch_file_integrity_not_temporal_comparability
3271,0.19930000000749715,0,0.0,current_epoch_file_integrity_not_temporal_comparability
3272,0.08090000000083819,0,0.0,current_epoch_file_integrity_not_temporal_comparability
3273,-0.010999999998603016,0,0.0,current_epoch_file_integrity_not_temporal_comparability
3274,-0.0918999999994412,0,0.0,current_epoch_file_integrity_not_temporal_comparability
3275,0.21829999994952232,0,0.0,current_epoch_file_integrity_not_temporal_comparability
3276,-0.15295999999943888,0,0.0,current_epoch_file_integrity_not_temporal_comparability
3277,0.30169999999634456,0,0.0,current_epoch_file_integrity_not_temporal_comparability
3278,0.37241999999969266,0,0.0,current_epoch_file_integrity_not_temporal_comparability
3279,0.0015700000003562309,0,0.0,current_epoch_file_integrity_not_temporal_comparability
3280,-0.38510000001406297,0,0.0,current_epoch_file_integrity_not_temporal_comparability
3281,-0.13262000000395346,0,0.0,current_epoch_file_integrity_not_temporal_comparability
3282,0.3871999999973923,0,0.0,current_epoch_file_integrity_not_temporal_comparability
3283,0.2239800000024843,0,0.0,current_epoch_file_integrity_not_temporal_comparability
3284,-0.3468799999973271,0,0.0,current_epoch_file_integrity_not_temporal_comparability
3285,-0.42869999998947605,0,0.0,current_epoch_file_integrity_not_temporal_comparability
3286,0.03974999999627471,0,0.0,current_epoch_file_integrity_not_temporal_comparability
3287,0.49969999998575076,0,0.0,current_epoch_file_integrity_not_temporal_comparability
3288,-0.29460000002291054,0,0.0,current_epoch_file_integrity_not_temporal_comparability
3289,0.323499999998603,0,0.0,current_epoch_file_integrity_not_temporal_comparability
3290,0.33550000000104774,0,0.0,current_epoch_file_integrity_not_temporal_comparability
3291,0.21230000001378357,0,0.0,current_epoch_file_integrity_not_temporal_comparability
3292,0.09343000000080792,0,0.0,current_epoch_file_integrity_not_temporal_comparability
3293,-0.32980000000679865,0,0.0,current_epoch_file_integrity_not_temporal_comparability
3294,-0.036299999977927655,0,0.0,current_epoch_file_integrity_not_temporal_comparability
3295,-0.45454000000609085,0,0.0,current_epoch_file_integrity_not_temporal_comparability
3296,-0.463739999999234,0,0.0,current_epoch_file_integrity_not_temporal_comparability
3297,-0.3995199999990291,0,0.0,current_epoch_file_integrity_not_temporal_comparability
3298,-0.19948999999905936,0,0.0,current_epoch_file_integrity_not_temporal_comparability
3299,0.363599999982398,0,0.0,current_epoch_file_integrity_not_temporal_comparability
3300,-0.19880000001285225,0,0.0,current_epoch_file_integrity_not_temporal_comparability
3301,-0.10652999999729218,0,0.0,current_epoch_file_integrity_not_temporal_comparability
3302,0.4512000000104308,0,0.0,current_epoch_file_integrity_not_temporal_comparability
3303,-0.0016000000177882612,0,0.0,current_epoch_file_integrity_not_temporal_comparability
3304,0.18601000000489876,0,0.0,current_epoch_file_integrity_not_temporal_comparability
3305,0.06270000000949949,0,0.0,current_epoch_file_integrity_not_temporal_comparability
3306,0.2929999999469146,0,0.0,current_epoch_file_integrity_not_temporal_comparability
3307,-0.13599999994039536,0,0.0,current_epoch_file_integrity_not_temporal_comparability
3308,0.28779999999824213,0,0.0,current_epoch_file_integrity_not_temporal_comparability
3309,-0.4263000000064494,0,0.0,current_epoch_file_integrity_not_temporal_comparability
3311,-0.3861999999935506,0,0.0,current_epoch_file_integrity_not_temporal_comparability
3312,-0.27859999999782303,0,0.0,current_epoch_file_integrity_not_temporal_comparability
3313,0.34531000000424683,0,0.0,current_epoch_file_integrity_not_temporal_comparability
3314,-0.3982800000012503,0,0.0,current_epoch_file_integrity_not_temporal_comparability
3315,0.24800000002142042,0,0.0,current_epoch_file_integrity_not_temporal_comparability
3316,0.2200100000045495,0,0.0,current_epoch_file_integrity_not_temporal_comparability
3317,-0.1837999999988824,0,0.0,current_epoch_file_integrity_not_temporal_comparability
3318,0.22217999999702442,0,0.0,current_epoch_file_integrity_not_temporal_comparability
3319,-0.4705300000059651,0,0.0,current_epoch_file_integrity_not_temporal_comparability
3320,0.18627999999444,0,0.0,current_epoch_file_integrity_not_temporal_comparability
3321,0.23820000000705477,0,0.0,current_epoch_file_integrity_not_temporal_comparability
3322,0.06594999999651918,0,0.0,current_epoch_file_integrity_not_temporal_comparability
3323,0.17749999999068677,0,0.0,current_epoch_file_integrity_not_temporal_comparability
3324,0.07400000002235174,0,0.0,current_epoch_file_integrity_not_temporal_comparability
3325,-0.02044999999634456,0,0.0,current_epoch_file_integrity_not_temporal_comparability
3326,-0.19860000000335276,0,0.0,current_epoch_file_integrity_not_temporal_comparability
3328,-0.2727000000013504,0,0.0,current_epoch_file_integrity_not_temporal_comparability
3329,-0.09170000000449363,0,0.0,current_epoch_file_integrity_not_temporal_comparability
3330,-0.4013999999733642,0,0.0,current_epoch_file_integrity_not_temporal_comparability
3331,-0.2515000000130385,0,0.0,current_epoch_file_integrity_not_temporal_comparability
3332,-0.19960000000719447,0,0.0,current_epoch_file_integrity_not_temporal_comparability
3333,0.13400000000547152,0,0.0,current_epoch_file_integrity_not_temporal_comparability
3334,0.30689999999594875,0,0.0,current_epoch_file_integrity_not_temporal_comparability
3335,0.03479999999399297,0,0.0,current_epoch_file_integrity_not_temporal_comparability
3336,0.45982999999978347,0,0.0,current_epoch_file_integrity_not_temporal_comparability
3337,0.3315199999997276,0,0.0,current_epoch_file_integrity_not_temporal_comparability
3338,-0.4560000002384186,0,0.0,current_epoch_file_integrity_not_temporal_comparability
3339,-0.43871999999828404,0,0.0,current_epoch_file_integrity_not_temporal_comparability
3340,-0.3029999998398125,0,0.0,current_epoch_file_integrity_not_temporal_comparability
3341,-0.2335800000000745,0,0.0,current_epoch_file_integrity_not_temporal_comparability
3342,-0.49165000000357395,0,0.0,current_epoch_file_integrity_not_temporal_comparability
3343,-0.21749999999883585,0,0.0,current_epoch_file_integrity_not_temporal_comparability
3344,0.30025000000023283,0,0.0,current_epoch_file_integrity_not_temporal_comparability
3345,-0.3276999999943655,0,0.0,current_epoch_file_integrity_not_temporal_comparability
3346,-0.16300000000046566,0,0.0,current_epoch_file_integrity_not_temporal_comparability
3347,0.48490000001038425,0,0.0,current_epoch_file_integrity_not_temporal_comparability
3348,0.2433000000019092,0,0.0,current_epoch_file_integrity_not_temporal_comparability
3349,-0.17970999999670312,0,0.0,current_epoch_file_integrity_not_temporal_comparability
3350,0.24959999998100102,0,0.0,current_epoch_file_integrity_not_temporal_comparability
3351,0.2560200000007171,0,0.0,current_epoch_file_integrity_not_temporal_comparability
3352,-0.08755999999993946,0,0.0,current_epoch_file_integrity_not_temporal_comparability
3353,0.42339999999967404,0,0.0,current_epoch_file_integrity_not_temporal_comparability
3354,0.20029999999678694,0,0.0,current_epoch_file_integrity_not_temporal_comparability
3355,-0.046159999998053536,0,0.0,current_epoch_file_integrity_not_temporal_comparability
3356,-0.14611000000149943,0,0.0,current_epoch_file_integrity_not_temporal_comparability
3357,-0.43716000000131316,0,0.0,current_epoch_file_integrity_not_temporal_comparability
3358,-0.06738999999652151,0,0.0,current_epoch_file_integrity_not_temporal_comparability
3359,-0.43377999999938766,0,0.0,current_epoch_file_integrity_not_temporal_comparability
3360,0.3675999999977648,0,0.0,current_epoch_file_integrity_not_temporal_comparability
3361,0.48651999999856343,0,0.0,current_epoch_file_integrity_not_temporal_comparability
3362,-0.10480999999708729,0,0.0,current_epoch_file_integrity_not_temporal_comparability
3363,0.12909999999101274,0,0.0,current_epoch_file_integrity_not_temporal_comparability
3364,0.3764000000010128,0,0.0,current_epoch_file_integrity_not_temporal_comparability
3365,0.4651000000012573,0,0.0,current_epoch_file_integrity_not_temporal_comparability
3366,-0.09133999999903608,0,0.0,current_epoch_file_integrity_not_temporal_comparability
3368,-0.4984400000030291,0,0.0,current_epoch_file_integrity_not_temporal_comparability
3369,-0.24354999999923166,0,0.0,current_epoch_file_integrity_not_temporal_comparability
3370,-0.4190999999991618,0,0.0,current_epoch_file_integrity_not_temporal_comparability
3371,-0.31499999994412065,0,0.0,current_epoch_file_integrity_not_temporal_comparability
3372,-0.25489999999990687,0,0.0,current_epoch_file_integrity_not_temporal_comparability
3373,0.38109999999869615,0,0.0,current_epoch_file_integrity_not_temporal_comparability
3374,0.41099999999278225,0,0.0,current_epoch_file_integrity_not_temporal_comparability
3375,0.45009999998728745,0,0.0,current_epoch_file_integrity_not_temporal_comparability
3376,0.04168999999819789,0,0.0,current_epoch_file_integrity_not_temporal_comparability
3377,0.2857999999978347,0,0.0,current_epoch_file_integrity_not_temporal_comparability
3378,-0.09900000000197906,0,0.0,current_epoch_file_integrity_not_temporal_comparability
3379,-0.35957999999664025,0,0.0,current_epoch_file_integrity_not_temporal_comparability
3380,-0.042600000044330955,0,0.0,current_epoch_file_integrity_not_temporal_comparability
3381,-0.3825000000069849,0,0.0,current_epoch_file_integrity_not_temporal_comparability
3382,-0.21450000000186265,0,0.0,current_epoch_file_integrity_not_temporal_comparability
3383,0.1329000000259839,0,0.0,current_epoch_file_integrity_not_temporal_comparability
3384,0.09811000000627246,0,0.0,current_epoch_file_integrity_not_temporal_comparability
3385,-0.15596999999979744,0,0.0,current_epoch_file_integrity_not_temporal_comparability
3386,0.44559999997727573,0,0.0,current_epoch_file_integrity_not_temporal_comparability
3387,-0.25800000003073364,0,0.0,current_epoch_file_integrity_not_temporal_comparability
3388,-0.4449800000002142,0,0.0,current_epoch_file_integrity_not_temporal_comparability
3389,-0.13939999998547137,0,0.0,current_epoch_file_integrity_not_temporal_comparability
3390,-0.2741999999852851,0,0.0,current_epoch_file_integrity_not_temporal_comparability
3391,-0.3194999999977881,0,0.0,current_epoch_file_integrity_not_temporal_comparability
3392,-0.27082000000518747,0,0.0,current_epoch_file_integrity_not_temporal_comparability
3393,0.02749999999650754,0,0.0,current_epoch_file_integrity_not_temporal_comparability
3394,-0.00810000000637956,0,0.0,current_epoch_file_integrity_not_temporal_comparability
3395,-0.0291000000142958,0,0.0,current_epoch_file_integrity_not_temporal_comparability
3396,-0.24968000000080792,0,0.0,current_epoch_file_integrity_not_temporal_comparability
3397,-0.044999999925494194,0,0.0,current_epoch_file_integrity_not_temporal_comparability
3398,-0.4955000000045402,0,0.0,current_epoch_file_integrity_not_temporal_comparability
3399,-0.4103199999954086,0,0.0,current_epoch_file_integrity_not_temporal_comparability
3400,0.47340000001713634,0,0.0,current_epoch_file_integrity_not_temporal_comparability
3401,-0.2022999999971944,0,0.0,current_epoch_file_integrity_not_temporal_comparability
3402,0.3923300000024028,0,0.0,current_epoch_file_integrity_not_temporal_comparability
3403,0.2334199999968405,0,0.0,current_epoch_file_integrity_not_temporal_comparability
3404,0.4475899999961257,0,0.0,current_epoch_file_integrity_not_temporal_comparability
3405,0.26810999999725027,0,0.0,current_epoch_file_integrity_not_temporal_comparability
3406,-0.06479999999282882,0,0.0,current_epoch_file_integrity_not_temporal_comparability
3407,0.0369700000010198,0,0.0,current_epoch_file_integrity_not_temporal_comparability
3408,-0.1927000000141561,0,0.0,current_epoch_file_integrity_not_temporal_comparability
3409,0.478159999998752,0,0.0,current_epoch_file_integrity_not_temporal_comparability
3410,-0.48501000000396743,0,0.0,current_epoch_file_integrity_not_temporal_comparability
3411,0.46425999999337364,0,0.0,current_epoch_file_integrity_not_temporal_comparability
3412,-0.2521599999963655,0,0.0,current_epoch_file_integrity_not_temporal_comparability
3413,0.16098000000056345,0,0.0,current_epoch_file_integrity_not_temporal_comparability
3414,-0.15307000000029802,0,0.0,current_epoch_file_integrity_not_temporal_comparability
3415,-0.13691999999718973,0,0.0,current_epoch_file_integrity_not_temporal_comparability
3416,-0.4011499999978696,0,0.0,current_epoch_file_integrity_not_temporal_comparability
3417,0.4206800000029034,0,0.0,current_epoch_file_integrity_not_temporal_comparability
3418,0.3916400000016438,0,0.0,current_epoch_file_integrity_not_temporal_comparability
3420,0.42170000000623986,0,0.0,current_epoch_file_integrity_not_temporal_comparability
3421,0.03470000000379514,0,0.0,current_epoch_file_integrity_not_temporal_comparability
3422,-0.09950000001117587,0,0.0,current_epoch_file_integrity_not_temporal_comparability
3424,0.35899999999674037,0,0.0,current_epoch_file_integrity_not_temporal_comparability
3425,-0.09819999999308493,0,0.0,current_epoch_file_integrity_not_temporal_comparability
3426,-0.27263000000675675,0,0.0,current_epoch_file_integrity_not_temporal_comparability
3427,-0.06908999999723164,0,0.0,current_epoch_file_integrity_not_temporal_comparability
3428,0.13438999999925727,0,0.0,current_epoch_file_integrity_not_temporal_comparability
3429,-0.3162000000011176,0,0.0,current_epoch_file_integrity_not_temporal_comparability
3430,-0.06109999999171123,0,0.0,current_epoch_file_integrity_not_temporal_comparability
3431,-0.03770999999687774,0,0.0,current_epoch_file_integrity_not_temporal_comparability
3432,0.062080000003334135,0,0.0,current_epoch_file_integrity_not_temporal_comparability
3433,0.39992999999958556,0,0.0,current_epoch_file_integrity_not_temporal_comparability
3434,-0.38379999999597203,0,0.0,current_epoch_file_integrity_not_temporal_comparability
3435,-0.029099999999743886,0,0.0,current_epoch_file_integrity_not_temporal_comparability
3436,0.2173000000184402,0,0.0,current_epoch_file_integrity_not_temporal_comparability
3437,-0.25319999997736886,0,0.0,current_epoch_file_integrity_not_temporal_comparability
3438,0.08160000000498258,0,0.0,current_epoch_file_integrity_not_temporal_comparability
3439,-0.27330000000074506,0,0.0,current_epoch_file_integrity_not_temporal_comparability
3440,0.001999999978579581,0,0.0,current_epoch_file_integrity_not_temporal_comparability
3441,-0.08599999999569263,0,0.0,current_epoch_file_integrity_not_temporal_comparability
3442,-0.3284600000042701,0,0.0,current_epoch_file_integrity_not_temporal_comparability
3443,0.3114499999937834,0,0.0,current_epoch_file_integrity_not_temporal_comparability
3444,0.22630999999819323,0,0.0,current_epoch_file_integrity_not_temporal_comparability
3445,-0.2864700000063749,0,0.0,current_epoch_file_integrity_not_temporal_comparability
3446,0.4477000000188127,0,0.0,current_epoch_file_integrity_not_temporal_comparability
3447,0.318200000008801,0,0.0,current_epoch_file_integrity_not_temporal_comparability
3448,0.11087999999290332,0,0.0,current_epoch_file_integrity_not_temporal_comparability
3449,-0.16180000000167638,0,0.0,current_epoch_file_integrity_not_temporal_comparability
3450,0.17749999999068677,0,0.0,current_epoch_file_integrity_not_temporal_comparability
3451,0.4412000000011176,0,0.0,current_epoch_file_integrity_not_temporal_comparability
3452,-0.07610000000568107,0,0.0,current_epoch_file_integrity_not_temporal_comparability
3453,-0.29439999999885913,0,0.0,current_epoch_file_integrity_not_temporal_comparability
3454,-0.47279999998863786,0,0.0,current_epoch_file_integrity_not_temporal_comparability
3455,0.22820000001229346,0,0.0,current_epoch_file_integrity_not_temporal_comparability
3456,0.05819999999948777,0,0.0,current_epoch_file_integrity_not_temporal_comparability
3457,-0.1099400000020978,0,0.0,current_epoch_file_integrity_not_temporal_comparability
3458,-0.48161999999865657,0,0.0,current_epoch_file_integrity_not_temporal_comparability
3459,0.033699999999953434,0,0.0,current_epoch_file_integrity_not_temporal_comparability
3460,0.4661999999952968,0,0.0,current_epoch_file_integrity_not_temporal_comparability
3461,0.04920000000856817,0,0.0,current_epoch_file_integrity_not_temporal_comparability
3462,-0.026639999996405095,0,0.0,current_epoch_file_integrity_not_temporal_comparability
3463,-0.060299999997369014,0,0.0,current_epoch_file_integrity_not_temporal_comparability
3464,0.22049999999580905,0,0.0,current_epoch_file_integrity_not_temporal_comparability
3465,-0.4613000000244938,0,0.0,current_epoch_file_integrity_not_temporal_comparability
3466,0.24056000000564381,0,0.0,current_epoch_file_integrity_not_temporal_comparability
3467,0.1838900000002468,0,0.0,current_epoch_file_integrity_not_temporal_comparability
3468,0.12100000004284084,0,0.0,current_epoch_file_integrity_not_temporal_comparability
3469,-0.48704999999608845,0,0.0,current_epoch_file_integrity_not_temporal_comparability
3470,-0.23063000000547618,0,0.0,current_epoch_file_integrity_not_temporal_comparability
3472,-0.204799999948591,0,0.0,current_epoch_file_integrity_not_temporal_comparability
3474,0.2949499999958789,0,0.0,current_epoch_file_integrity_not_temporal_comparability
3476,-0.11354999999457505,0,0.0,current_epoch_file_integrity_not_temporal_comparability
3477,0.0544099999970058,0,0.0,current_epoch_file_integrity_not_temporal_comparability
3478,0.437130000005709,0,0.0,current_epoch_file_integrity_not_temporal_comparability
3479,-0.34330000000773,0,0.0,current_epoch_file_integrity_not_temporal_comparability
3480,0.07159999999566935,0,0.0,current_epoch_file_integrity_not_temporal_comparability
3481,0.4820000000036089,0,0.0,current_epoch_file_integrity_not_temporal_comparability
3482,0.03219999998691492,0,0.0,current_epoch_file_integrity_not_temporal_comparability
3483,0.056849999993573874,0,0.0,current_epoch_file_integrity_not_temporal_comparability
3484,-0.2627400000055786,0,0.0,current_epoch_file_integrity_not_temporal_comparability
3485,-0.3407000000006519,0,0.0,current_epoch_file_integrity_not_temporal_comparability
3486,0.016699999978300184,0,0.0,current_epoch_file_integrity_not_temporal_comparability
3487,-0.32829999999376014,0,0.0,current_epoch_file_integrity_not_temporal_comparability
3488,-0.1312000000034459,0,0.0,current_epoch_file_integrity_not_temporal_comparability
3489,0.41787000000476837,0,0.0,current_epoch_file_integrity_not_temporal_comparability
3490,0.3972100000028149,0,0.0,current_epoch_file_integrity_not_temporal_comparability
3491,-0.08430000000225846,0,0.0,current_epoch_file_integrity_not_temporal_comparability
3492,-0.011320000005071051,0,0.0,current_epoch_file_integrity_not_temporal_comparability
3493,0.1361800000013318,0,0.0,current_epoch_file_integrity_not_temporal_comparability
3494,0.1702999999979511,0,0.0,current_epoch_file_integrity_not_temporal_comparability
3495,0.4546699999991688,0,0.0,current_epoch_file_integrity_not_temporal_comparability
3496,-0.30116000000271015,0,0.0,current_epoch_file_integrity_not_temporal_comparability
3497,0.4486400000023423,0,0.0,current_epoch_file_integrity_not_temporal_comparability
3498,-0.22750000000814907,0,0.0,current_epoch_file_integrity_not_temporal_comparability
3499,-0.11598000000230968,0,0.0,current_epoch_file_integrity_not_temporal_comparability
3500,0.31964999999763677,0,0.0,current_epoch_file_integrity_not_temporal_comparability
3501,-0.009030000001075678,0,0.0,current_epoch_file_integrity_not_temporal_comparability
3502,-0.09515999999712221,0,0.0,current_epoch_file_integrity_not_temporal_comparability
3503,0.44483999999647494,0,0.0,current_epoch_file_integrity_not_temporal_comparability
3504,0.18967999999586027,0,0.0,current_epoch_file_integrity_not_temporal_comparability
3505,0.2858399999968242,0,0.0,current_epoch_file_integrity_not_temporal_comparability
3506,-0.18387999999686144,0,0.0,current_epoch_file_integrity_not_temporal_comparability
3507,0.47537000000011176,0,0.0,current_epoch_file_integrity_not_temporal_comparability
3508,-0.33127000000240514,0,0.0,current_epoch_file_integrity_not_temporal_comparability
3509,-0.20699999993667006,0,0.0,current_epoch_file_integrity_not_temporal_comparability
3510,0.05910000001313165,0,0.0,current_epoch_file_integrity_not_temporal_comparability
3511,0.4043999999994412,0,0.0,current_epoch_file_integrity_not_temporal_comparability
3512,-0.428999999538064,0,0.0,current_epoch_file_integrity_not_temporal_comparability
3513,0.27429999999003485,0,0.0,current_epoch_file_integrity_not_temporal_comparability
3514,0.308180000007269,0,0.0,current_epoch_file_integrity_not_temporal_comparability
3515,0.34666000000288477,0,0.0,current_epoch_file_integrity_not_temporal_comparability
3516,0.35420000000158325,0,0.0,current_epoch_file_integrity_not_temporal_comparability
3517,-0.37839999998686835,0,0.0,current_epoch_file_integrity_not_temporal_comparability
3518,-0.13739999999961583,0,0.0,current_epoch_file_integrity_not_temporal_comparability
3519,0.04899999999906868,0,0.0,current_epoch_file_integrity_not_temporal_comparability
3520,-0.39897999999811873,0,0.0,current_epoch_file_integrity_not_temporal_comparability
3521,0.23970000000554137,0,0.0,current_epoch_file_integrity_not_temporal_comparability
3522,-0.32750000001396984,0,0.0,current_epoch_file_integrity_not_temporal_comparability
3523,-0.45724000000336673,0,0.0,current_epoch_file_integrity_not_temporal_comparability
3524,-0.3668600000019069,0,0.0,current_epoch_file_integrity_not_temporal_comparability
3525,0.3864000000030501,0,0.0,current_epoch_file_integrity_not_temporal_comparability
3526,0.2869000000064261,0,0.0,current_epoch_file_integrity_not_temporal_comparability
3528,0.45349999994505197,0,0.0,current_epoch_file_integrity_not_temporal_comparability
3529,0.08650000000488944,0,0.0,current_epoch_file_integrity_not_temporal_comparability
3530,-0.051219999993918464,0,0.0,current_epoch_file_integrity_not_temporal_comparability
3531,-0.16737999999895692,0,0.0,current_epoch_file_integrity_not_temporal_comparability
3532,0.21199999999953434,0,0.0,current_epoch_file_integrity_not_temporal_comparability
3533,0.24170000001322478,0,0.0,current_epoch_file_integrity_not_temporal_comparability
3534,0.12140000000363216,0,0.0,current_epoch_file_integrity_not_temporal_comparability
3535,0.012940000000526197,0,0.0,current_epoch_file_integrity_not_temporal_comparability
3536,0.08299999998416752,0,0.0,current_epoch_file_integrity_not_temporal_comparability
3537,0.29412999999476597,0,0.0,current_epoch_file_integrity_not_temporal_comparability
3538,0.2714999999734573,0,0.0,current_epoch_file_integrity_not_temporal_comparability
3539,0.4705499999981839,0,0.0,current_epoch_file_integrity_not_temporal_comparability
3540,-0.06519999995362014,0,0.0,current_epoch_file_integrity_not_temporal_comparability
3541,0.4614900000015041,0,0.0,current_epoch_file_integrity_not_temporal_comparability
3542,-0.3603000000002794,0,0.0,current_epoch_file_integrity_not_temporal_comparability
3543,0.3565999999991618,0,0.0,current_epoch_file_integrity_not_temporal_comparability
3544,-0.318570000003092,0,0.0,current_epoch_file_integrity_not_temporal_comparability
3545,0.25407000000268454,0,0.0,current_epoch_file_integrity_not_temporal_comparability
3546,-0.4477000000042608,0,0.0,current_epoch_file_integrity_not_temporal_comparability
3547,-0.13700000010430813,0,0.0,current_epoch_file_integrity_not_temporal_comparability
3548,-0.08189000000129454,0,0.0,current_epoch_file_integrity_not_temporal_comparability
3549,0.29670000000623986,0,0.0,current_epoch_file_integrity_not_temporal_comparability
3550,-0.19976000000315253,0,0.0,current_epoch_file_integrity_not_temporal_comparability
3551,0.3196699999971315,0,0.0,current_epoch_file_integrity_not_temporal_comparability
3552,-0.35667999999714084,0,0.0,current_epoch_file_integrity_not_temporal_comparability
3553,0.3603000000002794,0,0.0,current_epoch_file_integrity_not_temporal_comparability
3554,-0.4714000000094529,0,0.0,current_epoch_file_integrity_not_temporal_comparability
3555,0.20850000000791624,0,0.0,current_epoch_file_integrity_not_temporal_comparability
3556,0.4603099999949336,0,0.0,current_epoch_file_integrity_not_temporal_comparability
3557,0.28783000000112224,0,0.0,current_epoch_file_integrity_not_temporal_comparability
3558,0.36921999999321997,0,0.0,current_epoch_file_integrity_not_temporal_comparability
3559,-0.11470000000554137,0,0.0,current_epoch_file_integrity_not_temporal_comparability
3560,-0.25701000000117347,0,0.0,current_epoch_file_integrity_not_temporal_comparability
3561,0.07910999999876367,0,0.0,current_epoch_file_integrity_not_temporal_comparability
3562,-0.22900000005029142,0,0.0,current_epoch_file_integrity_not_temporal_comparability
3563,0.22340000001713634,0,0.0,current_epoch_file_integrity_not_temporal_comparability
3564,-0.24040000000968575,0,0.0,current_epoch_file_integrity_not_temporal_comparability
3565,0.2890999999945052,0,0.0,current_epoch_file_integrity_not_temporal_comparability
3566,0.41920000000391155,0,0.0,current_epoch_file_integrity_not_temporal_comparability
3567,0.45459999999729916,0,0.0,current_epoch_file_integrity_not_temporal_comparability
3568,-0.02395000000251457,0,0.0,current_epoch_file_integrity_not_temporal_comparability
3569,-0.15161999999691034,0,0.0,current_epoch_file_integrity_not_temporal_comparability
3570,-0.3790000006556511,0,0.0,current_epoch_file_integrity_not_temporal_comparability
3571,0.3189999999885913,0,0.0,current_epoch_file_integrity_not_temporal_comparability
3572,0.24618000000191387,0,0.0,current_epoch_file_integrity_not_temporal_comparability
3573,-0.04110000000218861,0,0.0,current_epoch_file_integrity_not_temporal_comparability
3574,-0.08209999999962747,0,0.0,current_epoch_file_integrity_not_temporal_comparability
3576,-0.4500000001862645,0,0.0,current_epoch_file_integrity_not_temporal_comparability
3577,0.14398000000073807,0,0.0,current_epoch_file_integrity_not_temporal_comparability
3578,0.09984999999869615,0,0.0,current_epoch_file_integrity_not_temporal_comparability
3579,0.1553799999965122,0,0.0,current_epoch_file_integrity_not_temporal_comparability
3580,0.23832999999285676,0,0.0,current_epoch_file_integrity_not_temporal_comparability
3581,-0.022570000000996515,0,0.0,current_epoch_file_integrity_not_temporal_comparability
3582,-0.11080000002402812,0,0.0,current_epoch_file_integrity_not_temporal_comparability
3583,-0.1428299999970477,0,0.0,current_epoch_file_integrity_not_temporal_comparability
3584,-0.20110000000568107,0,0.0,current_epoch_file_integrity_not_temporal_comparability
3585,0.29229999997187406,0,0.0,current_epoch_file_integrity_not_temporal_comparability
3586,-0.3919999999925494,0,0.0,current_epoch_file_integrity_not_temporal_comparability
3587,0.14280000000144355,0,0.0,current_epoch_file_integrity_not_temporal_comparability
3588,-0.4374499999976251,0,0.0,current_epoch_file_integrity_not_temporal_comparability
3589,0.2522999999928288,0,0.0,current_epoch_file_integrity_not_temporal_comparability
3590,-0.4116000000067288,0,0.0,current_epoch_file_integrity_not_temporal_comparability
3591,0.3307199999981094,0,0.0,current_epoch_file_integrity_not_temporal_comparability
3592,0.40613000000303145,0,0.0,current_epoch_file_integrity_not_temporal_comparability
3593,0.1792999999888707,0,0.0,current_epoch_file_integrity_not_temporal_comparability
3594,-0.18140000000130385,0,0.0,current_epoch_file_integrity_not_temporal_comparability
3595,0.022930000006454065,0,0.0,current_epoch_file_integrity_not_temporal_comparability
3596,-0.3018000000156462,0,0.0,current_epoch_file_integrity_not_temporal_comparability
3597,0.41714999999385327,0,0.0,current_epoch_file_integrity_not_temporal_comparability
3598,-0.03870000000461005,0,0.0,current_epoch_file_integrity_not_temporal_comparability
3599,0.24274000000150409,0,0.0,current_epoch_file_integrity_not_temporal_comparability
3600,0.4439300000012736,0,0.0,current_epoch_file_integrity_not_temporal_comparability
3601,0.3274000000092201,0,0.0,current_epoch_file_integrity_not_temporal_comparability
3602,0.09799999999813735,0,0.0,current_epoch_file_integrity_not_temporal_comparability
3603,0.14171000000351341,0,0.0,current_epoch_file_integrity_not_temporal_comparability
3604,-0.20000000001164153,0,0.0,current_epoch_file_integrity_not_temporal_comparability
3605,0.3359000000054948,0,0.0,current_epoch_file_integrity_not_temporal_comparability
3606,0.4072500000038417,0,0.0,current_epoch_file_integrity_not_temporal_comparability
3607,-0.010100000014062971,0,0.0,current_epoch_file_integrity_not_temporal_comparability
3608,0.03960000000370201,0,0.0,current_epoch_file_integrity_not_temporal_comparability
3609,0.15150000000721775,0,0.0,current_epoch_file_integrity_not_temporal_comparability
3610,-0.30930999999691267,0,0.0,current_epoch_file_integrity_not_temporal_comparability
3611,-0.023390000002109446,0,0.0,current_epoch_file_integrity_not_temporal_comparability
3612,0.327900000003865,0,0.0,current_epoch_file_integrity_not_temporal_comparability
3613,-0.375,0,0.0,current_epoch_file_integrity_not_temporal_comparability
3614,0.3697099999990314,0,0.0,current_epoch_file_integrity_not_temporal_comparability
3615,-0.3796999999904074,0,0.0,current_epoch_file_integrity_not_temporal_comparability
3616,0.2519999999785796,0,0.0,current_epoch_file_integrity_not_temporal_comparability
3617,0.06010000000242144,0,0.0,current_epoch_file_integrity_not_temporal_comparability
3618,-0.37049999996088445,0,0.0,current_epoch_file_integrity_not_temporal_comparability
3619,-0.1770799999940209,0,0.0,current_epoch_file_integrity_not_temporal_comparability
3620,-0.26881999999750406,0,0.0,current_epoch_file_integrity_not_temporal_comparability
3621,0.12355999999999767,0,0.0,current_epoch_file_integrity_not_temporal_comparability
3622,-0.24849999998696148,0,0.0,current_epoch_file_integrity_not_temporal_comparability
3623,0.4018999999971129,0,0.0,current_epoch_file_integrity_not_temporal_comparability
3624,0.029600000008940697,0,0.0,current_epoch_file_integrity_not_temporal_comparability
3625,-0.25905999999667984,0,0.0,current_epoch_file_integrity_not_temporal_comparability
3627,-0.14599999994970858,0,0.0,current_epoch_file_integrity_not_temporal_comparability
3628,0.3131199999988894,0,0.0,current_epoch_file_integrity_not_temporal_comparability
3629,-0.40270000000600703,0,0.0,current_epoch_file_integrity_not_temporal_comparability
3630,0.49276999999710824,0,0.0,current_epoch_file_integrity_not_temporal_comparability
3632,-0.35300000000279397,0,0.0,current_epoch_file_integrity_not_temporal_comparability
3633,0.46580000000540167,0,0.0,current_epoch_file_integrity_not_temporal_comparability
3634,-0.2119200000015553,0,0.0,current_epoch_file_integrity_not_temporal_comparability
3635,-0.23016999999526888,0,0.0,current_epoch_file_integrity_not_temporal_comparability
3636,-0.09390000000712462,0,0.0,current_epoch_file_integrity_not_temporal_comparability
3637,0.031099999992875382,0,0.0,current_epoch_file_integrity_not_temporal_comparability
3638,-0.2025999999968917,0,0.0,current_epoch_file_integrity_not_temporal_comparability
3639,-0.36793999999645166,0,0.0,current_epoch_file_integrity_not_temporal_comparability
3640,-0.04709999999613501,0,0.0,current_epoch_file_integrity_not_temporal_comparability
3641,-0.4731000000028871,0,0.0,current_epoch_file_integrity_not_temporal_comparability
3642,0.14600000000791624,0,0.0,current_epoch_file_integrity_not_temporal_comparability
3643,0.45230000000447035,0,0.0,current_epoch_file_integrity_not_temporal_comparability
3644,0.3122999999905005,0,0.0,current_epoch_file_integrity_not_temporal_comparability
3645,0.21033999999781372,0,0.0,current_epoch_file_integrity_not_temporal_comparability
3646,0.19530999999551568,0,0.0,current_epoch_file_integrity_not_temporal_comparability
3647,0.09223999999812804,0,0.0,current_epoch_file_integrity_not_temporal_comparability
3648,-0.4058999999979278,0,0.0,current_epoch_file_integrity_not_temporal_comparability
3649,-0.20979999999690335,0,0.0,current_epoch_file_integrity_not_temporal_comparability
3650,-0.3949399999983143,0,0.0,current_epoch_file_integrity_not_temporal_comparability
3651,0.1399000000092201,0,0.0,current_epoch_file_integrity_not_temporal_comparability
3652,0.4766200000012759,0,0.0,current_epoch_file_integrity_not_temporal_comparability
3653,0.13826000000699423,0,0.0,current_epoch_file_integrity_not_temporal_comparability
3654,-0.48072000000684056,0,0.0,current_epoch_file_integrity_not_temporal_comparability
3655,-0.45110000000568107,0,0.0,current_epoch_file_integrity_not_temporal_comparability
3656,0.28350000000500586,0,0.0,current_epoch_file_integrity_not_temporal_comparability
3657,-0.30120000000169966,0,0.0,current_epoch_file_integrity_not_temporal_comparability
3658,-0.166800000006333,0,0.0,current_epoch_file_integrity_not_temporal_comparability
3659,-0.3637299999973038,0,0.0,current_epoch_file_integrity_not_temporal_comparability
3660,0.4855000000097789,0,0.0,current_epoch_file_integrity_not_temporal_comparability
3661,-0.300520000004326,0,0.0,current_epoch_file_integrity_not_temporal_comparability
3662,0.22939999995287508,0,0.0,current_epoch_file_integrity_not_temporal_comparability
3663,-0.3419200000062119,0,0.0,current_epoch_file_integrity_not_temporal_comparability
3664,-0.24579000000085216,0,0.0,current_epoch_file_integrity_not_temporal_comparability
3665,-0.3796500000025844,0,0.0,current_epoch_file_integrity_not_temporal_comparability
3666,-0.3241000000271015,0,0.0,current_epoch_file_integrity_not_temporal_comparability
3667,-0.253999999986263,0,0.0,current_epoch_file_integrity_not_temporal_comparability
3668,0.45770000002812594,0,0.0,current_epoch_file_integrity_not_temporal_comparability
3669,-0.07959999999729916,0,0.0,current_epoch_file_integrity_not_temporal_comparability
3670,-0.25605000000359723,0,0.0,current_epoch_file_integrity_not_temporal_comparability
3671,0.4010700000071665,0,0.0,current_epoch_file_integrity_not_temporal_comparability
3672,0.3263799999986077,0,0.0,current_epoch_file_integrity_not_temporal_comparability
3673,0.3699999999953434,0,0.0,current_epoch_file_integrity_not_temporal_comparability
3674,-0.1812800000043353,0,0.0,current_epoch_file_integrity_not_temporal_comparability
3675,-0.03619999997317791,0,0.0,current_epoch_file_integrity_not_temporal_comparability
3676,-0.4800000000104774,0,0.0,current_epoch_file_integrity_not_temporal_comparability
3678,-0.48232000000280095,0,0.0,current_epoch_file_integrity_not_temporal_comparability
3679,-0.48192000000562984,0,0.0,current_epoch_file_integrity_not_temporal_comparability
3681,0.15434999999706633,0,0.0,current_epoch_file_integrity_not_temporal_comparability
3682,-0.34308999999484513,0,0.0,current_epoch_file_integrity_not_temporal_comparability
3683,-0.416190000003553,0,0.0,current_epoch_file_integrity_not_temporal_comparability
3684,-0.04999999998835847,0,0.0,current_epoch_file_integrity_not_temporal_comparability
3685,-0.07717999999294989,0,0.0,current_epoch_file_integrity_not_temporal_comparability
3686,0.16419999999925494,0,0.0,current_epoch_file_integrity_not_temporal_comparability
3687,0.2981999999610707,0,0.0,current_epoch_file_integrity_not_temporal_comparability
3688,0.34952999999950407,0,0.0,current_epoch_file_integrity_not_temporal_comparability
3689,0.47200000000884756,0,0.0,current_epoch_file_integrity_not_temporal_comparability
3690,0.18790000000444707,0,0.0,current_epoch_file_integrity_not_temporal_comparability
3691,0.22715000000607688,0,0.0,current_epoch_file_integrity_not_temporal_comparability
3692,-0.45948000000498723,0,0.0,current_epoch_file_integrity_not_temporal_comparability
3693,0.2589999999909196,0,0.0,current_epoch_file_integrity_not_temporal_comparability
3694,-0.18765000000712462,0,0.0,current_epoch_file_integrity_not_temporal_comparability
3695,-0.1446700000014971,0,0.0,current_epoch_file_integrity_not_temporal_comparability
3696,-0.37872999999672174,0,0.0,current_epoch_file_integrity_not_temporal_comparability
3697,0.03892999999516178,0,0.0,current_epoch_file_integrity_not_temporal_comparability
3698,-0.16225999999733176,0,0.0,current_epoch_file_integrity_not_temporal_comparability
3699,0.18719999998575076,0,0.0,current_epoch_file_integrity_not_temporal_comparability
3700,0.4780000001192093,0,0.0,current_epoch_file_integrity_not_temporal_comparability
3701,-0.3803099999931874,0,0.0,current_epoch_file_integrity_not_temporal_comparability
3702,0.13360000000102445,0,0.0,current_epoch_file_integrity_not_temporal_comparability
3703,-0.4356499999994412,0,0.0,current_epoch_file_integrity_not_temporal_comparability
3704,0.1962000000057742,0,0.0,current_epoch_file_integrity_not_temporal_comparability
3705,0.016629999998258427,0,0.0,current_epoch_file_integrity_not_temporal_comparability
3706,0.3357899999973597,0,0.0,current_epoch_file_integrity_not_temporal_comparability
3707,0.2932600000058301,0,0.0,current_epoch_file_integrity_not_temporal_comparability
3708,0.22456999999849359,0,0.0,current_epoch_file_integrity_not_temporal_comparability
3709,-0.46820000000298023,0,0.0,current_epoch_file_integrity_not_temporal_comparability
3710,-0.2668600000033621,0,0.0,current_epoch_file_integrity_not_temporal_comparability
3711,0.12652999999409076,0,0.0,current_epoch_file_integrity_not_temporal_comparability
3712,-0.47799999988637865,0,0.0,current_epoch_file_integrity_not_temporal_comparability
3713,-0.2176000000035856,0,0.0,current_epoch_file_integrity_not_temporal_comparability
3714,-0.006210000006831251,0,0.0,current_epoch_file_integrity_not_temporal_comparability
3715,-0.20762999999715248,0,0.0,current_epoch_file_integrity_not_temporal_comparability
3716,0.07027999999991152,0,0.0,current_epoch_file_integrity_not_temporal_comparability
3717,0.00999999999476131,0,0.0,current_epoch_file_integrity_not_temporal_comparability
3718,-0.45380999999906635,0,0.0,current_epoch_file_integrity_not_temporal_comparability
3719,0.42863000000215834,0,0.0,current_epoch_file_integrity_not_temporal_comparability
3720,-0.263810000004014,0,0.0,current_epoch_file_integrity_not_temporal_comparability
3721,-0.21014999999897555,0,0.0,current_epoch_file_integrity_not_temporal_comparability
3722,0.3321799999976065,0,0.0,current_epoch_file_integrity_not_temporal_comparability
3723,-0.10589999999501742,0,0.0,current_epoch_file_integrity_not_temporal_comparability
3725,0.2966000000014901,0,0.0,current_epoch_file_integrity_not_temporal_comparability
3726,0.4128900000068825,0,0.0,current_epoch_file_integrity_not_temporal_comparability
3727,-0.44358000000647735,0,0.0,current_epoch_file_integrity_not_temporal_comparability
3729,0.2870600000023842,0,0.0,current_epoch_file_integrity_not_temporal_comparability
3730,-0.006699999998090789,0,0.0,current_epoch_file_integrity_not_temporal_comparability
3731,-0.22740000000339933,0,0.0,current_epoch_file_integrity_not_temporal_comparability
3732,0.15039999998407438,0,0.0,current_epoch_file_integrity_not_temporal_comparability
3733,-0.028800000000046566,0,0.0,current_epoch_file_integrity_not_temporal_comparability
3734,-0.35899999999674037,0,0.0,current_epoch_file_integrity_not_temporal_comparability
3735,0.47234000000025844,0,0.0,current_epoch_file_integrity_not_temporal_comparability
3736,0.12030999999842606,0,0.0,current_epoch_file_integrity_not_temporal_comparability
3737,0.27309999999124557,0,0.0,current_epoch_file_integrity_not_temporal_comparability
3738,-0.4873500000030617,0,0.0,current_epoch_file_integrity_not_temporal_comparability
3739,0.03700000001117587,0,0.0,current_epoch_file_integrity_not_temporal_comparability
3740,0.4257999999972526,0,0.0,current_epoch_file_integrity_not_temporal_comparability
3741,-0.39979000000312226,0,0.0,current_epoch_file_integrity_not_temporal_comparability
3742,0.26829999999608845,0,0.0,current_epoch_file_integrity_not_temporal_comparability
3743,-0.21418999999877997,0,0.0,current_epoch_file_integrity_not_temporal_comparability
3744,-0.10487000000284752,0,0.0,current_epoch_file_integrity_not_temporal_comparability
3745,0.21630000000004657,0,0.0,current_epoch_file_integrity_not_temporal_comparability
3746,0.354700000025332,0,0.0,current_epoch_file_integrity_not_temporal_comparability
3747,-0.07459999999264255,0,0.0,current_epoch_file_integrity_not_temporal_comparability
3748,0.38369000000238884,0,0.0,current_epoch_file_integrity_not_temporal_comparability
3749,-0.05242000000725966,0,0.0,current_epoch_file_integrity_not_temporal_comparability
3750,0.20491000000038184,0,0.0,current_epoch_file_integrity_not_temporal_comparability
3751,-0.48866999999881955,0,0.0,current_epoch_file_integrity_not_temporal_comparability
3752,0.05961999999999534,0,0.0,current_epoch_file_integrity_not_temporal_comparability
3753,0.44930000000749715,0,0.0,current_epoch_file_integrity_not_temporal_comparability
3754,0.4918600000019069,0,0.0,current_epoch_file_integrity_not_temporal_comparability
3755,-0.0737000000081025,0,0.0,current_epoch_file_integrity_not_temporal_comparability
3756,0.18340000000898726,0,0.0,current_epoch_file_integrity_not_temporal_comparability
3757,0.061400000005960464,0,0.0,current_epoch_file_integrity_not_temporal_comparability
3758,0.20446999999694526,0,0.0,current_epoch_file_integrity_not_temporal_comparability
3759,0.2203700000027311,0,0.0,current_epoch_file_integrity_not_temporal_comparability
3760,0.29941999999573454,0,0.0,current_epoch_file_integrity_not_temporal_comparability
3761,0.2819000000017695,0,0.0,current_epoch_file_integrity_not_temporal_comparability
3762,-0.16000000000349246,0,0.0,current_epoch_file_integrity_not_temporal_comparability
3763,-0.49789999998756684,0,0.0,current_epoch_file_integrity_not_temporal_comparability
3764,0.3878899999981513,0,0.0,current_epoch_file_integrity_not_temporal_comparability
3765,-0.1262799999967683,0,0.0,current_epoch_file_integrity_not_temporal_comparability
3766,0.16550000000279397,0,0.0,current_epoch_file_integrity_not_temporal_comparability
3767,0.021000000007916242,0,0.0,current_epoch_file_integrity_not_temporal_comparability
3768,-0.41969000000244705,0,0.0,current_epoch_file_integrity_not_temporal_comparability
3769,0.36027000000467524,0,0.0,current_epoch_file_integrity_not_temporal_comparability
3770,0.18459999999322463,0,0.0,current_epoch_file_integrity_not_temporal_comparability
3774,0.08405999999376945,0,0.0,current_epoch_file_integrity_not_temporal_comparability
3776,0.4983000000065658,0,0.0,current_epoch_file_integrity_not_temporal_comparability
3777,-0.32954000000609085,0,0.0,current_epoch_file_integrity_not_temporal_comparability
3778,0.31810000000405125,0,0.0,current_epoch_file_integrity_not_temporal_comparability
3779,0.47611000000324566,0,0.0,current_epoch_file_integrity_not_temporal_comparability
3780,-0.060999999986961484,0,0.0,current_epoch_file_integrity_not_temporal_comparability
3781,0.18540000000211876,0,0.0,current_epoch_file_integrity_not_temporal_comparability
3782,-0.15846000000601634,0,0.0,current_epoch_file_integrity_not_temporal_comparability
3783,-0.19830000000365544,0,0.0,current_epoch_file_integrity_not_temporal_comparability
3784,0.16049999999813735,0,0.0,current_epoch_file_integrity_not_temporal_comparability
3785,0.38766000000032363,0,0.0,current_epoch_file_integrity_not_temporal_comparability
3786,0.12460999999893829,0,0.0,current_epoch_file_integrity_not_temporal_comparability
3787,0.43562000000383705,0,0.0,current_epoch_file_integrity_not_temporal_comparability
3788,-0.3504000000029919,0,0.0,current_epoch_file_integrity_not_temporal_comparability
3789,-0.02748000000428874,0,0.0,current_epoch_file_integrity_not_temporal_comparability
3790,0.36040000000502914,0,0.0,current_epoch_file_integrity_not_temporal_comparability
3791,-0.42290000000502914,0,0.0,current_epoch_file_integrity_not_temporal_comparability
3792,0.4895000000251457,0,0.0,current_epoch_file_integrity_not_temporal_comparability
3793,-0.05612999999721069,0,0.0,current_epoch_file_integrity_not_temporal_comparability
3794,0.3936999999859836,0,0.0,current_epoch_file_integrity_not_temporal_comparability
3795,-0.049169999998412095,0,0.0,current_epoch_file_integrity_not_temporal_comparability
3796,0.1339999999909196,0,0.0,current_epoch_file_integrity_not_temporal_comparability
3797,-0.3646000000007916,0,0.0,current_epoch_file_integrity_not_temporal_comparability
3798,0.2584999999962747,0,0.0,current_epoch_file_integrity_not_temporal_comparability
3799,-0.12211999999999534,0,0.0,current_epoch_file_integrity_not_temporal_comparability
3800,0.37660000000323635,0,0.0,current_epoch_file_integrity_not_temporal_comparability
3801,-0.4601999999722466,0,0.0,current_epoch_file_integrity_not_temporal_comparability
3802,0.20989999998710118,0,0.0,current_epoch_file_integrity_not_temporal_comparability
3803,-0.07898999999451917,0,0.0,current_epoch_file_integrity_not_temporal_comparability
3804,-0.4888000000064494,0,0.0,current_epoch_file_integrity_not_temporal_comparability
3805,-0.09340000001247972,0,0.0,current_epoch_file_integrity_not_temporal_comparability
3806,-0.008599999942816794,0,0.0,current_epoch_file_integrity_not_temporal_comparability
3807,0.18769000000611413,0,0.0,current_epoch_file_integrity_not_temporal_comparability
3808,-0.353690000003553,0,0.0,current_epoch_file_integrity_not_temporal_comparability
3809,0.3840000000782311,0,0.0,current_epoch_file_integrity_not_temporal_comparability
3810,0.2866000000067288,0,0.0,current_epoch_file_integrity_not_temporal_comparability
3811,-0.013999999966472387,0,0.0,current_epoch_file_integrity_not_temporal_comparability
3812,-0.23299999999289867,0,0.0,current_epoch_file_integrity_not_temporal_comparability
3813,-0.13813000000664033,0,0.0,current_epoch_file_integrity_not_temporal_comparability
3814,-0.2242499999993015,0,0.0,current_epoch_file_integrity_not_temporal_comparability
3815,0.2634600000019418,0,0.0,current_epoch_file_integrity_not_temporal_comparability
3816,0.14250000001629815,0,0.0,current_epoch_file_integrity_not_temporal_comparability
3818,-0.37510000000474975,0,0.0,current_epoch_file_integrity_not_temporal_comparability
3819,0.098599999997532,0,0.0,current_epoch_file_integrity_not_temporal_comparability
3820,-0.19310000000405125,0,0.0,current_epoch_file_integrity_not_temporal_comparability
3821,-0.17229999997653067,0,0.0,current_epoch_file_integrity_not_temporal_comparability
3822,0.19874000000709202,0,0.0,current_epoch_file_integrity_not_temporal_comparability
3823,-0.23099999991245568,0,0.0,current_epoch_file_integrity_not_temporal_comparability
3824,0.40679999999701977,0,0.0,current_epoch_file_integrity_not_temporal_comparability
3825,-0.04763999999704538,0,0.0,current_epoch_file_integrity_not_temporal_comparability
3826,-0.018369999997958075,0,0.0,current_epoch_file_integrity_not_temporal_comparability
3827,-0.22040000000561122,0,0.0,current_epoch_file_integrity_not_temporal_comparability
3828,0.08780000000842847,0,0.0,current_epoch_file_integrity_not_temporal_comparability
3829,0.185799999977462,0,0.0,current_epoch_file_integrity_not_temporal_comparability
3830,-0.02489999998942949,0,0.0,current_epoch_file_integrity_not_temporal_comparability
3831,-0.2676000000210479,0,0.0,current_epoch_file_integrity_not_temporal_comparability
3832,-0.2265999999945052,0,0.0,current_epoch_file_integrity_not_temporal_comparability
3833,-0.4908699999941746,0,0.0,current_epoch_file_integrity_not_temporal_comparability
3834,0.4330900000059046,0,0.0,current_epoch_file_integrity_not_temporal_comparability
3835,-0.4514999999955762,0,0.0,current_epoch_file_integrity_not_temporal_comparability
3836,0.33092999999644235,0,0.0,current_epoch_file_integrity_not_temporal_comparability
3837,0.48499999986961484,0,0.0,current_epoch_file_integrity_not_temporal_comparability
3838,-0.4686400000064168,0,0.0,current_epoch_file_integrity_not_temporal_comparability
3839,-0.10690000001341105,0,0.0,current_epoch_file_integrity_not_temporal_comparability
3840,0.35249999999359716,0,0.0,current_epoch_file_integrity_not_temporal_comparability
3841,-0.1663000000116881,0,0.0,current_epoch_file_integrity_not_temporal_comparability
3842,0.12931000000389758,0,0.0,current_epoch_file_integrity_not_temporal_comparability
3843,-0.0988999999826774,0,0.0,current_epoch_file_integrity_not_temporal_comparability
3844,0.45189999998547137,0,0.0,current_epoch_file_integrity_not_temporal_comparability
3845,0.3571999999694526,0,0.0,current_epoch_file_integrity_not_temporal_comparability
3846,0.2899000000033993,0,0.0,current_epoch_file_integrity_not_temporal_comparability
3847,0.09004999999888241,0,0.0,current_epoch_file_integrity_not_temporal_comparability
3848,-0.2733200000002398,0,0.0,current_epoch_file_integrity_not_temporal_comparability
3849,0.34994000000006054,0,0.0,current_epoch_file_integrity_not_temporal_comparability
3850,0.4951199999995879,0,0.0,current_epoch_file_integrity_not_temporal_comparability
3851,-0.4494399999966845,0,0.0,current_epoch_file_integrity_not_temporal_comparability
3852,-0.31290000000444707,0,0.0,current_epoch_file_integrity_not_temporal_comparability
3853,-0.42819999999483116,0,0.0,current_epoch_file_integrity_not_temporal_comparability
3854,-0.44043000000237953,0,0.0,current_epoch_file_integrity_not_temporal_comparability
3855,-0.3120699999999488,0,0.0,current_epoch_file_integrity_not_temporal_comparability
3856,0.4506999999866821,0,0.0,current_epoch_file_integrity_not_temporal_comparability
3857,-0.0005499999970197678,0,0.0,current_epoch_file_integrity_not_temporal_comparability
3858,0.4581000000471249,0,0.0,current_epoch_file_integrity_not_temporal_comparability
3860,-0.28200000000651926,0,0.0,current_epoch_file_integrity_not_temporal_comparability
3861,-0.4254899999941699,0,0.0,current_epoch_file_integrity_not_temporal_comparability
3863,0.09049999999115244,0,0.0,current_epoch_file_integrity_not_temporal_comparability
3864,-0.1301999999996042,0,0.0,current_epoch_file_integrity_not_temporal_comparability
3866,-0.3675500000026659,0,0.0,current_epoch_file_integrity_not_temporal_comparability
3867,0.054899999988265336,0,0.0,current_epoch_file_integrity_not_temporal_comparability
3868,-0.45079999999143183,0,0.0,current_epoch_file_integrity_not_temporal_comparability
3869,-0.414299999945797,0,0.0,current_epoch_file_integrity_not_temporal_comparability
3870,-0.2053200000009383,0,0.0,current_epoch_file_integrity_not_temporal_comparability
3871,-0.28839000000152737,0,0.0,current_epoch_file_integrity_not_temporal_comparability
3872,0.12291999999433756,0,0.0,current_epoch_file_integrity_not_temporal_comparability
3873,0.3876200000013341,0,0.0,current_epoch_file_integrity_not_temporal_comparability
3874,-0.32050000003073364,0,0.0,current_epoch_file_integrity_not_temporal_comparability
3875,0.24563999999372754,0,0.0,current_epoch_file_integrity_not_temporal_comparability
3876,0.49708000000100583,0,0.0,current_epoch_file_integrity_not_temporal_comparability
3877,-0.32964999999967404,0,0.0,current_epoch_file_integrity_not_temporal_comparability
3878,-0.414969999997993,0,0.0,current_epoch_file_integrity_not_temporal_comparability
3879,0.49940999999671476,0,0.0,current_epoch_file_integrity_not_temporal_comparability
3880,0.16810000000987202,0,0.0,current_epoch_file_integrity_not_temporal_comparability
3881,-0.34999999962747097,0,0.0,current_epoch_file_integrity_not_temporal_comparability
3882,0.04610000000684522,0,0.0,current_epoch_file_integrity_not_temporal_comparability
3883,0.008360000007087365,0,0.0,current_epoch_file_integrity_not_temporal_comparability
3884,0.46749999999883585,0,0.0,current_epoch_file_integrity_not_temporal_comparability
3885,0.4238000000041211,0,0.0,current_epoch_file_integrity_not_temporal_comparability
3886,0.17100000008940697,0,0.0,current_epoch_file_integrity_not_temporal_comparability
3887,0.280399999988731,0,0.0,current_epoch_file_integrity_not_temporal_comparability
3888,-0.4870000001974404,0,0.0,current_epoch_file_integrity_not_temporal_comparability
3889,-0.30139999999664724,0,0.0,current_epoch_file_integrity_not_temporal_comparability
3890,-0.13679999997839332,0,0.0,current_epoch_file_integrity_not_temporal_comparability
3891,0.3108000000065658,0,0.0,current_epoch_file_integrity_not_temporal_comparability
3892,0.12455999999656342,0,0.0,current_epoch_file_integrity_not_temporal_comparability
3893,0.4739100000006147,0,0.0,current_epoch_file_integrity_not_temporal_comparability
3894,-0.35740000000805594,0,0.0,current_epoch_file_integrity_not_temporal_comparability
3895,0.09200000000419095,0,0.0,current_epoch_file_integrity_not_temporal_comparability
3896,0.4690999999875203,0,0.0,current_epoch_file_integrity_not_temporal_comparability
3898,-0.2449800000031246,0,0.0,current_epoch_file_integrity_not_temporal_comparability
3899,0.3675999999977648,0,0.0,current_epoch_file_integrity_not_temporal_comparability
3900,-0.31407999999646563,0,0.0,current_epoch_file_integrity_not_temporal_comparability
3901,-0.24717000000237022,0,0.0,current_epoch_file_integrity_not_temporal_comparability
3902,-0.3473900000026333,0,0.0,current_epoch_file_integrity_not_temporal_comparability
3903,0.16568000000552274,0,0.0,current_epoch_file_integrity_not_temporal_comparability
3904,0.3444999999992433,0,0.0,current_epoch_file_integrity_not_temporal_comparability
3905,0.38289999996777624,0,0.0,current_epoch_file_integrity_not_temporal_comparability
3906,0.17990000000281725,0,0.0,current_epoch_file_integrity_not_temporal_comparability
3908,0.26110000000335276,0,0.0,current_epoch_file_integrity_not_temporal_comparability
3909,0.3987999999662861,0,0.0,current_epoch_file_integrity_not_temporal_comparability
3910,0.4402000000118278,0,0.0,current_epoch_file_integrity_not_temporal_comparability
3911,-0.1776899999968009,0,0.0,current_epoch_file_integrity_not_temporal_comparability
3912,-0.2709000000031665,0,0.0,current_epoch_file_integrity_not_temporal_comparability
3913,0.3848699999944074,0,0.0,current_epoch_file_integrity_not_temporal_comparability
3914,-0.09743000000162283,0,0.0,current_epoch_file_integrity_not_temporal_comparability
3915,-0.3653699999995297,0,0.0,current_epoch_file_integrity_not_temporal_comparability
3916,-0.3325699999986682,0,0.0,current_epoch_file_integrity_not_temporal_comparability
3917,0.32683999999426305,0,0.0,current_epoch_file_integrity_not_temporal_comparability
3918,0.3468399999983376,0,0.0,current_epoch_file_integrity_not_temporal_comparability
3919,-0.046970000003057066,0,0.0,current_epoch_file_integrity_not_temporal_comparability
3920,0.049000000115484,0,0.0,current_epoch_file_integrity_not_temporal_comparability
3921,-0.08799999998882413,0,0.0,current_epoch_file_integrity_not_temporal_comparability
3922,-0.011299999998300336,0,0.0,current_epoch_file_integrity_not_temporal_comparability
3923,-0.4388299999991432,0,0.0,current_epoch_file_integrity_not_temporal_comparability
3924,-0.13031000000046333,0,0.0,current_epoch_file_integrity_not_temporal_comparability
3925,0.16335000000253785,0,0.0,current_epoch_file_integrity_not_temporal_comparability
3926,0.39300000001094304,0,0.0,current_epoch_file_integrity_not_temporal_comparability
3927,-0.30731000000378117,0,0.0,current_epoch_file_integrity_not_temporal_comparability
3928,-0.17410000000381842,0,0.0,current_epoch_file_integrity_not_temporal_comparability
3929,-0.37387999999918975,0,0.0,current_epoch_file_integrity_not_temporal_comparability
3930,-0.4267200000031153,0,0.0,current_epoch_file_integrity_not_temporal_comparability
3931,-0.06953999999677762,0,0.0,current_epoch_file_integrity_not_temporal_comparability
3932,-0.26709999999729916,0,0.0,current_epoch_file_integrity_not_temporal_comparability
3933,-0.40600000000267755,0,0.0,current_epoch_file_integrity_not_temporal_comparability
3934,0.15533999999752268,0,0.0,current_epoch_file_integrity_not_temporal_comparability
3935,0.34750000000349246,0,0.0,current_epoch_file_integrity_not_temporal_comparability
3936,0.12429999999585561,0,0.0,current_epoch_file_integrity_not_temporal_comparability
3937,0.09438999999838416,0,0.0,current_epoch_file_integrity_not_temporal_comparability
3938,0.43099999986588955,0,0.0,current_epoch_file_integrity_not_temporal_comparability
3939,-0.14166999999724794,0,0.0,current_epoch_file_integrity_not_temporal_comparability
3940,0.22926000000006752,0,0.0,current_epoch_file_integrity_not_temporal_comparability
3942,-0.45640999999886844,0,0.0,current_epoch_file_integrity_not_temporal_comparability
3943,-0.10499999998137355,0,0.0,current_epoch_file_integrity_not_temporal_comparability
3944,0.3035999999847263,0,0.0,current_epoch_file_integrity_not_temporal_comparability
3945,-0.025739999997313134,0,0.0,current_epoch_file_integrity_not_temporal_comparability
3946,-0.3542100000049686,0,0.0,current_epoch_file_integrity_not_temporal_comparability
3947,-0.140400000003865,0,0.0,current_epoch_file_integrity_not_temporal_comparability
3948,-0.11508999999932712,0,0.0,current_epoch_file_integrity_not_temporal_comparability
3949,-0.07550000000628643,0,0.0,current_epoch_file_integrity_not_temporal_comparability
3951,0.17540000000735745,0,0.0,current_epoch_file_integrity_not_temporal_comparability
3952,0.1755999999877531,0,0.0,current_epoch_file_integrity_not_temporal_comparability
3953,0.2201000000059139,0,0.0,current_epoch_file_integrity_not_temporal_comparability
3954,0.125,0,0.0,current_epoch_file_integrity_not_temporal_comparability
3955,-0.0697199999995064,0,0.0,current_epoch_file_integrity_not_temporal_comparability
3956,-0.27230000001145527,0,0.0,current_epoch_file_integrity_not_temporal_comparability
3957,0.20800000001327135,0,0.0,current_epoch_file_integrity_not_temporal_comparability
3958,0.46100000001024455,0,0.0,current_epoch_file_integrity_not_temporal_comparability
3959,0.31918999999470543,0,0.0,current_epoch_file_integrity_not_temporal_comparability
3960,0.41820000001462176,0,0.0,current_epoch_file_integrity_not_temporal_comparability
3961,-0.34949999999662396,0,0.0,current_epoch_file_integrity_not_temporal_comparability
3962,-0.49640000000363216,0,0.0,current_epoch_file_integrity_not_temporal_comparability
3963,-0.4153999999980442,0,0.0,current_epoch_file_integrity_not_temporal_comparability
3964,0.36023999999451917,0,0.0,current_epoch_file_integrity_not_temporal_comparability
3965,-0.4256199999945238,0,0.0,current_epoch_file_integrity_not_temporal_comparability
3966,-0.31659999999101274,0,0.0,current_epoch_file_integrity_not_temporal_comparability
3967,0.04670000000623986,0,0.0,current_epoch_file_integrity_not_temporal_comparability
3968,0.375,0,0.0,current_epoch_file_integrity_not_temporal_comparability
3969,-0.42850999999791384,0,0.0,current_epoch_file_integrity_not_temporal_comparability
3970,0.30653000000165775,0,0.0,current_epoch_file_integrity_not_temporal_comparability
3971,-0.04527000000234693,0,0.0,current_epoch_file_integrity_not_temporal_comparability
3972,-0.019700000004377216,0,0.0,current_epoch_file_integrity_not_temporal_comparability
3973,-0.4643999999971129,0,0.0,current_epoch_file_integrity_not_temporal_comparability
3974,-0.13980000000447035,0,0.0,current_epoch_file_integrity_not_temporal_comparability
3975,-0.17171999999845866,0,0.0,current_epoch_file_integrity_not_temporal_comparability
3976,-0.4965200000006007,0,0.0,current_epoch_file_integrity_not_temporal_comparability
3977,-0.4298000000126194,0,0.0,current_epoch_file_integrity_not_temporal_comparability
3978,0.47799999988637865,0,0.0,current_epoch_file_integrity_not_temporal_comparability
3979,0.39822000000276603,0,0.0,current_epoch_file_integrity_not_temporal_comparability
3980,0.010779999996884726,0,0.0,current_epoch_file_integrity_not_temporal_comparability
3981,-0.0545200000051409,0,0.0,current_epoch_file_integrity_not_temporal_comparability
3982,0.4761399999988498,0,0.0,current_epoch_file_integrity_not_temporal_comparability
3983,-0.2489999999961583,0,0.0,current_epoch_file_integrity_not_temporal_comparability
3984,0.2606099999975413,0,0.0,current_epoch_file_integrity_not_temporal_comparability
3985,0.04740000001038425,0,0.0,current_epoch_file_integrity_not_temporal_comparability
3986,0.29590000002644956,0,0.0,current_epoch_file_integrity_not_temporal_comparability
3987,0.0011999999987892807,0,0.0,current_epoch_file_integrity_not_temporal_comparability
3988,-0.09870000000228174,0,0.0,current_epoch_file_integrity_not_temporal_comparability
3989,-0.06979999999748543,0,0.0,current_epoch_file_integrity_not_temporal_comparability
3990,0.41620000000693835,0,0.0,current_epoch_file_integrity_not_temporal_comparability
3991,0.4549000000115484,0,0.0,current_epoch_file_integrity_not_temporal_comparability
3992,0.42689999999129213,0,0.0,current_epoch_file_integrity_not_temporal_comparability
3993,-0.3489999999292195,0,0.0,current_epoch_file_integrity_not_temporal_comparability
3994,0.2693600000056904,0,0.0,current_epoch_file_integrity_not_temporal_comparability
3995,0.48740000001271255,0,0.0,current_epoch_file_integrity_not_temporal_comparability
3996,0.38830000000598375,0,0.0,current_epoch_file_integrity_not_temporal_comparability
3997,0.2179099999993923,0,0.0,current_epoch_file_integrity_not_temporal_comparability
3998,-0.21467999999731546,0,0.0,current_epoch_file_integrity_not_temporal_comparability
3999,0.3986999999906402,0,0.0,current_epoch_file_integrity_not_temporal_comparability
4000,0.04694000000017695,0,0.0,current_epoch_file_integrity_not_temporal_comparability
4001,0.3121899999969173,0,0.0,current_epoch_file_integrity_not_temporal_comparability
4002,-0.45657000000210246,0,0.0,current_epoch_file_integrity_not_temporal_comparability
4003,0.00939999999536667,0,0.0,current_epoch_file_integrity_not_temporal_comparability
4004,-0.17355000000679865,0,0.0,current_epoch_file_integrity_not_temporal_comparability
4005,-0.4772899999952642,0,0.0,current_epoch_file_integrity_not_temporal_comparability
4006,-0.4300999999977648,0,0.0,current_epoch_file_integrity_not_temporal_comparability
4007,0.03620000000228174,0,0.0,current_epoch_file_integrity_not_temporal_comparability
4008,-0.08880000002682209,0,0.0,current_epoch_file_integrity_not_temporal_comparability
4009,-0.1336299999966286,0,0.0,current_epoch_file_integrity_not_temporal_comparability
4010,-0.2767000000021653,0,0.0,current_epoch_file_integrity_not_temporal_comparability
4011,-0.10490000000572763,0,0.0,current_epoch_file_integrity_not_temporal_comparability
4012,-0.0799000000115484,0,0.0,current_epoch_file_integrity_not_temporal_comparability
4013,-0.1790000000037253,0,0.0,current_epoch_file_integrity_not_temporal_comparability
4014,0.2748999999894295,0,0.0,current_epoch_file_integrity_not_temporal_comparability
4015,0.2844999999506399,0,0.0,current_epoch_file_integrity_not_temporal_comparability
4016,0.30090000000200234,0,0.0,current_epoch_file_integrity_not_temporal_comparability
4017,0.4270999999716878,0,0.0,current_epoch_file_integrity_not_temporal_comparability
4018,-0.20536000000720378,0,0.0,current_epoch_file_integrity_not_temporal_comparability
4019,-0.16393999999854714,0,0.0,current_epoch_file_integrity_not_temporal_comparability
4020,0.31652999999641906,0,0.0,current_epoch_file_integrity_not_temporal_comparability
4021,0.3210999999428168,0,0.0,current_epoch_file_integrity_not_temporal_comparability
4022,-0.31629999994765967,0,0.0,current_epoch_file_integrity_not_temporal_comparability
4023,-0.2541999999957625,0,0.0,current_epoch_file_integrity_not_temporal_comparability
4024,-0.1749599999966449,0,0.0,current_epoch_file_integrity_not_temporal_comparability
4025,-0.49290000001201406,0,0.0,current_epoch_file_integrity_not_temporal_comparability
4026,-0.17685000000346918,0,0.0,current_epoch_file_integrity_not_temporal_comparability
4027,-0.45809999998891726,0,0.0,current_epoch_file_integrity_not_temporal_comparability
4028,0.061789999999746215,0,0.0,current_epoch_file_integrity_not_temporal_comparability
4029,0.009729999997944105,0,0.0,current_epoch_file_integrity_not_temporal_comparability
4030,0.03027000000292901,0,0.0,current_epoch_file_integrity_not_temporal_comparability
4031,0.013299999991431832,0,0.0,current_epoch_file_integrity_not_temporal_comparability
4032,0.0369700000010198,0,0.0,current_epoch_file_integrity_not_temporal_comparability
4033,0.18210999999428168,0,0.0,current_epoch_file_integrity_not_temporal_comparability
4034,0.22999999998137355,0,0.0,current_epoch_file_integrity_not_temporal_comparability
4036,0.19860000000335276,0,0.0,current_epoch_file_integrity_not_temporal_comparability
4037,-0.47083000000566244,0,0.0,current_epoch_file_integrity_not_temporal_comparability
4038,0.07214000000385568,0,0.0,current_epoch_file_integrity_not_temporal_comparability
4039,-0.44759999999951106,0,0.0,current_epoch_file_integrity_not_temporal_comparability
4040,-0.49589999999443535,0,0.0,current_epoch_file_integrity_not_temporal_comparability
4041,-0.2040599999963888,0,0.0,current_epoch_file_integrity_not_temporal_comparability
4042,-0.0596300000033807,0,0.0,current_epoch_file_integrity_not_temporal_comparability
4043,0.21331000000645872,0,0.0,current_epoch_file_integrity_not_temporal_comparability
4044,-0.3906200000055833,0,0.0,current_epoch_file_integrity_not_temporal_comparability
4045,-0.16972000000532717,0,0.0,current_epoch_file_integrity_not_temporal_comparability
4046,-0.1957299999994575,0,0.0,current_epoch_file_integrity_not_temporal_comparability
4047,0.290050000003248,0,0.0,current_epoch_file_integrity_not_temporal_comparability
4048,-0.4744000000064261,0,0.0,current_epoch_file_integrity_not_temporal_comparability
4049,-0.09328000000095926,0,0.0,current_epoch_file_integrity_not_temporal_comparability
4050,0.37335999999777414,0,0.0,current_epoch_file_integrity_not_temporal_comparability
4051,-0.11389000000053784,0,0.0,current_epoch_file_integrity_not_temporal_comparability
4052,-0.3187000000034459,0,0.0,current_epoch_file_integrity_not_temporal_comparability
4053,-0.4404000000213273,0,0.0,current_epoch_file_integrity_not_temporal_comparability
4054,-0.2679199999984121,0,0.0,current_epoch_file_integrity_not_temporal_comparability
4055,0.36869999999180436,0,0.0,current_epoch_file_integrity_not_temporal_comparability
4056,0.2871000000159256,0,0.0,current_epoch_file_integrity_not_temporal_comparability
4057,-0.438479999997071,0,0.0,current_epoch_file_integrity_not_temporal_comparability
4058,0.21400000000721775,0,0.0,current_epoch_file_integrity_not_temporal_comparability
4059,-0.003300000011222437,0,0.0,current_epoch_file_integrity_not_temporal_comparability
4060,-0.19909999999799766,0,0.0,current_epoch_file_integrity_not_temporal_comparability
4061,-0.214510000005248,0,0.0,current_epoch_file_integrity_not_temporal_comparability
4062,0.12380000000121072,0,0.0,current_epoch_file_integrity_not_temporal_comparability
4063,-0.3497999999963213,0,0.0,current_epoch_file_integrity_not_temporal_comparability
4064,0.3351999999722466,0,0.0,current_epoch_file_integrity_not_temporal_comparability
4065,-0.17296999999962281,0,0.0,current_epoch_file_integrity_not_temporal_comparability
4066,-0.1242599999968661,0,0.0,current_epoch_file_integrity_not_temporal_comparability
4067,-0.10004999999364372,0,0.0,current_epoch_file_integrity_not_temporal_comparability
4068,-0.012699999992037192,0,0.0,current_epoch_file_integrity_not_temporal_comparability
4069,-0.14160000000265427,0,0.0,current_epoch_file_integrity_not_temporal_comparability
4070,-0.012099999992642552,0,0.0,current_epoch_file_integrity_not_temporal_comparability
4071,0.33350000000791624,0,0.0,current_epoch_file_integrity_not_temporal_comparability
4072,0.23141999999643303,0,0.0,current_epoch_file_integrity_not_temporal_comparability
4073,0.4911100000026636,0,0.0,current_epoch_file_integrity_not_temporal_comparability
4074,-0.2207699999999022,0,0.0,current_epoch_file_integrity_not_temporal_comparability
4075,-0.47450000001117587,0,0.0,current_epoch_file_integrity_not_temporal_comparability
4076,-0.3630999999877531,0,0.0,current_epoch_file_integrity_not_temporal_comparability
4078,-0.28003999999782536,0,0.0,current_epoch_file_integrity_not_temporal_comparability
4079,0.3460000000195578,0,0.0,current_epoch_file_integrity_not_temporal_comparability
4080,0.1568799999949988,0,0.0,current_epoch_file_integrity_not_temporal_comparability
4081,-0.3255000000062864,0,0.0,current_epoch_file_integrity_not_temporal_comparability
4082,0.24510000000009313,0,0.0,current_epoch_file_integrity_not_temporal_comparability
4083,-0.3944999999948777,0,0.0,current_epoch_file_integrity_not_temporal_comparability
4084,-0.2673300000024028,0,0.0,current_epoch_file_integrity_not_temporal_comparability
4086,-0.4188999999896623,0,0.0,current_epoch_file_integrity_not_temporal_comparability
4087,-0.2858399999968242,0,0.0,current_epoch_file_integrity_not_temporal_comparability
4088,-0.13430000000516884,0,0.0,current_epoch_file_integrity_not_temporal_comparability
4089,0.06390000000828877,0,0.0,current_epoch_file_integrity_not_temporal_comparability
4090,-0.4504000000015367,0,0.0,current_epoch_file_integrity_not_temporal_comparability
4091,-0.19724000000132946,0,0.0,current_epoch_file_integrity_not_temporal_comparability
4092,-0.20800000010058284,0,0.0,current_epoch_file_integrity_not_temporal_comparability
4093,0.12877999999909662,0,0.0,current_epoch_file_integrity_not_temporal_comparability
4094,-0.2246000000013737,0,0.0,current_epoch_file_integrity_not_temporal_comparability
4095,-0.45279999999911524,0,0.0,current_epoch_file_integrity_not_temporal_comparability
4096,0.4841000000014901,0,0.0,current_epoch_file_integrity_not_temporal_comparability
4097,0.07871000000159256,0,0.0,current_epoch_file_integrity_not_temporal_comparability
4098,0.41972000000532717,0,0.0,current_epoch_file_integrity_not_temporal_comparability
4099,-0.3059999999968568,0,0.0,current_epoch_file_integrity_not_temporal_comparability
4100,0.1967000000004191,0,0.0,current_epoch_file_integrity_not_temporal_comparability
4101,0.1665999999968335,0,0.0,current_epoch_file_integrity_not_temporal_comparability
4102,-0.11590000000433065,0,0.0,current_epoch_file_integrity_not_temporal_comparability
4103,-0.059840000001713634,0,0.0,current_epoch_file_integrity_not_temporal_comparability
4104,-0.34329999999317806,0,0.0,current_epoch_file_integrity_not_temporal_comparability
4105,-0.38339999999152496,0,0.0,current_epoch_file_integrity_not_temporal_comparability
4106,-0.13091999999596737,0,0.0,current_epoch_file_integrity_not_temporal_comparability
4107,0.33797000000049593,0,0.0,current_epoch_file_integrity_not_temporal_comparability
4108,0.4277600000059465,0,0.0,current_epoch_file_integrity_not_temporal_comparability
4109,-0.27729999998700805,0,0.0,current_epoch_file_integrity_not_temporal_comparability
4110,-0.018580000003566965,0,0.0,current_epoch_file_integrity_not_temporal_comparability
4111,-0.45709999999962747,0,0.0,current_epoch_file_integrity_not_temporal_comparability
4112,0.46129999999538995,0,0.0,current_epoch_file_integrity_not_temporal_comparability
4113,0.10744000000704546,0,0.0,current_epoch_file_integrity_not_temporal_comparability
4114,0.019480000002658926,0,0.0,current_epoch_file_integrity_not_temporal_comparability
4115,0.31811000000016065,0,0.0,current_epoch_file_integrity_not_temporal_comparability
4116,-0.042789999999513384,0,0.0,current_epoch_file_integrity_not_temporal_comparability
4117,0.11763999999675434,0,0.0,current_epoch_file_integrity_not_temporal_comparability
4118,-0.3130000000819564,0,0.0,current_epoch_file_integrity_not_temporal_comparability
4119,0.1190199999982724,0,0.0,current_epoch_file_integrity_not_temporal_comparability
4120,0.11380000000644941,0,0.0,current_epoch_file_integrity_not_temporal_comparability
4121,-0.40011000000231434,0,0.0,current_epoch_file_integrity_not_temporal_comparability
4122,0.2551499999972293,0,0.0,current_epoch_file_integrity_not_temporal_comparability
4123,-0.03220000001601875,0,0.0,current_epoch_file_integrity_not_temporal_comparability
4124,-0.046539999995729886,0,0.0,current_epoch_file_integrity_not_temporal_comparability
4125,-0.20586000000184868,0,0.0,current_epoch_file_integrity_not_temporal_comparability
4126,-0.03149000000121305,0,0.0,current_epoch_file_integrity_not_temporal_comparability
4127,-0.05537000000185799,0,0.0,current_epoch_file_integrity_not_temporal_comparability
4128,0.45036000000254717,0,0.0,current_epoch_file_integrity_not_temporal_comparability
4129,0.4627000000036787,0,0.0,current_epoch_file_integrity_not_temporal_comparability
4131,0.29469999999855645,0,0.0,current_epoch_file_integrity_not_temporal_comparability
4132,-0.22710000001825392,0,0.0,current_epoch_file_integrity_not_temporal_comparability
4133,-0.47396000000298955,0,0.0,current_epoch_file_integrity_not_temporal_comparability
4134,-0.3020000000251457,0,0.0,current_epoch_file_integrity_not_temporal_comparability
4135,0.371000000013737,0,0.0,current_epoch_file_integrity_not_temporal_comparability
4136,0.4766799999997602,0,0.0,current_epoch_file_integrity_not_temporal_comparability
4137,-0.13438000000314787,0,0.0,current_epoch_file_integrity_not_temporal_comparability
4138,0.10360000000218861,0,0.0,current_epoch_file_integrity_not_temporal_comparability
4139,-0.14409999997587875,0,0.0,current_epoch_file_integrity_not_temporal_comparability
4140,0.4593999999924563,0,0.0,current_epoch_file_integrity_not_temporal_comparability
4141,0.16955000000598375,0,0.0,current_epoch_file_integrity_not_temporal_comparability
4142,-0.3357899999973597,0,0.0,current_epoch_file_integrity_not_temporal_comparability
4143,0.07491999999911059,0,0.0,current_epoch_file_integrity_not_temporal_comparability
4144,-0.16700000000128057,0,0.0,current_epoch_file_integrity_not_temporal_comparability
4145,-0.45829999999841675,0,0.0,current_epoch_file_integrity_not_temporal_comparability
4146,-0.16612999999779277,0,0.0,current_epoch_file_integrity_not_temporal_comparability
4147,-0.07506000000284985,0,0.0,current_epoch_file_integrity_not_temporal_comparability
4149,0.07500000001164153,0,0.0,current_epoch_file_integrity_not_temporal_comparability
4150,-0.12390000000596046,0,0.0,current_epoch_file_integrity_not_temporal_comparability
4151,0.3853999999992084,0,0.0,current_epoch_file_integrity_not_temporal_comparability
4152,-0.32850000000325963,0,0.0,current_epoch_file_integrity_not_temporal_comparability
4153,0.42612000000372063,0,0.0,current_epoch_file_integrity_not_temporal_comparability
4154,0.20289000000047963,0,0.0,current_epoch_file_integrity_not_temporal_comparability
4155,0.4680000003427267,0,0.0,current_epoch_file_integrity_not_temporal_comparability
4156,0.021799999987706542,0,0.0,current_epoch_file_integrity_not_temporal_comparability
4157,0.3077999999950407,0,0.0,current_epoch_file_integrity_not_temporal_comparability
4159,-0.025400000013178214,0,0.0,current_epoch_file_integrity_not_temporal_comparability
4161,-0.18056999999680556,0,0.0,current_epoch_file_integrity_not_temporal_comparability
4162,-0.0936199999996461,0,0.0,current_epoch_file_integrity_not_temporal_comparability
4163,0.11290999999619089,0,0.0,current_epoch_file_integrity_not_temporal_comparability
4164,-0.2533100000000559,0,0.0,current_epoch_file_integrity_not_temporal_comparability
4165,0.23090000002412125,0,0.0,current_epoch_file_integrity_not_temporal_comparability
4166,0.29670000000623986,0,0.0,current_epoch_file_integrity_not_temporal_comparability
4167,-0.0028400000010151416,0,0.0,current_epoch_file_integrity_not_temporal_comparability
4168,-0.07509999998728745,0,0.0,current_epoch_file_integrity_not_temporal_comparability
4169,-0.11211999999795808,0,0.0,current_epoch_file_integrity_not_temporal_comparability
4170,-0.0035399999978835694,0,0.0,current_epoch_file_integrity_not_temporal_comparability
4171,0.41221000000223285,0,0.0,current_epoch_file_integrity_not_temporal_comparability
4172,0.16690000001108274,0,0.0,current_epoch_file_integrity_not_temporal_comparability
4173,0.256150000001071,0,0.0,current_epoch_file_integrity_not_temporal_comparability
4174,-0.0801999999966938,0,0.0,current_epoch_file_integrity_not_temporal_comparability
4175,-0.4270999999716878,0,0.0,current_epoch_file_integrity_not_temporal_comparability
4176,0.20360000000800937,0,0.0,current_epoch_file_integrity_not_temporal_comparability
4177,-0.08059999998658895,0,0.0,current_epoch_file_integrity_not_temporal_comparability
4178,0.24546999999438412,0,0.0,current_epoch_file_integrity_not_temporal_comparability
4179,-0.19589999999152496,0,0.0,current_epoch_file_integrity_not_temporal_comparability
4180,-0.08879999999771826,0,0.0,current_epoch_file_integrity_not_temporal_comparability
4181,0.2713800000055926,0,0.0,current_epoch_file_integrity_not_temporal_comparability
4182,-0.020600000047124922,0,0.0,current_epoch_file_integrity_not_temporal_comparability
4183,-0.39500000001862645,0,0.0,current_epoch_file_integrity_not_temporal_comparability
4184,-0.2690000000875443,0,0.0,current_epoch_file_integrity_not_temporal_comparability
4185,0.34949000000051456,0,0.0,current_epoch_file_integrity_not_temporal_comparability
4186,0.35358999999880325,0,0.0,current_epoch_file_integrity_not_temporal_comparability
4187,0.04129999998258427,0,0.0,current_epoch_file_integrity_not_temporal_comparability
4188,0.2516999999934342,0,0.0,current_epoch_file_integrity_not_temporal_comparability
4189,-0.3273800000024494,0,0.0,current_epoch_file_integrity_not_temporal_comparability
4190,0.24281999999948312,0,0.0,current_epoch_file_integrity_not_temporal_comparability
4191,-0.3417300000000978,0,0.0,current_epoch_file_integrity_not_temporal_comparability
4192,0.4375900000013644,0,0.0,current_epoch_file_integrity_not_temporal_comparability
4193,0.10095999999612104,0,0.0,current_epoch_file_integrity_not_temporal_comparability
4194,-0.13087999999697786,0,0.0,current_epoch_file_integrity_not_temporal_comparability
4195,-0.2907600000035018,0,0.0,current_epoch_file_integrity_not_temporal_comparability
4196,0.14380000000528526,0,0.0,current_epoch_file_integrity_not_temporal_comparability
4197,0.45209999999497086,0,0.0,current_epoch_file_integrity_not_temporal_comparability
4198,0.42115999999805354,0,0.0,current_epoch_file_integrity_not_temporal_comparability
4199,-0.29960000002756715,0,0.0,current_epoch_file_integrity_not_temporal_comparability
4200,0.3231999999989057,0,0.0,current_epoch_file_integrity_not_temporal_comparability
4201,-0.49390000000130385,0,0.0,current_epoch_file_integrity_not_temporal_comparability
4202,0.2981900000013411,0,0.0,current_epoch_file_integrity_not_temporal_comparability
4203,0.45380000000295695,0,0.0,current_epoch_file_integrity_not_temporal_comparability
4204,-0.36185000000114087,0,0.0,current_epoch_file_integrity_not_temporal_comparability
4205,0.12544000000343658,0,0.0,current_epoch_file_integrity_not_temporal_comparability
4206,-0.4250999999931082,0,0.0,current_epoch_file_integrity_not_temporal_comparability
4207,0.48840999999811174,0,0.0,current_epoch_file_integrity_not_temporal_comparability
4208,0.37810000000172295,0,0.0,current_epoch_file_integrity_not_temporal_comparability
4209,0.03760000001057051,0,0.0,current_epoch_file_integrity_not_temporal_comparability
4210,-0.2961300000024494,0,0.0,current_epoch_file_integrity_not_temporal_comparability
4211,-0.33703999999852385,0,0.0,current_epoch_file_integrity_not_temporal_comparability
4212,-0.44169999996665865,0,0.0,current_epoch_file_integrity_not_temporal_comparability
4213,-0.07842999999411404,0,0.0,current_epoch_file_integrity_not_temporal_comparability
4214,0.0044000000052619725,0,0.0,current_epoch_file_integrity_not_temporal_comparability
4215,0.18422999999893364,0,0.0,current_epoch_file_integrity_not_temporal_comparability
4216,-0.20857000000250991,0,0.0,current_epoch_file_integrity_not_temporal_comparability
4217,0.36389999999664724,0,0.0,current_epoch_file_integrity_not_temporal_comparability
4218,0.08169999998062849,0,0.0,current_epoch_file_integrity_not_temporal_comparability
4219,-0.0883999999932712,0,0.0,current_epoch_file_integrity_not_temporal_comparability
4220,0.4967999999935273,0,0.0,current_epoch_file_integrity_not_temporal_comparability
4221,0.287769999995362,0,0.0,current_epoch_file_integrity_not_temporal_comparability
4222,-0.12853000000177417,0,0.0,current_epoch_file_integrity_not_temporal_comparability
4223,0.053899999998975545,0,0.0,current_epoch_file_integrity_not_temporal_comparability
4224,0.14956000000529457,0,0.0,current_epoch_file_integrity_not_temporal_comparability
4225,-0.4130199999999604,0,0.0,current_epoch_file_integrity_not_temporal_comparability
4226,-0.038020000007236376,0,0.0,current_epoch_file_integrity_not_temporal_comparability
4227,-0.2472999999881722,0,0.0,current_epoch_file_integrity_not_temporal_comparability
4228,0.17730000001029111,0,0.0,current_epoch_file_integrity_not_temporal_comparability
4229,0.3080000000045402,0,0.0,current_epoch_file_integrity_not_temporal_comparability
4230,-0.3130000000819564,0,0.0,current_epoch_file_integrity_not_temporal_comparability
4231,0.3395200000013574,0,0.0,current_epoch_file_integrity_not_temporal_comparability
4232,0.3411100000012084,0,0.0,current_epoch_file_integrity_not_temporal_comparability
4233,0.1147999999957392,0,0.0,current_epoch_file_integrity_not_temporal_comparability
4234,-0.006479999996372499,0,0.0,current_epoch_file_integrity_not_temporal_comparability
4235,0.25409999999101274,0,0.0,current_epoch_file_integrity_not_temporal_comparability
4237,0.20410000000265427,0,0.0,current_epoch_file_integrity_not_temporal_comparability
4238,0.42720000000554137,0,0.0,current_epoch_file_integrity_not_temporal_comparability
4239,0.425600000002305,0,0.0,current_epoch_file_integrity_not_temporal_comparability
4240,-0.38209999998798594,0,0.0,current_epoch_file_integrity_not_temporal_comparability
4241,-0.3107000000018161,0,0.0,current_epoch_file_integrity_not_temporal_comparability
4242,-0.2511700000031851,0,0.0,current_epoch_file_integrity_not_temporal_comparability
4243,0.34909000000334345,0,0.0,current_epoch_file_integrity_not_temporal_comparability
4244,-0.23675999999977648,0,0.0,current_epoch_file_integrity_not_temporal_comparability
4245,0.23025000000052387,0,0.0,current_epoch_file_integrity_not_temporal_comparability
4246,-0.24069999999483116,0,0.0,current_epoch_file_integrity_not_temporal_comparability
4247,0.08699999999953434,0,0.0,current_epoch_file_integrity_not_temporal_comparability
4248,-0.39508000000205357,0,0.0,current_epoch_file_integrity_not_temporal_comparability
4249,-0.39826999999786494,0,0.0,current_epoch_file_integrity_not_temporal_comparability
4250,-0.12069999999948777,0,0.0,current_epoch_file_integrity_not_temporal_comparability
4251,-0.0746900000012829,0,0.0,current_epoch_file_integrity_not_temporal_comparability
4252,0.40950000000884756,0,0.0,current_epoch_file_integrity_not_temporal_comparability
4253,-0.06805000000167638,0,0.0,current_epoch_file_integrity_not_temporal_comparability
4254,0.39430000001448207,0,0.0,current_epoch_file_integrity_not_temporal_comparability
4255,0.12030999999842606,0,0.0,current_epoch_file_integrity_not_temporal_comparability
4256,0.18439999999827705,0,0.0,current_epoch_file_integrity_not_temporal_comparability
4257,0.023999999975785613,0,0.0,current_epoch_file_integrity_not_temporal_comparability
4258,-0.10860000000684522,0,0.0,current_epoch_file_integrity_not_temporal_comparability
4259,-0.15940000000409782,0,0.0,current_epoch_file_integrity_not_temporal_comparability
4260,0.28179999999701977,0,0.0,current_epoch_file_integrity_not_temporal_comparability
4261,0.1959599999972852,0,0.0,current_epoch_file_integrity_not_temporal_comparability
4262,0.2830099999991944,0,0.0,current_epoch_file_integrity_not_temporal_comparability
4263,0.19450000001234002,0,0.0,current_epoch_file_integrity_not_temporal_comparability
4264,0.19959999999264255,0,0.0,current_epoch_file_integrity_not_temporal_comparability
4265,-0.06620000000111759,0,0.0,current_epoch_file_integrity_not_temporal_comparability
4266,0.11650000000372529,0,0.0,current_epoch_file_integrity_not_temporal_comparability
4267,0.19630000001052395,0,0.0,current_epoch_file_integrity_not_temporal_comparability
4268,-0.037800000005518086,0,0.0,current_epoch_file_integrity_not_temporal_comparability
4269,-0.3349199999938719,0,0.0,current_epoch_file_integrity_not_temporal_comparability
4270,0.1050999999861233,0,0.0,current_epoch_file_integrity_not_temporal_comparability
4271,0.4649899999931222,0,0.0,current_epoch_file_integrity_not_temporal_comparability
4272,-0.15720000000146683,0,0.0,current_epoch_file_integrity_not_temporal_comparability
4274,0.34879999997792765,0,0.0,current_epoch_file_integrity_not_temporal_comparability
4275,-0.47325999999884516,0,0.0,current_epoch_file_integrity_not_temporal_comparability
4276,0.4373199999972712,0,0.0,current_epoch_file_integrity_not_temporal_comparability
4277,-0.05500000016763806,0,0.0,current_epoch_file_integrity_not_temporal_comparability
4278,-0.36533000000054017,0,0.0,current_epoch_file_integrity_not_temporal_comparability
4279,-0.05780000000959262,0,0.0,current_epoch_file_integrity_not_temporal_comparability
4280,0.020830000001296867,0,0.0,current_epoch_file_integrity_not_temporal_comparability
4281,-0.3561000000045169,0,0.0,current_epoch_file_integrity_not_temporal_comparability
4282,0.46359999998821877,0,0.0,current_epoch_file_integrity_not_temporal_comparability
4283,-0.48399999999674037,0,0.0,current_epoch_file_integrity_not_temporal_comparability
4284,0.0705900000029942,0,0.0,current_epoch_file_integrity_not_temporal_comparability
4285,0.4036000000196509,0,0.0,current_epoch_file_integrity_not_temporal_comparability
4286,0.25659999999334104,0,0.0,current_epoch_file_integrity_not_temporal_comparability
4287,0.2725999999966007,0,0.0,current_epoch_file_integrity_not_temporal_comparability
4288,-0.30120000000169966,0,0.0,current_epoch_file_integrity_not_temporal_comparability
4289,0.38159999999334104,0,0.0,current_epoch_file_integrity_not_temporal_comparability
4290,0.33659000000625383,0,0.0,current_epoch_file_integrity_not_temporal_comparability
4291,0.3926500000015949,0,0.0,current_epoch_file_integrity_not_temporal_comparability
4292,0.4715999999898486,0,0.0,current_epoch_file_integrity_not_temporal_comparability
4293,-0.17863999999826774,0,0.0,current_epoch_file_integrity_not_temporal_comparability
4294,0.06529999998747371,0,0.0,current_epoch_file_integrity_not_temporal_comparability
4295,-0.41939999999885913,0,0.0,current_epoch_file_integrity_not_temporal_comparability
4296,-0.2801499999986845,0,0.0,current_epoch_file_integrity_not_temporal_comparability
4297,-0.1687000000019907,0,0.0,current_epoch_file_integrity_not_temporal_comparability
4298,-0.2164000000047963,0,0.0,current_epoch_file_integrity_not_temporal_comparability
4299,-0.3739300000015646,0,0.0,current_epoch_file_integrity_not_temporal_comparability
4300,0.4551999999966938,0,0.0,current_epoch_file_integrity_not_temporal_comparability
4301,-0.16920000000391155,0,0.0,current_epoch_file_integrity_not_temporal_comparability
4302,0.4281300000002375,0,0.0,current_epoch_file_integrity_not_temporal_comparability
4303,0.327659999995376,0,0.0,current_epoch_file_integrity_not_temporal_comparability
4304,-0.1521000000066124,0,0.0,current_epoch_file_integrity_not_temporal_comparability
4305,-0.28399999998509884,0,0.0,current_epoch_file_integrity_not_temporal_comparability
4306,0.25729999999748543,0,0.0,current_epoch_file_integrity_not_temporal_comparability
4307,0.1686500000068918,0,0.0,current_epoch_file_integrity_not_temporal_comparability
4308,-0.3527999999932945,0,0.0,current_epoch_file_integrity_not_temporal_comparability
4309,0.022200000006705523,0,0.0,current_epoch_file_integrity_not_temporal_comparability
4310,0.3819999999977881,0,0.0,current_epoch_file_integrity_not_temporal_comparability
4311,0.17810000000463333,0,0.0,current_epoch_file_integrity_not_temporal_comparability
4312,-0.29060999999637716,0,0.0,current_epoch_file_integrity_not_temporal_comparability
4313,0.369299999991199,0,0.0,current_epoch_file_integrity_not_temporal_comparability
4315,0.2748000000137836,0,0.0,current_epoch_file_integrity_not_temporal_comparability
4316,0.3440000000409782,0,0.0,current_epoch_file_integrity_not_temporal_comparability
4317,0.10090000001946464,0,0.0,current_epoch_file_integrity_not_temporal_comparability
4318,0.23329999999259599,0,0.0,current_epoch_file_integrity_not_temporal_comparability
4319,-0.257999999972526,0,0.0,current_epoch_file_integrity_not_temporal_comparability
4320,-0.011800000000221189,0,0.0,current_epoch_file_integrity_not_temporal_comparability
4321,-0.022499999991850927,0,0.0,current_epoch_file_integrity_not_temporal_comparability
4322,-0.08547000000544358,0,0.0,current_epoch_file_integrity_not_temporal_comparability
4323,0.39639999996870756,0,0.0,current_epoch_file_integrity_not_temporal_comparability
4324,-0.3739999999961583,0,0.0,current_epoch_file_integrity_not_temporal_comparability
4325,0.07128999999986263,0,0.0,current_epoch_file_integrity_not_temporal_comparability
4326,0.03860000002896413,0,0.0,current_epoch_file_integrity_not_temporal_comparability
4327,0.26360000000568107,0,0.0,current_epoch_file_integrity_not_temporal_comparability
4328,0.10590000002412125,0,0.0,current_epoch_file_integrity_not_temporal_comparability
4329,-0.06657999999879394,0,0.0,current_epoch_file_integrity_not_temporal_comparability
4330,-0.44288000000233296,0,0.0,current_epoch_file_integrity_not_temporal_comparability
4331,0.1850399999966612,0,0.0,current_epoch_file_integrity_not_temporal_comparability
4332,0.18999999994412065,0,0.0,current_epoch_file_integrity_not_temporal_comparability
4333,-0.29240000003483146,0,0.0,current_epoch_file_integrity_not_temporal_comparability
4334,-0.12049999998998828,0,0.0,current_epoch_file_integrity_not_temporal_comparability
4335,0.2386800000022049,0,0.0,current_epoch_file_integrity_not_temporal_comparability
4336,-0.004500000010011718,0,0.0,current_epoch_file_integrity_not_temporal_comparability
4337,0.16649999999208376,0,0.0,current_epoch_file_integrity_not_temporal_comparability
4338,0.28329999999550637,0,0.0,current_epoch_file_integrity_not_temporal_comparability
4339,0.18900000001303852,0,0.0,current_epoch_file_integrity_not_temporal_comparability
4340,-0.40349999998579733,0,0.0,current_epoch_file_integrity_not_temporal_comparability
4341,0.41300000000046566,0,0.0,current_epoch_file_integrity_not_temporal_comparability
4342,0.3356999999959953,0,0.0,current_epoch_file_integrity_not_temporal_comparability
4343,-0.08670000001438893,0,0.0,current_epoch_file_integrity_not_temporal_comparability
4344,-0.2474999999976717,0,0.0,current_epoch_file_integrity_not_temporal_comparability
4345,-0.24636999999347609,0,0.0,current_epoch_file_integrity_not_temporal_comparability
4346,0.28491000000212807,0,0.0,current_epoch_file_integrity_not_temporal_comparability
4348,0.05679999999847496,0,0.0,current_epoch_file_integrity_not_temporal_comparability
4350,0.1230000000068685,0,0.0,current_epoch_file_integrity_not_temporal_comparability
4351,-0.2295799999992596,0,0.0,current_epoch_file_integrity_not_temporal_comparability
4352,0.0687199999956647,0,0.0,current_epoch_file_integrity_not_temporal_comparability
4353,-0.17513000000326429,0,0.0,current_epoch_file_integrity_not_temporal_comparability
4354,0.36242000000493135,0,0.0,current_epoch_file_integrity_not_temporal_comparability
4355,-0.43780000001424924,0,0.0,current_epoch_file_integrity_not_temporal_comparability
4356,0.4290000000037253,0,0.0,current_epoch_file_integrity_not_temporal_comparability
4357,-0.4592700000066543,0,0.0,current_epoch_file_integrity_not_temporal_comparability
4358,0.02830000000540167,0,0.0,current_epoch_file_integrity_not_temporal_comparability
4359,0.3821999999927357,0,0.0,current_epoch_file_integrity_not_temporal_comparability
4360,0.16554000000178348,0,0.0,current_epoch_file_integrity_not_temporal_comparability
4361,-0.48190000001341105,0,0.0,current_epoch_file_integrity_not_temporal_comparability
4362,-0.2995000000228174,0,0.0,current_epoch_file_integrity_not_temporal_comparability
4363,0.3349999999991269,0,0.0,current_epoch_file_integrity_not_temporal_comparability
4364,-0.09880000003613532,0,0.0,current_epoch_file_integrity_not_temporal_comparability
4365,0.30190000000584405,0,0.0,current_epoch_file_integrity_not_temporal_comparability
4366,0.18430000002263114,0,0.0,current_epoch_file_integrity_not_temporal_comparability
4367,0.027479999997012783,0,0.0,current_epoch_file_integrity_not_temporal_comparability
4368,0.4851000000053318,0,0.0,current_epoch_file_integrity_not_temporal_comparability
4369,-0.3710700000010547,0,0.0,current_epoch_file_integrity_not_temporal_comparability
4370,-0.4641600000031758,0,0.0,current_epoch_file_integrity_not_temporal_comparability
4371,-0.4932600000029197,0,0.0,current_epoch_file_integrity_not_temporal_comparability
4372,-0.17250000000058208,0,0.0,current_epoch_file_integrity_not_temporal_comparability
4373,0.4765999999945052,0,0.0,current_epoch_file_integrity_not_temporal_comparability
4374,-0.3342399999964982,0,0.0,current_epoch_file_integrity_not_temporal_comparability
4375,-0.4284600000028149,0,0.0,current_epoch_file_integrity_not_temporal_comparability
4376,0.3296000000555068,0,0.0,current_epoch_file_integrity_not_temporal_comparability
4377,-0.428619999998773,0,0.0,current_epoch_file_integrity_not_temporal_comparability
4378,-0.42870000000402797,0,0.0,current_epoch_file_integrity_not_temporal_comparability
4379,0.3510999999998603,0,0.0,current_epoch_file_integrity_not_temporal_comparability
4380,0.4551999999966938,0,0.0,current_epoch_file_integrity_not_temporal_comparability
4381,0.4486200000028475,0,0.0,current_epoch_file_integrity_not_temporal_comparability
4382,-0.2796999999554828,0,0.0,current_epoch_file_integrity_not_temporal_comparability
4383,0.48860000004060566,0,0.0,current_epoch_file_integrity_not_temporal_comparability
4384,-0.08268999999563675,0,0.0,current_epoch_file_integrity_not_temporal_comparability
4385,0.3059999999968568,0,0.0,current_epoch_file_integrity_not_temporal_comparability
4386,-0.21680999999807682,0,0.0,current_epoch_file_integrity_not_temporal_comparability
4387,0.13320000004023314,0,0.0,current_epoch_file_integrity_not_temporal_comparability
4389,-0.42249999998603016,0,0.0,current_epoch_file_integrity_not_temporal_comparability
4390,-0.23179999999410938,0,0.0,current_epoch_file_integrity_not_temporal_comparability
4391,-0.26780000000144355,0,0.0,current_epoch_file_integrity_not_temporal_comparability
4392,0.40825000000040745,0,0.0,current_epoch_file_integrity_not_temporal_comparability
4393,0.4772999999986496,0,0.0,current_epoch_file_integrity_not_temporal_comparability
4394,0.18489999999292195,0,0.0,current_epoch_file_integrity_not_temporal_comparability
4395,0.2997999999934109,0,0.0,current_epoch_file_integrity_not_temporal_comparability
4396,0.08499999999185093,0,0.0,current_epoch_file_integrity_not_temporal_comparability
4397,-0.3302299999995739,0,0.0,current_epoch_file_integrity_not_temporal_comparability
4398,-0.05370000000402797,0,0.0,current_epoch_file_integrity_not_temporal_comparability
4399,0.4199999999254942,0,0.0,current_epoch_file_integrity_not_temporal_comparability
4400,0.435910000000149,0,0.0,current_epoch_file_integrity_not_temporal_comparability
4401,-0.4247999999934109,0,0.0,current_epoch_file_integrity_not_temporal_comparability
4402,-0.4450000000069849,0,0.0,current_epoch_file_integrity_not_temporal_comparability
4403,-0.46616999999969266,0,0.0,current_epoch_file_integrity_not_temporal_comparability
4404,-0.0328999999910593,0,0.0,current_epoch_file_integrity_not_temporal_comparability
4405,0.3437899999989895,0,0.0,current_epoch_file_integrity_not_temporal_comparability
4406,-0.09595999999874039,0,0.0,current_epoch_file_integrity_not_temporal_comparability
4407,-0.47500000009313226,0,0.0,current_epoch_file_integrity_not_temporal_comparability
4408,0.272400000016205,0,0.0,current_epoch_file_integrity_not_temporal_comparability
4409,-0.45780000000377186,0,0.0,current_epoch_file_integrity_not_temporal_comparability
4410,-0.09070000000065193,0,0.0,current_epoch_file_integrity_not_temporal_comparability
4411,-0.3588400000007823,0,0.0,current_epoch_file_integrity_not_temporal_comparability
4412,-0.4744000000064261,0,0.0,current_epoch_file_integrity_not_temporal_comparability
4413,0.3268899999966379,0,0.0,current_epoch_file_integrity_not_temporal_comparability
4414,0.1658000000024913,0,0.0,current_epoch_file_integrity_not_temporal_comparability
4415,-0.12554000000091037,0,0.0,current_epoch_file_integrity_not_temporal_comparability
4416,0.43500000005587935,0,0.0,current_epoch_file_integrity_not_temporal_comparability
4417,0.22219999998924322,0,0.0,current_epoch_file_integrity_not_temporal_comparability
4418,-0.3070000000006985,0,0.0,current_epoch_file_integrity_not_temporal_comparability
4419,-0.05114000000321539,0,0.0,current_epoch_file_integrity_not_temporal_comparability
4420,-0.31182000000262633,0,0.0,current_epoch_file_integrity_not_temporal_comparability
4421,0.1392000000050757,0,0.0,current_epoch_file_integrity_not_temporal_comparability
4422,0.4749299999966752,0,0.0,current_epoch_file_integrity_not_temporal_comparability
4423,-0.030799999993178062,0,0.0,current_epoch_file_integrity_not_temporal_comparability
4424,0.45920000004116446,0,0.0,current_epoch_file_integrity_not_temporal_comparability
4425,0.03779999999096617,0,0.0,current_epoch_file_integrity_not_temporal_comparability
4426,0.2780999999959022,0,0.0,current_epoch_file_integrity_not_temporal_comparability
4427,-0.04303000000072643,0,0.0,current_epoch_file_integrity_not_temporal_comparability
4428,-0.43101000000024214,0,0.0,current_epoch_file_integrity_not_temporal_comparability
4429,-0.015509999997448176,0,0.0,current_epoch_file_integrity_not_temporal_comparability
4430,0.09609999999520369,0,0.0,current_epoch_file_integrity_not_temporal_comparability
4431,0.1907999999821186,0,0.0,current_epoch_file_integrity_not_temporal_comparability
4432,0.10181999999622349,0,0.0,current_epoch_file_integrity_not_temporal_comparability
4433,0.30977000000711996,0,0.0,current_epoch_file_integrity_not_temporal_comparability
4434,0.38529999999445863,0,0.0,current_epoch_file_integrity_not_temporal_comparability
4435,-0.3175000000046566,0,0.0,current_epoch_file_integrity_not_temporal_comparability
4436,0.43449999997392297,0,0.0,current_epoch_file_integrity_not_temporal_comparability
4437,-0.0058000000135507435,0,0.0,current_epoch_file_integrity_not_temporal_comparability
4438,0.47479999996721745,0,0.0,current_epoch_file_integrity_not_temporal_comparability
4439,-0.3242000000027474,0,0.0,current_epoch_file_integrity_not_temporal_comparability
4440,0.013000000006286427,0,0.0,current_epoch_file_integrity_not_temporal_comparability
4441,0.3966999999975087,0,0.0,current_epoch_file_integrity_not_temporal_comparability
4442,0.4486400000023423,0,0.0,current_epoch_file_integrity_not_temporal_comparability
4443,0.05000000074505806,0,0.0,current_epoch_file_integrity_not_temporal_comparability
4444,0.30890000000363216,0,0.0,current_epoch_file_integrity_not_temporal_comparability
4445,-0.335399999996298,0,0.0,current_epoch_file_integrity_not_temporal_comparability
4446,0.1143999999621883,0,0.0,current_epoch_file_integrity_not_temporal_comparability
4447,-0.2709000000031665,0,0.0,current_epoch_file_integrity_not_temporal_comparability
4448,-0.35099999999511056,0,0.0,current_epoch_file_integrity_not_temporal_comparability
4449,0.015300000028219074,0,0.0,current_epoch_file_integrity_not_temporal_comparability
4450,0.059400000027380884,0,0.0,current_epoch_file_integrity_not_temporal_comparability
4451,0.42040000000270084,0,0.0,current_epoch_file_integrity_not_temporal_comparability
4452,0.4342999999935273,0,0.0,current_epoch_file_integrity_not_temporal_comparability
4453,-0.42203000000154134,0,0.0,current_epoch_file_integrity_not_temporal_comparability
4454,-0.4523999999946682,0,0.0,current_epoch_file_integrity_not_temporal_comparability
4455,0.2173999999940861,0,0.0,current_epoch_file_integrity_not_temporal_comparability
4456,-0.38438000000314787,0,0.0,current_epoch_file_integrity_not_temporal_comparability
4457,-0.05177999999432359,0,0.0,current_epoch_file_integrity_not_temporal_comparability
4458,0.27449999999953434,0,0.0,current_epoch_file_integrity_not_temporal_comparability
4459,-0.08938999999372754,0,0.0,current_epoch_file_integrity_not_temporal_comparability
4460,-0.3469000000040978,0,0.0,current_epoch_file_integrity_not_temporal_comparability
4461,0.13132999999652384,0,0.0,current_epoch_file_integrity_not_temporal_comparability
4462,-0.2869199999986449,0,0.0,current_epoch_file_integrity_not_temporal_comparability
4464,-0.21249999999417923,0,0.0,current_epoch_file_integrity_not_temporal_comparability
4465,0.31760000000940636,0,0.0,current_epoch_file_integrity_not_temporal_comparability
4466,-0.456899999990128,0,0.0,current_epoch_file_integrity_not_temporal_comparability
4467,-0.2247300000017276,0,0.0,current_epoch_file_integrity_not_temporal_comparability
4468,0.33026000000245403,0,0.0,current_epoch_file_integrity_not_temporal_comparability
4469,0.31522999999288004,0,0.0,current_epoch_file_integrity_not_temporal_comparability
4470,0.0717000000004191,0,0.0,current_epoch_file_integrity_not_temporal_comparability
4471,0.38070999999763444,0,0.0,current_epoch_file_integrity_not_temporal_comparability
4472,0.23883000000205357,0,0.0,current_epoch_file_integrity_not_temporal_comparability
4473,-0.4997799999982817,0,0.0,current_epoch_file_integrity_not_temporal_comparability
4474,0.15020000000367872,0,0.0,current_epoch_file_integrity_not_temporal_comparability
4475,-0.23709999999846332,0,0.0,current_epoch_file_integrity_not_temporal_comparability
4476,-0.15619999999762513,0,0.0,current_epoch_file_integrity_not_temporal_comparability
4477,-0.3789600000018254,0,0.0,current_epoch_file_integrity_not_temporal_comparability
4478,0.16899999999441206,0,0.0,current_epoch_file_integrity_not_temporal_comparability
4479,0.006700000027194619,0,0.0,current_epoch_file_integrity_not_temporal_comparability
4480,0.30290000000968575,0,0.0,current_epoch_file_integrity_not_temporal_comparability
4481,-0.01411999999982072,0,0.0,current_epoch_file_integrity_not_temporal_comparability
4482,-0.15450000000419095,0,0.0,current_epoch_file_integrity_not_temporal_comparability
4483,-0.17326999999932013,0,0.0,current_epoch_file_integrity_not_temporal_comparability
4484,0.07369999999355059,0,0.0,current_epoch_file_integrity_not_temporal_comparability
4485,0.14549999998416752,0,0.0,current_epoch_file_integrity_not_temporal_comparability
4486,0.09111999999731779,0,0.0,current_epoch_file_integrity_not_temporal_comparability
4487,-0.22229999999399297,0,0.0,current_epoch_file_integrity_not_temporal_comparability
4488,0.12639999999373686,0,0.0,current_epoch_file_integrity_not_temporal_comparability
4489,0.30220000000554137,0,0.0,current_epoch_file_integrity_not_temporal_comparability
4490,0.23900000005960464,0,0.0,current_epoch_file_integrity_not_temporal_comparability
4491,0.2652799999996205,0,0.0,current_epoch_file_integrity_not_temporal_comparability
4492,-0.37909999999101274,0,0.0,current_epoch_file_integrity_not_temporal_comparability
4493,0.48939999999129213,0,0.0,current_epoch_file_integrity_not_temporal_comparability
4494,-0.294209999992745,0,0.0,current_epoch_file_integrity_not_temporal_comparability
4495,0.24190000002272427,0,0.0,current_epoch_file_integrity_not_temporal_comparability
4496,-0.14347999999881722,0,0.0,current_epoch_file_integrity_not_temporal_comparability
4497,0.29970000000321306,0,0.0,current_epoch_file_integrity_not_temporal_comparability
4498,0.15295999999943888,0,0.0,current_epoch_file_integrity_not_temporal_comparability
4499,0.03200000000651926,0,0.0,current_epoch_file_integrity_not_temporal_comparability
4500,0.11970000001019798,0,0.0,current_epoch_file_integrity_not_temporal_comparability
4501,-0.14870000000519212,0,0.0,current_epoch_file_integrity_not_temporal_comparability
4502,0.1807699999990291,0,0.0,current_epoch_file_integrity_not_temporal_comparability
4503,0.15025999999488704,0,0.0,current_epoch_file_integrity_not_temporal_comparability
4504,0.16049999999813735,0,0.0,current_epoch_file_integrity_not_temporal_comparability
4505,-0.4825000000128057,0,0.0,current_epoch_file_integrity_not_temporal_comparability
4506,-0.23290000000270084,0,0.0,current_epoch_file_integrity_not_temporal_comparability
4507,-0.12739999999757856,0,0.0,current_epoch_file_integrity_not_temporal_comparability
4508,-0.2370599999994738,0,0.0,current_epoch_file_integrity_not_temporal_comparability
4509,0.333199999993667,0,0.0,current_epoch_file_integrity_not_temporal_comparability
4510,-0.19624999999359716,0,0.0,current_epoch_file_integrity_not_temporal_comparability
4512,0.19500000006519258,0,0.0,current_epoch_file_integrity_not_temporal_comparability
4513,0.2883999999903608,0,0.0,current_epoch_file_integrity_not_temporal_comparability
4514,0.030679999996209517,0,0.0,current_epoch_file_integrity_not_temporal_comparability
4515,-0.3638000000064494,0,0.0,current_epoch_file_integrity_not_temporal_comparability
4516,0.40679999999701977,0,0.0,current_epoch_file_integrity_not_temporal_comparability
4517,0.4473100000031991,0,0.0,current_epoch_file_integrity_not_temporal_comparability
4518,0.1740700000009383,0,0.0,current_epoch_file_integrity_not_temporal_comparability
4519,0.29260000004433095,0,0.0,current_epoch_file_integrity_not_temporal_comparability
4520,-0.3214000000007218,0,0.0,current_epoch_file_integrity_not_temporal_comparability
4521,0.2887500000069849,0,0.0,current_epoch_file_integrity_not_temporal_comparability
4522,0.28499999991618097,0,0.0,current_epoch_file_integrity_not_temporal_comparability
4523,-0.30961999999999534,0,0.0,current_epoch_file_integrity_not_temporal_comparability
4524,-0.37268000000040047,0,0.0,current_epoch_file_integrity_not_temporal_comparability
4525,0.00016999999934341758,0,0.0,current_epoch_file_integrity_not_temporal_comparability
4526,-0.3271200000017416,0,0.0,current_epoch_file_integrity_not_temporal_comparability
4527,-0.13539999999920838,0,0.0,current_epoch_file_integrity_not_temporal_comparability
4528,0.23050000000512227,0,0.0,current_epoch_file_integrity_not_temporal_comparability
4529,0.14299999992363155,0,0.0,current_epoch_file_integrity_not_temporal_comparability
4530,0.3694000000032247,0,0.0,current_epoch_file_integrity_not_temporal_comparability
4531,-0.12236999999731779,0,0.0,current_epoch_file_integrity_not_temporal_comparability
4532,-0.49420000000100117,0,0.0,current_epoch_file_integrity_not_temporal_comparability
4533,-0.45975000000180444,0,0.0,current_epoch_file_integrity_not_temporal_comparability
4534,0.1275000000023283,0,0.0,current_epoch_file_integrity_not_temporal_comparability
4536,0.11797000000660773,0,0.0,current_epoch_file_integrity_not_temporal_comparability
4537,-0.21869999999762513,0,0.0,current_epoch_file_integrity_not_temporal_comparability
4538,0.4529999999795109,0,0.0,current_epoch_file_integrity_not_temporal_comparability
4539,-0.18170000000100117,0,0.0,current_epoch_file_integrity_not_temporal_comparability
4540,0.2703999999939697,0,0.0,current_epoch_file_integrity_not_temporal_comparability
4541,0.23004000000219094,0,0.0,current_epoch_file_integrity_not_temporal_comparability
4542,0.13489999994635582,0,0.0,current_epoch_file_integrity_not_temporal_comparability
4543,0.2554999999993015,0,0.0,current_epoch_file_integrity_not_temporal_comparability
4544,-0.024519999999029096,0,0.0,current_epoch_file_integrity_not_temporal_comparability
4545,-0.44060000000172295,0,0.0,current_epoch_file_integrity_not_temporal_comparability
4546,0.31876999999803957,0,0.0,current_epoch_file_integrity_not_temporal_comparability
4547,-0.4532500000059372,0,0.0,current_epoch_file_integrity_not_temporal_comparability
4548,0.12713000000076136,0,0.0,current_epoch_file_integrity_not_temporal_comparability
4549,-0.21259999999892898,0,0.0,current_epoch_file_integrity_not_temporal_comparability
4550,0.43471000000135973,0,0.0,current_epoch_file_integrity_not_temporal_comparability
4551,0.46330000000307336,0,0.0,current_epoch_file_integrity_not_temporal_comparability
4552,-0.36060000001452863,0,0.0,current_epoch_file_integrity_not_temporal_comparability
4553,-0.07403000000340398,0,0.0,current_epoch_file_integrity_not_temporal_comparability
4554,0.2357999999949243,0,0.0,current_epoch_file_integrity_not_temporal_comparability
4555,-0.12699999997857958,0,0.0,current_epoch_file_integrity_not_temporal_comparability
4556,-0.24685999999928754,0,0.0,current_epoch_file_integrity_not_temporal_comparability
4557,0.42619999998714775,0,0.0,current_epoch_file_integrity_not_temporal_comparability
4558,0.43020000000251457,0,0.0,current_epoch_file_integrity_not_temporal_comparability
4559,0.13977999999769963,0,0.0,current_epoch_file_integrity_not_temporal_comparability
4560,-0.14836999999533873,0,0.0,current_epoch_file_integrity_not_temporal_comparability
4561,0.20326999999815598,0,0.0,current_epoch_file_integrity_not_temporal_comparability
4562,-0.13139000000228407,0,0.0,current_epoch_file_integrity_not_temporal_comparability
4563,0.10689000000274973,0,0.0,current_epoch_file_integrity_not_temporal_comparability
4564,0.051630000001750886,0,0.0,current_epoch_file_integrity_not_temporal_comparability
4565,-0.29190000001108274,0,0.0,current_epoch_file_integrity_not_temporal_comparability
4566,0.48223000000143657,0,0.0,current_epoch_file_integrity_not_temporal_comparability
4567,-0.3191000000224449,0,0.0,current_epoch_file_integrity_not_temporal_comparability
4568,0.11359000000084052,0,0.0,current_epoch_file_integrity_not_temporal_comparability
4569,-0.39659999999275897,0,0.0,current_epoch_file_integrity_not_temporal_comparability
4570,-0.16490000000339933,0,0.0,current_epoch_file_integrity_not_temporal_comparability
4571,0.2963199999940116,0,0.0,current_epoch_file_integrity_not_temporal_comparability
4572,0.4360000000015134,0,0.0,current_epoch_file_integrity_not_temporal_comparability
4573,0.3959000000031665,0,0.0,current_epoch_file_integrity_not_temporal_comparability
4574,-0.025599999993573874,0,0.0,current_epoch_file_integrity_not_temporal_comparability
4575,-0.23820000002160668,0,0.0,current_epoch_file_integrity_not_temporal_comparability
4576,0.25569999997969717,0,0.0,current_epoch_file_integrity_not_temporal_comparability
4578,0.016719999999622814,0,0.0,current_epoch_file_integrity_not_temporal_comparability
4579,0.12429000000702217,0,0.0,current_epoch_file_integrity_not_temporal_comparability
4580,0.09782000000268454,0,0.0,current_epoch_file_integrity_not_temporal_comparability
4581,-0.45509999999194406,0,0.0,current_epoch_file_integrity_not_temporal_comparability
4582,-0.03240000002551824,0,0.0,current_epoch_file_integrity_not_temporal_comparability
4583,0.4407400000054622,0,0.0,current_epoch_file_integrity_not_temporal_comparability
4584,-0.020319999995990656,0,0.0,current_epoch_file_integrity_not_temporal_comparability
4585,0.15768999999272637,0,0.0,current_epoch_file_integrity_not_temporal_comparability
4586,0.015970000000379514,0,0.0,current_epoch_file_integrity_not_temporal_comparability
4587,0.4965000000083819,0,0.0,current_epoch_file_integrity_not_temporal_comparability
4588,0.003700000001117587,0,0.0,current_epoch_file_integrity_not_temporal_comparability
4589,-0.12752999999793246,0,0.0,current_epoch_file_integrity_not_temporal_comparability
4590,-0.46988999999302905,0,0.0,current_epoch_file_integrity_not_temporal_comparability
4591,0.10560000000987202,0,0.0,current_epoch_file_integrity_not_temporal_comparability
4592,0.10237999999662861,0,0.0,current_epoch_file_integrity_not_temporal_comparability
4593,-0.075999999884516,0,0.0,current_epoch_file_integrity_not_temporal_comparability
4594,-0.03876000000309432,0,0.0,current_epoch_file_integrity_not_temporal_comparability
4595,-0.0018000000272877514,0,0.0,current_epoch_file_integrity_not_temporal_comparability
4596,0.11814000000595115,0,0.0,current_epoch_file_integrity_not_temporal_comparability
4597,-0.20434999999997672,0,0.0,current_epoch_file_integrity_not_temporal_comparability
4598,-0.47669999999925494,0,0.0,current_epoch_file_integrity_not_temporal_comparability
4599,-0.13502999999764143,0,0.0,current_epoch_file_integrity_not_temporal_comparability
4600,0.014500000004773028,0,0.0,current_epoch_file_integrity_not_temporal_comparability
4601,-0.010160000005271286,0,0.0,current_epoch_file_integrity_not_temporal_comparability
4602,-0.24940000000060536,0,0.0,current_epoch_file_integrity_not_temporal_comparability
4603,-0.28221999999368563,0,0.0,current_epoch_file_integrity_not_temporal_comparability
4604,-0.06519999995362014,0,0.0,current_epoch_file_integrity_not_temporal_comparability
4605,-0.03999999910593033,0,0.0,current_epoch_file_integrity_not_temporal_comparability
4606,0.1588400000036927,0,0.0,current_epoch_file_integrity_not_temporal_comparability
4607,-0.3321300000025076,0,0.0,current_epoch_file_integrity_not_temporal_comparability
4608,-0.4706000000005588,0,0.0,current_epoch_file_integrity_not_temporal_comparability
4609,-0.4998600000035367,0,0.0,current_epoch_file_integrity_not_temporal_comparability
4610,-0.12340000001131557,0,0.0,current_epoch_file_integrity_not_temporal_comparability
4611,0.3252599999977974,0,0.0,current_epoch_file_integrity_not_temporal_comparability
4612,-0.06283000000257744,0,0.0,current_epoch_file_integrity_not_temporal_comparability
4613,-0.04709999999613501,0,0.0,current_epoch_file_integrity_not_temporal_comparability
4614,-0.4814699999988079,0,0.0,current_epoch_file_integrity_not_temporal_comparability
4615,-0.19337999999697786,0,0.0,current_epoch_file_integrity_not_temporal_comparability
4616,0.08299999999871943,0,0.0,current_epoch_file_integrity_not_temporal_comparability
4617,-0.1851299999980256,0,0.0,current_epoch_file_integrity_not_temporal_comparability
4618,0.15618999999423977,0,0.0,current_epoch_file_integrity_not_temporal_comparability
4619,-0.46098000000347383,0,0.0,current_epoch_file_integrity_not_temporal_comparability
4620,0.008600000001024455,0,0.0,current_epoch_file_integrity_not_temporal_comparability
4621,0.4359999999869615,0,0.0,current_epoch_file_integrity_not_temporal_comparability
4622,0.3951999999990221,0,0.0,current_epoch_file_integrity_not_temporal_comparability
4623,-0.21820000000298023,0,0.0,current_epoch_file_integrity_not_temporal_comparability
4624,-0.10370000000693835,0,0.0,current_epoch_file_integrity_not_temporal_comparability
4625,0.05599999986588955,0,0.0,current_epoch_file_integrity_not_temporal_comparability
4626,-0.3595000000059372,0,0.0,current_epoch_file_integrity_not_temporal_comparability
4627,-0.27549999998882413,0,0.0,current_epoch_file_integrity_not_temporal_comparability
4628,0.37789999999222346,0,0.0,current_epoch_file_integrity_not_temporal_comparability
4629,-0.17749999999068677,0,0.0,current_epoch_file_integrity_not_temporal_comparability
4630,0.34349999998812564,0,0.0,current_epoch_file_integrity_not_temporal_comparability
4631,0.20679999999993015,0,0.0,current_epoch_file_integrity_not_temporal_comparability
4632,0.2215299999952549,0,0.0,current_epoch_file_integrity_not_temporal_comparability
4633,-0.3944999999948777,0,0.0,current_epoch_file_integrity_not_temporal_comparability
4634,0.4140999999945052,0,0.0,current_epoch_file_integrity_not_temporal_comparability
4635,-0.1284999999916181,0,0.0,current_epoch_file_integrity_not_temporal_comparability
4636,0.4467000000004191,0,0.0,current_epoch_file_integrity_not_temporal_comparability
4637,0.25577000000339467,0,0.0,current_epoch_file_integrity_not_temporal_comparability
4638,0.47026999999798136,0,0.0,current_epoch_file_integrity_not_temporal_comparability
4639,0.43789999998989515,0,0.0,current_epoch_file_integrity_not_temporal_comparability
4640,0.18009999999776483,0,0.0,current_epoch_file_integrity_not_temporal_comparability
4641,0.32500000001164153,0,0.0,current_epoch_file_integrity_not_temporal_comparability
4642,-0.23271999999997206,0,0.0,current_epoch_file_integrity_not_temporal_comparability
4643,0.026949999999487773,0,0.0,current_epoch_file_integrity_not_temporal_comparability
4644,-0.20600000000558794,0,0.0,current_epoch_file_integrity_not_temporal_comparability
4645,0.35839999999734573,0,0.0,current_epoch_file_integrity_not_temporal_comparability
4646,-0.2368000000133179,0,0.0,current_epoch_file_integrity_not_temporal_comparability
4647,0.24190000002272427,0,0.0,current_epoch_file_integrity_not_temporal_comparability
4648,0.13930000000982545,0,0.0,current_epoch_file_integrity_not_temporal_comparability
4649,-0.11780000000726432,0,0.0,current_epoch_file_integrity_not_temporal_comparability
4650,-0.4Û¿yóÆòµë(š+myÓsS“#‚ÃÃãÆ7W'&VçEöWö6…öf–ÆUö–çFVw&—G•öæ÷E÷FV×÷&Åö6ö×&&–Æ—G£sC2ÂÓã3C3c“““““““sc#SÃÃãÆ7W'&VçEöWö6…öf–ÆUö–çFVw&—G•öæ÷E÷FV×÷&Åö6ö×&&–Æ—G£sCBÂÓã3cS“c#ƒC’ÃÃãÆ7W'&VçEöWö6…öf–ÆUö–çFVw&—G•öæ÷E÷FV×÷&Åö6ö×&&–Æ—G£sCRÂÓã#SCƒ#ƒƒsrÃÃãÆ7W'&VçEöWö6…öf–ÆUö–çFVw&—G•öæ÷E÷FV×÷&Åö6ö×&&–Æ—G£sCbÃãCƒ““““““S#C32ÃÃãÆ7W'&VçEöWö6…öf–ÆUö–çFVw&—G•öæ÷E÷FV×÷&Åö6ö×&&–Æ—G£sCrÃãƒ3#““““““sS33rÃÃãÆ7W'&VçEöWö6…öf–ÆUö–çFVw&—G•öæ÷E÷FV×÷&Åö6ö×&&–Æ—G£sC‚ÂÓãC“3#sccRÃÃãÆ7W'&VçEöWö6…öf–ÆUö–çFVw&—G•öæ÷E÷FV×÷&Åö6ö×&&–Æ—G£sC’ÂÓã##ƒ““““““ƒSsC"ÃÃãÆ7W'&VçEöWö6…öf–ÆUö–çFVw&—G•öæ÷E÷FV×÷&Åö6ö×&&–Æ—G£sSÃã3ƒSƒC#cCC“bÃÃãÆ7W'&VçEöWö6…öf–ÆUö–çFVw&—G•öæ÷E÷FV×÷&Åö6ö×&&–Æ—G£sSÃãƒs“““““““ƒƒƒ#C2ÃÃãÆ7W'&VçEöWö6…öf–ÆUö–çFVw&—G•öæ÷E÷FV×÷&Åö6ö×&&–Æ—G£sS"Ãã“ssCs“cRÃÃãÆ7W'&VçEöWö6…öf–ÆUö–çFVw&—G•öæ÷E÷FV×÷&Åö6ö×&&–Æ—G£sS2Ãã3“C#33S“sRÃÃãÆ7W'&VçEöWö6…öf–ÆUö–çFVw&—G•öæ÷E÷FV×÷&Åö6ö×&&–Æ—G£sSBÂÓãCƒƒ“““““““SsBÃÃãÆ7W'&VçEöWö6…öf–ÆUö–çFVw&—G•öæ÷E÷FV×÷&Åö6ö×&&–Æ—G£sSRÂÓã3c333S“RÃÃãÆ7W'&VçEöWö6…öf–ÆUö–çFVw&—G•öæ÷E÷FV×÷&Åö6ö×&&–Æ—G£sSbÂÓã3Sƒ““““““ƒcƒcƒ3RÃÃãÆ7W'&VçEöWö6…öf–ÆUö–çFVw&—G•öæ÷E÷FV×÷&Åö6ö×&&–Æ—G£sSrÃã“33““““““s#"ÃÃãÆ7W'&VçEöWö6…öf–ÆUö–çFVw&—G•öæ÷E÷FV×÷&Åö6ö×&&–Æ—G£sS‚ÂÓã333s“““““““3ccRÃÃãÆ7W'&VçEöWö6…öf–ÆUö–çFVw&—G•öæ÷E÷FV×÷&Åö6ö×&&–Æ—G£sS’ÂÓã“C#““““““sSƒSSRÃÃãÆ7W'&VçEöWö6…öf–ÆUö–çFVw&—G•öæ÷E÷FV×÷&Åö6ö×&&–Æ—G£scÃã#ssƒ3“ƒcbÃÃãÆ7W'&VçEöWö6…öf–ÆUö–çFVw&—G•öæ÷E÷FV×÷&Åö6ö×&&–Æ—G£scÂÓã#3#CƒSS“BÃÃãÆ7W'&VçEöWö6…öf–ÆUö–çFVw&—G•öæ÷E÷FV×÷&Åö6ö×&&–Æ—G£sc"ÂÓã#sC3ƒsC2ÃÃãÆ7W'&VçEöWö6…öf–ÆUö–çFVw&—G•öæ÷E÷FV×÷&Åö6ö×&&–Æ—G£sc2Ããss#SCSrÃÃãÆ7W'&VçEöWö6…öf–ÆUö–çFVw&—G•öæ÷E÷FV×÷&Åö6ö×&&–Æ—G£scBÃã#s“ƒƒCC"ÃÃãÆ7W'&VçEöWö6…öf–ÆUö–çFVw&—G•öæ÷E÷FV×÷&Åö6ö×&&–Æ—G£scRÃãC#c““““““ƒsCsrÃÃãÆ7W'&VçEöWö6…öf–ÆUö–çFVw&—G•öæ÷E÷FV×÷&Åö6ö×&&–Æ—G£scbÂÓã3ss3#3cs’ÃÃãÆ7W'&VçEöWö6…öf–ÆUö–çFVw&—G•öæ÷E÷FV×÷&Åö6ö×&&–Æ—G£scrÃã#c3#“““““““C3ƒ2ÃÃãÆ7W'&VçEöWö6…öf–ÆUö–çFVw&—G•öæ÷E÷FV×÷&Åö6ö×&&–Æ—G£sc‚ÂÓã3C33C#s#crÃÃãÆ7W'&VçEöWö6…öf–ÆUö–çFVw&—G•öæ÷E÷FV×÷&Åö6ö×&&–Æ—G£sc’ÂÓã#3#“#sƒBÃÃãÆ7W'&VçEöWö6…öf–ÆUö–çFVw&—G•öæ÷E÷FV×÷&Åö6ö×&&–Æ—G£ssÃã33ƒcs3##bÃÃãÆ7W'&VçEöWö6…öf–ÆUö–çFVw&—G•öæ÷E÷FV×÷&Åö6ö×&&–Æ—G£ssÂÓãCƒs#sScsRÃÃãÆ7W'&VçEöWö6…öf–ÆUö–çFVw&—G•öæ÷E÷FV×÷&Åö6ö×&&–Æ—G£ss"Ãã3SsC3C#C“BÃÃãÆ7W'&VçEöWö6…öf–ÆUö–çFVw&—G•öæ÷E÷FV×÷&Åö6ö×&&–Æ—G£ss2ÂÓã3SssƒRÃÃãÆ7W'&VçEöWö6…öf–ÆUö–çFVw&—G•öæ÷E÷FV×÷&Åö6ö×&&–Æ—G£ssBÃãC“ƒ“““““““S#S#SRÃÃãÆ7W'&VçEöWö6…öf–ÆUö–çFVw&—G•öæ÷E÷FV×÷&Åö6ö×&&–Æ—G£ssRÂÓã33C“““““““#sSƒ“rÃÃãÆ7W'&VçEöWö6…öf–ÆUö–çFVw&—G•öæ÷E÷FV×÷&Åö6ö×&&–Æ—G£ssbÂÓãC3“##s“CbÃÃãÆ7W'&VçEöWö6…öf–ÆUö–çFVw&—G•öæ÷E÷FV×÷&Åö6ö×&&–Æ—G£ssrÃãsƒS#“rÃÃãÆ7W'&VçEöWö6…öf–ÆUö–çFVw&—G•öæ÷E÷FV×÷&Åö6ö×&&–Æ—G£ss‚ÃãCss““““““ƒƒc3sƒcRÃÃãÆ7W'&VçEöWö6…öf–ÆUö–çFVw&—G•öæ÷E÷FV×÷&Åö6ö×&&–Æ—G£ss’ÂÓãCS###Cc‚ÃÃãÆ7W'&VçEöWö6…öf–ÆUö–çFVw&—G•öæ÷E÷FV×÷&Åö6ö×&&–Æ—G£sƒÂÓãs#“““““““S“s#2ÃÃãÆ7W'&VçEöWö6…öf–ÆUö–çFVw&—G•öæ÷E÷FV×÷&Åö6ö×&&–Æ—G£sƒÃãC#S“““““““sscCƒ#bÃÃãÆ7W'&VçEöWö6…öf–ÆUö–çFVw&—G•öæ÷E÷FV×÷&Åö6ö×&&–Æ—G£sƒ"ÂÓã##““““““““CSc‚ÃÃãÆ7W'&VçEöWö6…öf–ÆUö–çFVw&—G•öæ÷E÷FV×÷&Åö6ö×&&–Æ—G£sƒ2ÂÓãSCƒƒƒcs2ÃÃãÆ7W'&VçEöWö6…öf–ÆUö–çFVw&—G•öæ÷E÷FV×÷&Åö6ö×&&–Æ—G£sƒBÃãC“C“““““““s3cC3bÃÃãÆ7W'&VçEöWö6…öf–ÆUö–çFVw&—G•öæ÷E÷FV×÷&Åö6ö×&&–Æ—G£sƒRÃãc#CccrÃÃãÆ7W'&VçEöWö6…öf–ÆUö–çFVw&—G•öæ÷E÷FV×÷&Åö6ö×&&–Æ—G£sƒbÂÓãS333ƒRÃÃãÆ7W'&VçEöWö6…öf–ÆUö–çFVw&—G•öæ÷E÷FV×÷&Åö6ö×&&–Æ—G£sƒrÃãƒS#S3sƒRÃÃãÆ7W'&VçEöWö6…öf–ÆUö–çFVw&—G•öæ÷E÷FV×÷&Åö6ö×&&–Æ—G£sƒ’ÂÓã#c#ƒ““““““s#C3#ƒRÃÃãÆ7W'&VçEöWö6…öf–ÆUö–çFVw&—G•öæ÷E÷FV×÷&Åö6ö×&&–Æ—G£s“Ãã3“sss“““““““3#“CRÃÃãÆ7W'&VçEöWö6…öf–ÆUö–çFVw&—G•öæ÷E÷FV×÷&Åö6ö×&&–Æ—G£s“Ãã#““s“““““““3C’ÃÃãÆ7W'&VçEöWö6…öf–ÆUö–çFVw&—G•öæ÷E÷FV×÷&Åö6ö×&&–Æ—G£s“"ÃãC#S“““““““3ƒ"ÃÃãÆ7W'&VçEöWö6…öf–ÆUö–çFVw&—G•öæ÷E÷FV×÷&Åö6ö×&&–Æ—G£s“2ÃãS3c““““““ƒ“CscSRÃÃãÆ7W'&VçEöWö6…öf–ÆUö–çFVw&—G•öæ÷E÷FV×÷&Åö6ö×&&–Æ—G£s“BÃã3#sCcC#ƒBÃÃãÆ7W'&VçEöWö6…öf–ÆUö–çFVw&—G•öæ÷E÷FV×÷&Åö6ö×&&–Æ—G£s“RÂÓãCscƒ““““““ƒCƒƒ“2ÃÃãÆ7W'&VçEöWö6…öf–ÆUö–çFVw&—G•öæ÷E÷FV×÷&Åö6ö×&&–Æ—G£s“bÃãcSc“32ÃÃãÆ7W'&VçEöWö6…öf–ÆUö–çFVw&—G•öæ÷E÷FV×÷&Åö6ö×&&–Æ—G£s“rÃã##33#3ƒcbÃÃãÆ7W'&VçEöWö6…öf–ÆUö–çFVw&—G•öæ÷E÷FV×÷&Åö6ö×&&–Æ—G£s“‚Ãã#“C3““““““ƒC3s"ÃÃãÆ7W'&VçEöWö6…öf–ÆUö–çFVw&—G•öæ÷E÷FV×÷&Åö6ö×&&–Æ—G£s#ÂÓã3CC3C3#ƒS#BÃÃãÆ7W'&VçEöWö6…öf–ÆUö–çFVw&—G•öæ÷E÷FV×÷&Åö6ö×&&–Æ—G£s#ÂÓã##ƒ##““““““33CSrÃÃãÆ7W'&VçEöWö6…öf–ÆUö–çFVw&—G•öæ÷E÷FV×÷&Åö6ö×&&–Æ—G£s#"ÂÓã##“ƒs““““““ƒ“Sc“"ÃÃãÆ7W'&VçEöWö6…öf–ÆUö–çFVw&—G•öæ÷E÷FV×÷&Åö6ö×&&–Æ—G£s#2ÂÓã##3csccssS‚ÃÃãÆ7W'&VçEöWö6…öf–ÆUö–çFVw&—G•öæ÷E÷FV×÷&Åö6ö×&&–Æ—G£s#BÂÓãs“C““““““c#“‚ÃÃãÆ7W'&VçEöWö6…öf–ÆUö–çFVw&—G•öæ÷E÷FV×÷&Åö6ö×&&–Æ—G£s#RÂÓãƒ“#“““““““ƒƒ3“"ÃÃãÆ7W'&VçEöWö6…öf–ÆUö–çFVw&—G•öæ÷E÷FV×÷&Åö6ö×&&–Æ—G£s#bÂÓãSsc“““““““cs2ÃÃãÆ7W'&VçEöWö6…öf–ÆUö–çFVw&—G•öæ÷E÷FV×÷&Åö6ö×&&–Æ—G£s#rÂÓã33cC3RÃÃãÆ7W'&VçEöWö6…öf–ÆUö–çFVw&—G•öæ÷E÷FV×÷&Åö6ö×&&–Æ—G£s#‚ÂÓãƒ3ƒ33#ss"ÃÃãÆ7W'&VçEöWö6…öf–ÆUö–çFVw&—G•öæ÷E÷FV×÷&Åö6ö×&&–Æ—G£s#’ÂÓãCƒc33S#sbÃÃãÆ7W'&VçEöWö6…öf–ÆUö–çFVw&—G•öæ÷E÷FV×÷&Åö6ö×&&–Æ—G£s#ÂÓã3#Cc““““““ƒsC“rÃÃãÆ7W'&VçEöWö6…öf–ÆUö–çFVw&—G•öæ÷E÷FV×÷&Åö6ö×&&–Æ—G£s#"Ãã##““““““cƒƒsSBÃÃãÆ7W'&VçEöWö6…öf–ÆUö–çFVw&—G•öæ÷E÷FV×÷&Åö6ö×&&–Æ—G£s#2ÂÓãS#c““““““S3ƒS2ÃÃãÆ7W'&VçEöWö6…öf–ÆUö–çFVw&—G•öæ÷E÷FV×÷&Åö6ö×&&–Æ—G£s#BÃã3ƒs“S3crÃÃãÆ7W'&VçEöWö6…öf–ÆUö–çFVw&—G•öæ÷E÷FV×÷&Åö6ö×&&–Æ—G£s#RÃãC###ƒƒCsbÃÃãÆ7W'&VçEöWö6…öf–ÆUö–çFVw&—G•öæ÷E÷FV×÷&Åö6ö×&&–Æ—G£s#bÂÓã#3#Sc“ƒRÃÃãÆ7W'&VçEöWö6…öf–ÆUö–çFVw&—G•öæ÷E÷FV×÷&Åö6ö×&&–Æ—G£s#rÃãss“#“CSRÃÃãÆ7W'&VçEöWö6…öf–ÆUö–çFVw&—G•öæ÷E÷FV×÷&Åö6ö×&&–Æ—G£s#‚Ãã3ƒ“““““““#“#2ÃÃãÆ7W'&VçEöWö6…öf–ÆUö–çFVw&—G•öæ÷E÷FV×÷&Åö6ö×&&–Æ—G£s#’Ãã“““““““S3c#BÃÃãÆ7W'&VçEöWö6…öf–ÆUö–çFVw&—G•öæ÷E÷FV×÷&Åö6ö×&&–Æ—G£s##ÃãCcSC#Cc‚ÃÃãÆ7W'&VçEöWö6…öf–ÆUö–çFVw&—G•öæ÷E÷FV×÷&Åö6ö×&&–Æ—G£s##Ãã#c“#3#ƒ2ÃÃãÆ7W'&VçEöWö6…öf–ÆUö–çFVw&—G•öæ÷E÷FV×÷&Åö6ö×&&–Æ—G£s##"ÂÓã33“““““““ƒS“ƒƒBÃÃãÆ7W'&VçEöWö6…öf–ÆUö–çFVw&—G•öæ÷E÷FV×÷&Åö6ö×&&–Æ—G£s##2Ãã#ƒSƒc“““““““sC2ÃÃãÆ7W'&VçEöWö6…öf–ÆUö–çFVw&—G•öæ÷E÷FV×÷&Åö6ö×&&–Æ—G£s##BÃã#““3ƒƒBÃÃãÆ7W'&VçEöWö6…öf–ÆUö–çFVw&—G•öæ÷E÷FV×÷&Åö6ö×&&–Æ—G£s##RÃã#c#Ss#ƒSRÃÃãÆ7W'&VçEöWö6…öf–ÆUö–çFVw&—G•öæ÷E÷FV×÷&Åö6ö×&&–Æ—G£s##bÂÓãCs“s##““ƒƒbÃÃãÆ7W'&VçEöWö6…öf–ÆUö–çFVw&—G•öæ÷E÷FV×÷&Åö6ö×&&–Æ—G£s##rÂÓãCss##csSRÃÃãÆ7W'&VçEöWö6…öf–ÆUö–çFVw&—G•öæ÷E÷FV×÷&Åö6ö×&&–Æ—G£s##‚ÃãsƒS““““““““#sƒ#2ÃÃãÆ7W'&VçEöWö6…öf–ÆUö–çFVw&—G•öæ÷E÷FV×÷&Åö6ö×&&–Æ—G£s##’Ãã3CsScƒcƒRÃÃãÆ7W'&VçEöWö6…öf–ÆUö–çFVw&—G•öæ÷E÷FV×÷&Åö6ö×&&–Æ—G£s#3ÂÓãC3“““““““sscC‚ÃÃãÆ7W'&VçEöWö6…öf–ÆUö–çFVw&—G•öæ÷E÷FV×÷&Åö6ö×&&–Æ—G£s#3ÂÓã#ƒCƒ#sc3rÃÃãÆ7W'&VçEöWö6…öf–ÆUö–çFVw&—G•öæ÷E÷FV×÷&Åö6ö×&&–Æ—G£s#3"ÃãcSC““““““sss“‚ÃÃãÆ7W'&VçEöWö6…öf–ÆUö–çFVw&—G•öæ÷E÷FV×÷&Åö6ö×&&–Æ—G£s#32ÂÓã#sscs“““““““#3c2ÃÃãÆ7W'&VçEöWö6…öf–ÆUö–çFVw&—G•öæ÷E÷FV×÷&Åö6ö×&&–Æ—G£s#3BÃã3ƒC“““““““Scc“BÃÃãÆ7W'&VçEöWö6…öf–ÆUö–çFVw&—G•öæ÷E÷FV×÷&Åö6ö×&&–Æ—G£s#3RÃãCs“s##SsBÃÃãÆ7W'&VçEöWö6…öf–ÆUö–çFVw&—G•öæ÷E÷FV×÷&Åö6ö×&&–Æ—G£s#3bÃã#“c““““““cccSƒrÃÃãÆ7W'&VçEöWö6…öf–ÆUö–çFVw&—G•öæ÷E÷FV×÷&Åö6ö×&&–Æ—G£s#3rÂÓã““#““““““SCS3bÃÃãÆ7W'&VçEöWö6…öf–ÆUö–çFVw&—G•öæ÷E÷FV×÷&Åö6ö×&&–Æ—G£s#3‚ÃãCCscCc#“rÃÃãÆ7W'&VçEöWö6…öf–ÆUö–çFVw&—G•öæ÷E÷FV×÷&Åö6ö×&&–Æ—G£s#3’ÃãscSƒ2ÃÃãÆ7W'&VçEöWö6…öf–ÆUö–çFVw&—G•öæ÷E÷FV×÷&Åö6ö×&&–Æ—G£s#CÃãƒ#c3Sc#‚ÃÃãÆ7W'&VçEöWö6…öf–ÆUö–çFVw&—G•öæ÷E÷FV×÷&Åö6ö×&&–Æ—G£s#CÃã3“c“S#sÃÃãÆ7W'&VçEöWö6…öf–ÆUö–çFVw&—G•öæ÷E÷FV×÷&Åö6ö×&&–Æ—G£s#C"ÂÓãs##Cƒ“ÃÃãÆ7W'&VçEöWö6…öf–ÆUö–çFVw&—G•öæ÷E÷FV×÷&Åö6ö×&&–Æ—G£s#C2Ãã3“““““““““#SC“BÃÃãÆ7W'&VçEöWö6…öf–ÆUö–çFVw&—G•öæ÷E÷FV×÷&Åö6ö×&&–Æ—G£s#CBÃãC#Ss““““““cS#3ƒBÃÃãÆ7W'&VçEöWö6…öf–ÆUö–çFVw&—G•öæ÷E÷FV×÷&Åö6ö×&&–Æ—G£s#CRÃã#ƒƒs““““““cSsBÃÃãÆ7W'&VçEöWö6…öf–ÆUö–çFVw&—G•öæ÷E÷FV×÷&Åö6ö×&&–Æ—G£s#CbÂÓãs““““““ƒ“3S#bÃÃãÆ7W'&VçEöWö6…öf–ÆUö–çFVw&—G•öæ÷E÷FV×÷&Åö6ö×&&–Æ—G£s#CrÃãS#cc#BÃÃãÆ7W'&VçEöWö6…öf–ÆUö–çFVw&—G•öæ÷E÷FV×÷&Åö6ö×&&–Æ—G£s#C‚ÃãCS““““““c#3sCSrÃÃãÆ7W'&VçEöWö6…öf–ÆUö–çFVw&—G•öæ÷E÷FV×÷&Åö6ö×&&–Æ—G£s#C’Ãã#c“ƒ3Cs3ÃÃãÆ7W'&VçEöWö6…öf–ÆUö–çFVw&—G•öæ÷E÷FV×÷&Åö6ö×&&–Æ—G£s#SÂÓã3Cƒ#ƒƒsÃÃãÆ7W'&VçEöWö6…öf–ÆUö–çFVw&—G•öæ÷E÷FV×÷&Åö6ö×&&–Æ—G£s#SÂÓãCS3c““““““cƒC#‚ÃÃãÆ7W'&VçEöWö6…öf–ÆUö–çFVw&—G•öæ÷E÷FV×÷&Åö6ö×&&–Æ—G£s#S"Ãã3“c““““““ƒ“BÃÃãÆ7W'&VçEöWö6…öf–ÆUö–çFVw&—G•öæ÷E÷FV×÷&Åö6ö×&&–Æ—G£s#S2Ãã#ƒC#3sS"ÃÃãÆ7W'&VçEöWö6…öf–ÆUö–çFVw&—G•öæ÷E÷FV×÷&Åö6ö×&&–Æ—G£s#SBÂÓã3s3c“““““““cCcÃÃãÆ7W'&VçEöWö6…öf–ÆUö–çFVw&—G•öæ÷E÷FV×÷&Åö6ö×&&–Æ—G£s#SRÃãCƒs““““““sC“#2ÃÃãÆ7W'&VçEöWö6…öf–ÆUö–çFVw&—G•öæ÷E÷FV×÷&Åö6ö×&&–Æ—G£s#SbÂÓã#3““Cƒƒ“BÃÃãÆ7W'&VçEöWö6…öf–ÆUö–çFVw&—G•öæ÷E÷FV×÷&Åö6ö×&&–Æ—G£s#SrÃãcCS“““““““sƒƒ#BÃÃãÆ7W'&VçEöWö6…öf–ÆUö–çFVw&—G•öæ÷E÷FV×÷&Åö6ö×&&–Æ—G£s#S’ÂÓã#cƒ3#ƒ#rÃÃãÆ7W'&VçEöWö6…öf–ÆUö–çFVw&—G•öæ÷E÷FV×÷&Åö6ö×&&–Æ—G£s#cÃã3CCScS“#bÃÃãÆ7W'&VçEöWö6…öf–ÆUö–çFVw&—G•öæ÷E÷FV×÷&Åö6ö×&&–Æ—G£s#cÂÓã3C““““““““Csc2ÃÃãÆ7W'&VçEöWö6…öf–ÆUö–çFVw&—G•öæ÷E÷FV×÷&Åö6ö×&&–Æ—G£s#c"Ãã3C“““““““3CƒsC"ÃÃãÆ7W'&VçEöWö6…öf–ÆUö–çFVw&—G•öæ÷E÷FV×÷&Åö6ö×&&–Æ—G£s#c2Ãã33ƒsC““““““S3C3BÃÃãÆ7W'&VçEöWö6…öf–ÆUö–çFVw&—G•öæ÷E÷FV×÷&Åö6ö×&&–Æ—G£s#cBÂÓãC3SC#ƒsbÃÃãÆ7W'&VçEöWö6…öf–ÆUö–çFVw&—G•öæ÷E÷FV×÷&Åö6ö×&&–Æ—G£s#cRÂÓãƒƒC““““““3ƒ#2ÃÃãÆ7W'&VçEöWö6…öf–ÆUö–çFVw&—G•öæ÷E÷FV×÷&Åö6ö×&&–Æ—G£s#cbÃã#Ss#“““““““ScBÃÃãÆ7W'&VçEöWö6…öf–ÆUö–çFVw&—G•öæ÷E÷FV×÷&Åö6ö×&&–Æ—G£s#crÂÓãCScCS2ÃÃãÆ7W'&VçEöWö6…öf–ÆUö–çFVw&—G•öæ÷E÷FV×÷&Åö6ö×&&–Æ—G£s#c‚ÂÓãCsccsS"ÃÃãÆ7W'&VçEöWö6…öf–ÆUö–çFVw&—G•öæ÷E÷FV×÷&Åö6ö×&&–Æ—G£s#c’ÃãCs““““““scƒrÃÃãÆ7W'&VçEöWö6…öf–ÆUö–çFVw&—G•öæ÷E÷FV×÷&Åö6ö×&&–Æ—G£s#sÃã3sccC###SƒbÃÃãÆ7W'&VçEöWö6…öf–ÆUö–çFVw&—G•öæ÷E÷FV×÷&Åö6ö×&&–Æ—G£s#sÂÓã#cƒƒS#ƒS#bÃÃãÆ7W'&VçEöWö6…öf–ÆUö–çFVw&—G•öæ÷E÷FV×÷&Åö6ö×&&–Æ—G£s#s"ÂÓãƒSCs““““““C#ss"ÃÃãÆ7W'&VçEöWö6…öf–ÆUö–çFVw&—G•öæ÷E÷FV×÷&Åö6ö×&&–Æ—G£s#s2Ãã##“Cƒƒ2ÃÃãÆ7W'&VçEöWö6…öf–ÆUö–çFVw&—G•öæ÷E÷FV×÷&Åö6ö×&&–Æ—G£s#sBÂÓãCcc“““““““sSƒrÃÃãÆ7W'&VçEöWö6…öf–ÆUö–çFVw&—G•öæ÷E÷FV×÷&Åö6ö×&&–Æ—G£s#sRÂÓãC“c##“SBÃÃãÆ7W'&VçEöWö6…öf–ÆUö–çFVw&—G•öæ÷E÷FV×÷&Åö6ö×&&–Æ—G£s#sbÂÓãCcC3“““““““s#’ÃÃãÆ7W'&VçEöWö6…öf–ÆUö–çFVw&—G•öæ÷E÷FV×÷&Åö6ö×&&–Æ—G£s#srÂÓã#c“““““““SS#“cSbÃÃãÆ7W'&VçEöWö6…öf–ÆUö–çFVw&—G•öæ÷E÷FV×÷&Åö6ö×&&–Æ—G£s#s‚ÂÓã3Csƒ3CsSRÃÃãÆ7W'&VçEöWö6…öf–ÆUö–çFVw&—G•öæ÷E÷FV×÷&Åö6ö×&&–Æ—G£s#s’ÂÓã3Cƒ“#““““““#ƒ33RÃÃãÆ7W'&VçEöWö6…öf–ÆUö–çFVw&—G•öæ÷E÷FV×÷&Åö6ö×&&–Æ—G£s#ƒÃã“C#“““““““s“srÃÃãÆ7W'&VçEöWö6…öf–ÆUö–çFVw&—G•öæ÷E÷FV×÷&Åö6ö×&&–Æ—G£s#ƒ"ÂÓãCƒ33““““““S“ƒ3BÃÃãÆ7W'&VçEöWö6…öf–ÆUö–çFVw&—G•öæ÷E÷FV×÷&Åö6ö×&&–Æ—G£s#ƒ2Ãã#3Cc#S#3ƒƒBÃÃãÆ7W'&VçEöWö6…öf–ÆUö–çFVw&—G•öæ÷E÷FV×÷&Åö6ö×&&–Æ—G£s#ƒBÂÓãƒS3““““““ƒsSccƒBÃÃãÆ7W'&VçEöWö6…öf–ÆUö–çFVw&—G•öæ÷E÷FV×÷&Åö6ö×&&–Æ—G£s#ƒRÃã#3CcsS#ƒbÃÃãÆ7W'&VçEöWö6…öf–ÆUö–çFVw&—G•öæ÷E÷FV×÷&Åö6ö×&&–Æ—G£s#ƒbÂÓãCcC#“““““““#3c3RÃÃãÆ7W'&VçEöWö6…öf–ÆUö–çFVw&—G•öæ÷E÷FV×÷&Åö6ö×&&–Æ—G£s#ƒrÃã#SS““““““ƒcSƒƒ“RÃÃãÆ7W'&VçEöWö6…öf–ÆUö–çFVw&—G•öæ÷E÷FV×÷&Åö6ö×&&–Æ—G£s#ƒ‚ÂÓã#scSCc#s#bÃÃãÆ7W'&VçEöWö6…öf–ÆUö–çFVw&—G•öæ÷E÷FV×÷&Åö6ö×&&–Æ—G£s#ƒ’Ãã##3S“““““““sS3"ÃÃãÆ7W'&VçEöWö6…öf–ÆUö–çFVw&—G•öæ÷E÷FV×÷&Åö6ö×&&–Æ—G£s#“ÂÓãCssc““““““ƒ#“SrÃÃãÆ7W'&VçEöWö6…öf–ÆUö–çFVw&—G•öæ÷E÷FV×÷&Åö6ö×&&–Æ—G£s#“"Ãã#CcC3c3#bÃÃãÆ7W'&VçEöWö6…öf–ÆUö–çFVw&—G•öæ÷E÷FV×÷&Åö6ö×&&–Æ—G£s#“2Ãã33CscsSRÃÃãÆ7W'&VçEöWö6…öf–ÆUö–çFVw&—G•öæ÷E÷FV×÷&Åö6ö×&&–Æ—G£s#“BÃãsC“ƒ““““““3sC#bÃÃãÆ7W'&VçEöWö6…öf–ÆUö–çFVw&—G•öæ÷E÷FV×÷&Åö6ö×&&–Æ—G£s#“RÂÓãCƒ““““““““CC#bÃÃãÆ7W'&VçEöWö6…öf–ÆUö–çFVw&—G•öæ÷E÷FV×÷&Åö6ö×&&–Æ—G£s#“bÃãƒ3S““““““CcssC’ÃÃãÆ7W'&VçEöWö6…öf–ÆUö–çFVw&—G•öæ÷E÷FV×÷&Åö6ö×&&–Æ—G£s#“rÃãC3s““““““s#ƒSBÃÃãÆ7W'&VçEöWö6…öf–ÆUö–çFVw&—G•öæ÷E÷FV×÷&Åö6ö×&&–Æ—G£s#“‚ÃãC“#S““““““cCCBÃÃãÆ7W'&VçEöWö6…öf–ÆUö–çFVw&—G•öæ÷E÷FV×÷&Åö6ö×&&–Æ—G£s#“’Ãã3C3#3c3RÃÃãÆ7W'&VçEöWö6…öf–ÆUö–çFVw&—G•öæ÷E÷FV×÷&Åö6ö×&&–Æ—G£s3ÂÓã3c#C““““““s3ƒcSRÃÃãÆ7W'&VçEöWö6…öf–ÆUö–çFVw&—G•öæ÷E÷FV×÷&Åö6ö×&&–Æ—G£s3ÂÓã#CS““““““ƒ#sCs"ÃÃãÆ7W'&VçEöWö6…öf–ÆUö–çFVw&—G•öæ÷E÷FV×÷&Åö6ö×&&–Æ—G£s3"Ãã33sCSc3Sc2ÃÃãÆ7W'&VçEöWö6…öf–ÆUö–çFVw&—G•öæ÷E÷FV×÷&Åö6ö×&&–Æ—G£s32ÂÓãCƒS3C##bÃÃãÆ7W'&VçEöWö6…öf–ÆUö–çFVw&—G•öæ÷E÷FV×÷&Åö6ö×&&–Æ—G£s3BÃãCCCs“““““““sCƒSC2ÃÃãÆ7W'&VçEöWö6…öf–ÆUö–çFVw&—G•öæ÷E÷FV×÷&Åö6ö×&&–Æ—G£s3RÂÓãc3““““““ƒ“cc#3"ÃÃãÆ7W'&VçEöWö6…öf–ÆUö–çFVw&—G•öæ÷E÷FV×÷&Åö6ö×&&–Æ—G£s3bÃã#SS“““““““CƒSCCBÃÃãÆ7W'&VçEöWö6…öf–ÆUö–çFVw&—G•öæ÷E÷FV×÷&Åö6ö×&&–Æ—G£s3rÃã#C#SSC“C‚ÃÃãÆ7W'&VçEöWö6…öf–ÆUö–çFVw&—G•öæ÷E÷FV×÷&Åö6ö×&&–Æ—G£s3‚Ãã3ƒ3#““““““ƒcssS"ÃÃãÆ7W'&VçEöWö6…öf–ÆUö–çFVw&—G•öæ÷E÷FV×÷&Åö6ö×&&–Æ—G£s3’Ãã3cC““““““ssC2ÃÃãÆ7W'&VçEöWö6…öf–ÆUö–çFVw&—G•öæ÷E÷FV×÷&Åö6ö×&&–Æ—G£s3ÂÓãƒC““““““““scsrÃÃãÆ7W'&VçEöWö6…öf–ÆUö–çFVw&—G•öæ÷E÷FV×÷&Åö6ö×&&–Æ—G£s3ÂÓã#3S#CCSRÃÃãÆ7W'&VçEöWö6…öf–ÆUö–çFVw&—G•öæ÷E÷FV×÷&Åö6ö×&&–Æ—G£s3"ÂÓã#3cƒC#C#rÃÃãÆ7W'&VçEöWö6…öf–ÆUö–çFVw&—G•öæ÷E÷FV×÷&Åö6ö×&&–Æ—G£s32ÂÓã3C3““““““ƒcC#rÃÃãÆ7W'&VçEöWö6…öf–ÆUö–çFVw&—G•öæ÷E÷FV×÷&Åö6ö×&&–Æ—G£s3BÃã3“Sss““““““ƒ“#"ÃÃãÆ7W'&VçEöWö6…öf–ÆUö–çFVw&—G•öæ÷E÷FV×÷&Åö6ö×&&–Æ—G£s3RÃãScƒ“““““““S“CƒsRÃÃãÆ7W'&VçEöWö6…öf–ÆUö–çFVw&—G•öæ÷E÷FV×÷&Åö6ö×&&–Æ—G£s3bÂÓã#“c#ƒ““““““ƒCsCBÃÃãÆ7W'&VçEöWö6…öf–ÆUö–çFVw&—G•öæ÷E÷FV×÷&Åö6ö×&&–Æ—G£s3rÂÓãc3ƒcƒ‚ÃÃãÆ7W'&VçEöWö6…öf–ÆUö–çFVw&—G•öæ÷E÷FV×÷&Åö6ö×&&–Æ—G£s3‚ÂÓãCs3##bÃÃãÆ7W'&VçEöWö6…öf–ÆUö–çFVw&—G•öæ÷E÷FV×÷&Åö6ö×&&–Æ—G£s3’Ããcs3““““““s3s3BÃÃãÆ7W'&VçEöWö6…öf–ÆUö–çFVw&—G•öæ÷E÷FV×÷&Åö6ö×&&–Æ—G£s3#Ãã#3c““““““3Cc#BÃÃãÆ7W'&VçEöWö6…öf–ÆUö–çFVw&—G•öæ÷E÷FV×÷&Åö6ö×&&–Æ—G£s3#ÂÓãc##“““““““c3##‚ÃÃãÆ7W'&VçEöWö6…öf–ÆUö–çFVw&—G•öæ÷E÷FV×÷&Åö6ö×&&–Æ—G£s3#"Ãã#3c3“““““““C3ƒ“2ÃÃãÆ7W'&VçEöWö6…öf–ÆUö–çFVw&—G•öæ÷E÷FV×÷&Åö6ö×&&–Æ—G£s3#2ÃãSc“#“s“"ÃÃãÆ7W'&VçEöWö6…öf–ÆUö–çFVw&—G•öæ÷E÷FV×÷&Åö6ö×&&–Æ—G£s3#BÂÓã3““ƒ3““““““ƒ##"ÃÃãÆ7W'&VçEöWö6…öf–ÆUö–çFVw&—G•öæ÷E÷FV×÷&Åö6ö×&&–Æ—G£s3#RÂÓãCƒ#S3ƒSBÃÃãÆ7W'&VçEöWö6…öf–ÆUö–çFVw&—G•öæ÷E÷FV×÷&Åö6ö×&&–Æ—G£s3#bÃã#3s“““““““C“3‚ÃÃãÆ7W'&VçEöWö6…öf–ÆUö–çFVw&—G•öæ÷E÷FV×÷&Åö6ö×&&–Æ—G£s3#rÂÓã##3Cs3‚ÃÃãÆ7W'&VçEöWö6…öf–ÆUö–çFVw&—G•öæ÷E÷FV×÷&Åö6ö×&&–Æ—G£s3#‚ÂÓã“3#ƒƒÃÃãÆ7W'&VçEöWö6…öf–ÆUö–çFVw&—G•öæ÷E÷FV×÷&Åö6ö×&&–Æ—G£s3#’ÂÓã3S33C““““““sS“"ÃÃãÆ7W'&VçEöWö6…öf–ÆUö–çFVw&—G•öæ÷E÷FV×÷&Åö6ö×&&–Æ—G£s33ÃãCcc#C““““““scsrÃÃãÆ7W'&VçEöWö6…öf–ÆUö–çFVw&—G•öæ÷E÷FV×÷&Åö6ö×&&–Æ—G£s33ÂÓã#C“““““““SC3cS"ÃÃãÆ7W'&VçEöWö6…öf–ÆUö–çFVw&—G•öæ÷E÷FV×÷&Åö6ö×&&–Æ—G£s33"ÂÓã#scƒC““““““Cs3‚ÃÃãÆ7W'&VçEöWö6…öf–ÆUö–çFVw&—G•öæ÷E÷FV×÷&Åö6ö×&&–Æ—G£s332Ãã33cc““““““““ƒ3rÃÃãÆ7W'&VçEöWö6…öf–ÆUö–çFVw&—G•öæ÷E÷FV×÷&Åö6ö×&&–Æ—G£s33BÃãcS“““““““#sc’ÃÃãÆ7W'&VçEöWö6…öf–ÆUö–çFVw&—G•öæ÷E÷FV×÷&Åö6ö×&&–Æ—G£s33RÃãCsC“““““““c“#ccBÃÃãÆ7W'&VçEöWö6…öf–ÆUö–çFVw&—G•öæ÷E÷FV×÷&Åö6ö×&&–Æ—G£s33bÂÓãsCc“““““““s3“#2ÃÃãÆ7W'&VçEöWö6…öf–ÆUö–çFVw&—G•öæ÷E÷FV×÷&Åö6ö×&&–Æ—G£s33rÃãC““ƒBÃÃãÆ7W'&VçEöWö6…öf–ÆUö–çFVw&—G•öæ÷E÷FV×÷&Åö6ö×&&–Æ—G£s33‚ÂÓã##s3““““““sC#“SRÃÃãÆ7W'&VçEöWö6…öf–ÆUö–çFVw&—G•öæ÷E÷FV×÷&Åö6ö×&&–Æ—G£s33’ÂÓã3##ScS#SBÃÃãÆ7W'&VçEöWö6…öf–ÆUö–çFVw&—G•öæ÷E÷FV×÷&Åö6ö×&&–Æ—G£s3CÂÓãC#CsÃÃãÆ7W'&VçEöWö6…öf–ÆUö–çFVw&—G•öæ÷E÷FV×÷&Åö6ö×&&–Æ—G£s3C"Ãã3#““““““ƒSsSsbÃÃãÆ7W'&VçEöWö6…öf–ÆUö–çFVw&—G•öæ÷E÷FV×÷&Åö6ö×&&–Æ—G£s3C2ÂÓã#CcC#ƒCƒBÃÃãÆ7W'&VçEöWö6…öf–ÆUö–çFVw&—G•öæ÷E÷FV×÷&Åö6ö×&&–Æ—G£s3CBÃãC“CS““““““sc3CCBÃÃãÆ7W'&VçEöWö6…öf–ÆUö–çFVw&—G•öæ÷E÷FV×÷&Åö6ö×&&–Æ—G£s3CRÃãƒc“““““““s#2ÃÃãÆ7W'&VçEöWö6…öf–ÆUö–çFVw&—G•öæ÷E÷FV×÷&Åö6ö×&&–Æ—G£s3CrÂÓã##ƒC““““““sƒƒ#BÃÃãÆ7W'&VçEöWö6…öf–ÆUö–çFVw&—G•öæ÷E÷FV×÷&Åö6ö×&&–Æ—G£s3C‚Ãã3ƒ#ƒ##3CRÃÃãÆ7W'&VçEöWö6…öf–ÆUö–çFVw&—G•öæ÷E÷FV×÷&Åö6ö×&&–Æ—G£s3C’ÂÓã3s3#c““““““cC“sRÃÃãÆ7W'&VçEöWö6…öf–ÆUö–çFVw&—G•öæ÷E÷FV×÷&Åö6ö×&&–Æ—G£s3SÂÓã“3#ƒƒÃÃãÆ7W'&VçEöWö6…öf–ÆUö–çFVw&—G•öæ÷E÷FV×÷&Åö6ö×&&–Æ—G£s3SÂÓãcƒ3C3ƒ“ÃÃãÆ7W'&VçEöWö6…öf–ÆUö–çFVw&—G•öæ÷E÷FV×÷&Åö6ö×&&–Æ—G£s3S"ÂÓã3SƒC““““““s#““cRÃÃãÆ7W'&VçEöWö6…öf–ÆUö–çFVw&—G•öæ÷E÷FV×÷&Åö6ö×&&–Æ—G£s3S2ÂÓã3c#“““““““cSSCÃÃãÆ7W'&VçEöWö6…öf–ÆUö–çFVw&—G•öæ÷E÷FV×÷&Åö6ö×&&–Æ—G£s3SBÂÓã#“Sƒ3#sS#bÃÃãÆ7W'&VçEöWö6…öf–ÆUö–çFVw&—G•öæ÷E÷FV×÷&Åö6ö×&&–Æ—G£s3SRÃãƒ“s“““““““#ƒ#ƒƒ"ÃÃãÆ7W'&VçEöWö6…öf–ÆUö–çFVw&—G•öæ÷E÷FV×÷&Åö6ö×&&–Æ—G£s3SbÃã33#C““““““ƒ“S##bÃÃãÆ7W'&VçEöWö6…öf–ÆUö–çFVw&—G•öæ÷E÷FV×÷&Åö6ö×&&–Æ—G£s3SrÂÓãƒ33s“ÃÃãÆ7W'&VçEöWö6…öf–ÆUö–çFVw&—G•öæ÷E÷FV×÷&Åö6ö×&&–Æ—G£s3S‚ÂÓã##c“““““““SS#“cS"ÃÃãÆ7W'&VçEöWö6…öf–ÆUö–çFVw&—G•öæ÷E÷FV×÷&Åö6ö×&&–Æ—G£s3S’ÃãCcƒ“ƒ“cbÃÃãÆ7W'&VçEöWö6…öf–ÆUö–çFVw&—G•öæ÷E÷FV×÷&Åö6ö×&&–Æ—G£s3cÂÓã3“3#S“c2ÃÃãÆ7W'&VçEöWö6…öf–ÆUö–çFVw&—G•öæ÷E÷FV×÷&Åö6ö×&&–Æ—G£s3cÂÓã#“#S““““““ƒc#32ÃÃãÆ7W'&VçEöWö6…öf–ÆUö–çFVw&—G•öæ÷E÷FV×÷&Åö6ö×&&–Æ—G£s3c"ÂÓã#sCƒ#““““““Cƒ3S‚ÃÃãÆ7W'&VçEöWö6…öf–ÆUö–çFVw&—G•öæ÷E÷FV×÷&Åö6ö×&&–Æ—G£s3c2ÂÓãSS#“““““““ƒS33rÃÃãÆ7W'&VçEöWö6…öf–ÆUö–çFVw&—G•öæ÷E÷FV×÷&Åö6ö×&&–Æ—G£s3cBÃãcƒcCss3CƒRÃÃãÆ7W'&VçEöWö6…öf–ÆUö–çFVw&—G•öæ÷E÷FV×÷&Åö6ö×&&–Æ—G£s3cRÃãƒcsc3‚ÃÃãÆ7W'&VçEöWö6…öf–ÆUö–çFVw&—G•öæ÷E÷FV×÷&Åö6ö×&&–Æ—G£s3cbÂÓã“““cƒ“‚ÃÃãÆ7W'&VçEöWö6…öf–ÆUö–çFVw&—G•öæ÷E÷FV×÷&Åö6ö×&&–Æ—G£s3c‚ÃãC##S“““““““ss“’ÃÃãÆ7W'&VçEöWö6…öf–ÆUö–çFVw&—G•öæ÷E÷FV×÷&Åö6ö×&&–Æ—G£s3c’ÃãCƒ““CS#’ÃÃãÆ7W'&VçEöWö6…öf–ÆUö–çFVw&—G•öæ÷E÷FV×÷&Åö6ö×&&–Æ—G£s3sÃã3s3““““““Ss“RÃÃãÆ7W'&VçEöWö6…öf–ÆUö–çFVw&—G•öæ÷E÷FV×÷&Åö6ö×&&–Æ—G£s3sÃã33cS3SSsBÃÃãÆ7W'&VçEöWö6…öf–ÆUö–çFVw&—G•öæ÷E÷FV×÷&Åö6ö×&&–Æ—G£s3s"Ãã3c3s““““““ss3CSbÃÃãÆ7W'&VçEöWö6…öf–ÆUö–çFVw&—G•öæ÷E÷FV×÷&Åö6ö×&&–Æ—G£s3s2Ãã#“sC#““““““ƒs#CRÃÃãÆ7W'&VçEöWö6…öf–ÆUö–çFVw&—G•öæ÷E÷FV×÷&Åö6ö×&&–Æ—G£s3sBÂÓã3“s““““““ƒSƒCBÃÃãÆ7W'&VçEöWö6…öf–ÆUö–çFVw&—G•öæ÷E÷FV×÷&Åö6ö×&&–Æ—G£s3sRÃãCC3C“““““““3“CcBÃÃãÆ7W'&VçEöWö6…öf–ÆUö–çFVw&—G•öæ÷E÷FV×÷&Åö6ö×&&–Æ—G£s3sbÃãC#33““““““““csCBÃÃãÆ7W'&VçEöWö6…öf–ÆUö–çFVw&—G•öæ÷E÷FV×÷&Åö6ö×&&–Æ—G£s3s‚Ãã3“““3“ƒBÃÃãÆ7W'&VçEöWö6…öf–ÆUö–çFVw&—G•öæ÷E÷FV×÷&Åö6ö×&&–Æ—G£s3s’ÂÓãs33“““““““3ƒS3#rÃÃãÆ7W'&VçEöWö6…öf–ÆUö–çFVw&—G•öæ÷E÷FV×÷&Åö6ö×&&–Æ—G£s3ƒÂÓãCcsc3SƒSbÃÃãÆ7W'&VçEöWö6…öf–ÆUö–çFVw&—G•öæ÷E÷FV×÷&Åö6ö×&&–Æ—G£s3ƒÂÓã3Ccs““““““3ƒ#rÃÃãÆ7W'&VçEöWö6…öf–ÆUö–çFVw&—G•öæ÷E÷FV×÷&Åö6ö×&&–Æ—G£s3ƒ"ÃãcccC“““““““#ƒ3‚ÃÃãÆ7W'&VçEöWö6…öf–ÆUö–çFVw&—G•öæ÷E÷FV×÷&Åö6ö×&&–Æ—G£s3ƒ2Ãã##““Ss#sc2ÃÃãÆ7W'&VçEöWö6…öf–ÆUö–çFVw&—G•öæ÷E÷FV×÷&Åö6ö×&&–Æ—G£s3ƒBÂÓãccssc3c‚ÃÃãÆ7W'&VçEöWö6…öf–ÆUö–çFVw&—G•öæ÷E÷FV×÷&Åö6ö×&&–Æ—G£s3ƒRÂÓãCCS““““““c“’ÃÃãÆ7W'&VçEöWö6…öf–ÆUö–çFVw&—G•öæ÷E÷FV×÷&Åö6ö×&&–Æ—G£s3ƒbÃã3S““““““““ƒc3bÃÃãÆ7W'&VçEöWö6…öf–ÆUö–çFVw&—G•öæ÷E÷FV×÷&Åö6ö×&&–Æ—G£s3ƒrÂÓãƒ“““““““ƒƒcƒCC2ÃÃãÆ7W'&VçEöWö6…öf–ÆUö–çFVw&—G•öæ÷E÷FV×÷&Åö6ö×&&–Æ—G£s3ƒ‚ÂÓãSss““““““C3#3S’ÃÃãÆ7W'&VçEöWö6…öf–ÆUö–çFVw&—G•öæ÷E÷FV×÷&Åö6ö×&&–Æ—G£s3ƒ’ÃãSSc“““““““ƒC3bÃÃãÆ7W'&VçEöWö6…öf–ÆUö–çFVw&—G•öæ÷E÷FV×÷&Åö6ö×&&–Æ—G£s3“ÂÓã3#cScƒrÃÃãÆ7W'&VçEöWö6…öf–ÆUö–çFVw&—G•öæ÷E÷FV×÷&Åö6ö×&&–Æ—G£s3“ÃãCsƒ3#C“2ÃÃãÆ7W'&VçEöWö6…öf–ÆUö–çFVw&—G•öæ÷E÷FV×÷&Åö6ö×&&–Æ—G£s3“"ÂÓã33“CC“““““““Cƒs‚ÃÃãÆ7W'&VçEöWö6…öf–ÆUö–çFVw&—G•öæ÷E÷FV×÷&Åö6ö×&&–Æ—G£s3“2ÂÓãScCƒrÃÃãÆ7W'&VçEöWö6…öf–ÆUö–çFVw&—G•öæ÷E÷FV×÷&Åö6ö×&&–Æ—G£s3“BÃãCCCc“““““““#s3SrÃÃãÆ7W'&VçEöWö6…öf–ÆUö–çFVw&—G•öæ÷E÷FV×÷&Åö6ö×&&–Æ—G£s3“RÃãSS#s“3“c‚ÃÃãÆ7W'&VçEöWö6…öf–ÆUö–çFVw&—G•öæ÷E÷FV×÷&Åö6ö×&&–Æ—G£s3“bÂÓã##C#CC3rÃÃãÆ7W'&VçEöWö6…öf–ÆUö–çFVw&—G•öæ÷E÷FV×÷&Åö6ö×&&–Æ—G£s3“‚Ãã“3s““““““s3#sBÃÃãÆ7W'&VçEöWö6…öf–ÆUö–çFVw&—G•öæ÷E÷FV×÷&Åö6ö×&&–Æ—G£s3“’ÂÓãC#3“““““““““cƒrÃÃãÆ7W'&VçEöWö6…öf–ÆUö–çFVw&—G•öæ÷E÷FV×÷&Åö6ö×&&–Æ—G£sCÂÓãC##“““““““s“SÃÃãÆ7W'&VçEöWö6…öf–ÆUö–çFVw&—G•öæ÷E÷FV×÷&Åö6ö×&&–Æ—G£sCÂÓã#ƒ“ƒ#SCRÃÃãÆ7W'&VçEöWö6…öf–ÆUö–çFVw&—G•öæ÷E÷FV×÷&Åö6ö×&&–Æ—G£sC"Ãã#cs“““““““Cc“CbÃÃãÆ7W'&VçEöWö6…öf–ÆUö–çFVw&—G•öæ÷E÷FV×÷&Åö6ö×&&–Æ—G£sC2ÂÓã#ƒ3“““““““““cSsRÃÃãÆ7W'&VçEöWö6…öf–ÆUö–çFVw&—G•öæ÷E÷FV×÷&Åö6ö×&&–Æ—G£sCBÃã“3“““““““ccSbÃÃãÆ7W'&VçEöWö6…öf–ÆUö–çFVw&—G•öæ÷E÷FV×÷&Åö6ö×&&–Æ—G£sCRÂÓãcƒC#C#2ÃÃãÆ7W'&VçEöWö6…öf–ÆUö–çFVw&—G•öæ÷E÷FV×÷&Åö6ö×&&–Æ—G£sCbÃã#C#““““““sCcÃÃãÆ7W'&VçEöWö6…öf–ÆUö–çFVw&—G•öæ÷E÷FV×÷&Åö6ö×&&–Æ—G£sCrÃã##Cc“““““““SsS2ÃÃãÆ7W'&VçEöWö6…öf–ÆUö–çFVw&—G•öæ÷E÷FV×÷&Åö6ö×&&–Æ—G£sC‚Ãã##ƒs“““““““s3c‚ÃÃãÆ7W'&VçEöWö6…öf–ÆUö–çFVw&—G•öæ÷E÷FV×÷&Åö6ö×&&–Æ—G£sC’Ããƒ3““““““““CƒssrÃÃãÆ7W'&VçEöWö6…öf–ÆUö–çFVw&—G•öæ÷E÷FV×÷&Åö6ö×&&–Æ—G£sCÂÓã#cƒCs#ss‚ÃÃãÆ7W'&VçEöWö6…öf–ÆUö–çFVw&—G•öæ÷E÷FV×÷&Åö6ö×&&–Æ—G£sCÂÓã#CS“ƒ“ƒs#bÃÃãÆ7W'&VçEöWö6…öf–ÆUö–çFVw&—G•öæ÷E÷FV×÷&Åö6ö×&&–Æ—G£sC"ÂÓã#“##““““““sƒsCbÃÃãÆ7W'&VçEöWö6…öf–ÆUö–çFVw&—G•öæ÷E÷FV×÷&Åö6ö×&&–Æ—G£sC2ÂÓã3ƒSƒSS‚ÃÃãÆ7W'&VçEöWö6…öf–ÆUö–çFVw&—G•öæ÷E÷FV×÷&Åö6ö×&&–Æ—G£sCBÃã3““##3S"ÃÃãÆ7W'&VçEöWö6…öf–ÆUö–çFVw&—G•öæ÷E÷FV×÷&Åö6ö×&&–Æ—G£sCRÃã##3ƒs““““““ss3CSbÃÃãÆ7W'&VçEöWö6…öf–ÆUö–çFVw&—G•öæ÷E÷FV×÷&Åö6ö×&&–Æ—G£sCbÂÓãC#ƒƒs“““““““Cƒ‚ÃÃãÆ7W'&VçEöWö6…öf–ÆUö–çFVw&—G•öæ÷E÷FV×÷&Åö6ö×&&–Æ—G£sC‚ÃãC3c“cS’ÃÃãÆ7W'&VçEöWö6…öf–ÆUö–çFVw&—G•öæ÷E÷FV×÷&Åö6ö×&&–Æ—G£sC’Ãã3sSC3sÃÃãÆ7W'&VçEöWö6…öf–ÆUö–çFVw&—G•öæ÷E÷FV×÷&Åö6ö×&&–Æ—G£sC#ÂÓã#“cS3““““““Ss#“’ÃÃãÆ7W'&VçEöWö6…öf–ÆUö–çFVw&—G•öæ÷E÷FV×÷&Åö6ö×&&–Æ—G£sC#ÂÓã3C#““““““ss##’ÃÃãÆ7W'&VçEöWö6…öf–ÆUö–çFVw&—G•öæ÷E÷FV×÷&Åö6ö×&&–Æ—G£sC#"Ãã3C#sƒ33S3BÃÃãÆ7W'&VçEöWö6…öf–ÆUö–çFVw&—G•öæ÷E÷FV×÷&Åö6ö×&&–Æ—G£sC#2Ãã3C““““““sC3“BÃÃãÆ7W'&VçEöWö6…öf–ÆUö–çFVw&—G•öæ÷E÷FV×÷&Åö6ö×&&–Æ—G£sC#BÂÓã““CcCcBÃÃãÆ7W'&VçEöWö6…öf–ÆUö–çFVw&—G•öæ÷E÷FV×÷&Åö6ö×&&–Æ—G£sC#RÂÓãƒC3ccC“rÃÃãÆ7W'&VçEöWö6…öf–ÆUö–çFVw&—G•öæ÷E÷FV×÷&Åö6ö×&&–Æ—G£sC#bÃã#Cs“““““““SSÃÃãÆ7W'&VçEöWö6…öf–ÆUö–çFVw&—G•öæ÷E÷FV×÷&Åö6ö×&&–Æ—G£sC#rÃã#3cc#“““““““C##S‚ÃÃãÆ7W'&VçEöWö6…öf–ÆUö–çFVw&—G•öæ÷E÷FV×÷&Åö6ö×&&–Æ—G£sC#‚ÂÓã““““““s3ss“ÃÃãÆ7W'&VçEöWö6…öf–ÆUö–çFVw&—G•öæ÷E÷FV×÷&Åö6ö×&&–Æ—G£sC#’ÃãƒsCS3CSs“"ÃÃãÆ7W'&VçEöWö6…öf–ÆUö–çFVw&—G•öæ÷E÷FV×÷&Åö6ö×&&–Æ—G£sC3ÂÓãCƒcC““C2ÃÃãÆ7W'&VçEöWö6…öf–ÆUö–çFVw&—G•öæ÷E÷FV×÷&Åö6ö×&&–Æ—G£sC3Ãã“cS33cÃÃãÆ7W'&VçEöWö6…öf–ÆUö–çFVw&—G•öæ÷E÷FV×÷&Åö6ö×&&–Æ—G£sC3"Ãã#S##sƒ2ÃÃãÆ7W'&VçEöWö6…öf–ÆUö–çFVw&—G•öæ÷E÷FV×÷&Åö6ö×&&–Æ—G£sC32Ãã#ƒ#cS““““““s##"ÃÃãÆ7W'&VçEöWö6…öf–ÆUö–çFVw&—G•öæ÷E÷FV×÷&Åö6ö×&&–Æ—G£sC3BÂÓãCC“s#3“3RÃÃãÆ7W'&VçEöWö6…öf–ÆUö–çFVw&—G•öæ÷E÷FV×÷&Åö6ö×&&–Æ—G£sC3RÂÓãCƒ3“““““““SsBÃÃãÆ7W'&VçEöWö6…öf–ÆUö–çFVw&—G•öæ÷E÷FV×÷&Åö6ö×&&–Æ—G£sC3bÂÓã#ƒc#SCcScbÃÃãÆ7W'&VçEöWö6…öf–ÆUö–çFVw&—G•öæ÷E÷FV×÷&Åö6ö×&&–Æ—G£sC3rÃã3S#““““““““ccrÃÃãÆ7W'&VçEöWö6…öf–ÆUö–çFVw&—G•öæ÷E÷FV×÷&Åö6ö×&&–Æ—G£sC3‚ÂÓãSƒ#S3ƒSBÃÃãÆ7W'&VçEöWö6…öf–ÆUö–çFVw&—G•öæ÷E÷FV×÷&Åö6ö×&&–Æ—G£sC3’Ãã3s#“ƒ#2ÃÃãÆ7W'&VçEöWö6…öf–ÆUö–çFVw&—G•öæ÷E÷FV×÷&Åö6ö×&&–Æ—G£sCCÂÓã3sS“““““““3ƒ#2ÃÃãÆ7W'&VçEöWö6…öf–ÆUö–çFVw&—G•öæ÷E÷FV×÷&Åö6ö×&&–Æ—G£sCCÃã3c3s“3cCRÃÃãÆ7W'&VçEöWö6…öf–ÆUö–çFVw&—G•öæ÷E÷FV×÷&Åö6ö×&&–Æ—G£sCC"ÃãCc““““““““##rÃÃãÆ7W'&VçEöWö6…öf–ÆUö–çFVw&—G•öæ÷E÷FV×÷&Åö6ö×&&–Æ—G£sCC2ÂÓã##CCcC#c2ÃÃãÆ7W'&VçEöWö6…öf–ÆUö–çFVw&—G•öæ÷E÷FV×÷&Åö6ö×&&–Æ—G£sCCBÃã“ScSSƒ‚ÃÃãÆ7W'&VçEöWö6…öf–ÆUö–çFVw&—G•öæ÷E÷FV×÷&Åö6ö×&&–Æ—G£sCCRÂÓãS##““““““ƒsƒRÃÃãÆ7W'&VçEöWö6…öf–ÆUö–çFVw&—G•öæ÷E÷FV×÷&Åö6ö×&&–Æ—G£sCCbÂÓãsƒ“ƒ“bÃÃãÆ7W'&VçEöWö6…öf–ÆUö–çFVw&—G•öæ÷E÷FV×÷&Åö6ö×&&–Æ—G£sCCrÃãƒsS““““““CcSC#‚ÃÃãÆ7W'&VçEöWö6…öf–ÆUö–çFVw&—G•öæ÷E÷FV×÷&Åö6ö×&&–Æ—G£sCC‚ÃãScss#ƒs‚ÃÃãÆ7W'&VçEöWö6…öf–ÆUö–çFVw&—G•öæ÷E÷FV×÷&Åö6ö×&&–Æ—G£sCC’Ãã##ƒS#cSC#rÃÃãÆ7W'&VçEöWö6…öf–ÆUö–çFVw&—G•öæ÷E÷FV×÷&Åö6ö×&&–Æ—G£sCSÂÓãCƒc##cC#ÃÃãÆ7W'&VçEöWö6…öf–ÆUö–çFVw&—G•öæ÷E÷FV×÷&Åö6ö×&&–Æ—G£sCSÃã#S““““““ƒsCsrÃÃãÆ7W'&VçEöWö6…öf–ÆUö–çFVw&—G•öæ÷E÷FV×÷&Åö6ö×&&–Æ—G£sCS"Ãã##““““““sC“"ÃÃãÆ7W'&VçEöWö6…öf–ÆUö–çFVw&—G•öæ÷E÷FV×÷&Åö6ö×&&–Æ—G£sCS2ÂÓã33C#““““““ƒsscSBÃÃãÆ7W'&VçEöWö6…öf–ÆUö–çFVw&—G•öæ÷E÷FV×÷&Åö6ö×&&–Æ—G£sCSBÃã#ƒCs““““““S“cƒBÃÃãÆ7W'&VçEöWö6…öf–ÆUö–çFVw&—G•öæ÷E÷FV×÷&Åö6ö×&&–Æ—G£sCSRÂÓã3“S3SC‚ÃÃãÆ7W'&VçEöWö6…öf–ÆUö–çFVw&—G•öæ÷E÷FV×÷&Åö6ö×&&–Æ—G£sCSbÂÓã#C“ƒc“““““““cCcÃÃãÆ7W'&VçEöWö6…öf–ÆUö–çFVw&—G•öæ÷E÷FV×÷&Åö6ö×&&–Æ—G£sCSrÂÓãC“c“““““““s3“##“rÃÃãÆ7W'&VçEöWö6…öf–ÆUö–çFVw&—G•öæ÷E÷FV×÷&Åö6ö×&&–Æ—G£sCS‚Ãã““SC““““““ƒ““ƒƒ2ÃÃãÆ7W'&VçEöWö6…öf–ÆUö–çFVw&—G•öæ÷E÷FV×÷&Åö6ö×&&–Æ—G£sCS’Ããc““““““ƒC3S3sƒÃÃãÆ7W'&VçEöWö6…öf–ÆUö–çFVw&—G•öæ÷E÷FV×÷&Åö6ö×&&–Æ—G£sCcÂÓã#ƒƒ““““““sƒ#‚ÃÃãÆ7W'&VçEöWö6…öf–ÆUö–çFVw&—G•öæ÷E÷FV×÷&Åö6ö×&&–Æ—G£sCcÃã#ƒ“cC2ÃÃãÆ7W'&VçEöWö6…öf–ÆUö–çFVw&—G•öæ÷E÷FV×÷&Åö6ö×&&–Æ—G£sCc"ÃãC#ƒCC33cRÃÃãÆ7W'&VçEöWö6…öf–ÆUö–çFVw&—G•öæ÷E÷FV×÷&Åö6ö×&&–Æ—G£sCc2ÂÓã#3s#ƒ““““““s3RÃÃãÆ7W'&VçEöWö6…öf–ÆUö–çFVw&—G•öæ÷E÷FV×÷&Åö6ö×&&–Æ—G£sCcBÃã3ƒƒs“““““““#cC#bÃÃãÆ7W'&VçEöWö6…öf–ÆUö–çFVw&—G•öæ÷E÷FV×÷&Åö6ö×&&–Æ—G£sCcRÃã“S““““““s#c“"ÃÃãÆ7W'&VçEöWö6…öf–ÆUö–çFVw&—G•öæ÷E÷FV×÷&Åö6ö×&&–Æ—G£sCcbÂÓãCƒƒsc““““““c#“33BÃÃãÆ7W'&VçEöWö6…öf–ÆUö–çFVw&—G•öæ÷E÷FV×÷&Åö6ö×&&–Æ—G£sCcrÃãCƒssS#3#ƒ2ÃÃãÆ7W'&VçEöWö6…öf–ÆUö–çFVw&—G•öæ÷E÷FV×÷&Åö6ö×&&–Æ—G£sCc‚ÂÓãC3S“““““““ƒc“cRÃÃãÆ7W'&VçEöWö6…öf–ÆUö–çFVw&—G•öæ÷E÷FV×÷&Åö6ö×&&–Æ—G£sCc’ÂÓãCƒ3S““““““c#s’ÃÃãÆ7W'&VçEöWö6…öf–ÆUö–çFVw&—G•öæ÷E÷FV×÷&Åö6ö×&&–Æ—G£sCsÃã3ƒs““““““Sc“s#’ÃÃãÆ7W'&VçEöWö6…öf–ÆUö–çFVw&—G•öæ÷E÷FV×÷&Åö6ö×&&–Æ—G£sCsÃãC““““““““cƒ“rÃÃãÆ7W'&VçEöWö6…öf–ÆUö–çFVw&—G•öæ÷E÷FV×÷&Åö6ö×&&–Æ—G£sCs"ÂÓãCCCS““““““ƒs“ƒS“BÃÃãÆ7W'&VçEöWö6…öf–ÆUö–çFVw&—G•öæ÷E÷FV×÷&Åö6ö×&&–Æ—G£sCs2ÃãCS3ƒ#“Sc“RÃÃãÆ7W'&VçEöWö6…öf–ÆUö–çFVw&—G•öæ÷E÷FV×÷&Åö6ö×&&–Æ—G£sCsBÃãƒ3“““““““3ccrÃÃãÆ7W'&VçEöWö6…öf–ÆUö–çFVw&—G•öæ÷E÷FV×÷&Åö6ö×&&–Æ—G£sCsRÂÓã3s“c#“SRÃÃãÆ7W'&VçEöWö6…öf–ÆUö–çFVw&—G•öæ÷E÷FV×÷&Åö6ö×&&–Æ—G£sCsbÂÓã“c3“ccsSrÃÃãÆ7W'&VçEöWö6…öf–ÆUö–çFVw&—G•öæ÷E÷FV×÷&Åö6ö×&&–Æ—G£sCsrÃã#S3CCƒSbÃÃãÆ7W'&VçEöWö6…öf–ÆUö–çFVw&—G•öæ÷E÷FV×÷&Åö6ö×&&–Æ—G£sCs‚Ãã3#Cƒ#C#BÃÃãÆ7W'&VçEöWö6…öf–ÆUö–çFVw&—G•öæ÷E÷FV×÷&Åö6ö×&&–Æ—G£sCs’Ãã“Sc“ƒC“"ÃÃãÆ7W'&VçEöWö6…öf–ÆUö–çFVw&—G•öæ÷E÷FV×÷&Åö6ö×&&–Æ—G£sCƒÂÓã“CsCƒS#’ÃÃãÆ7W'&VçEöWö6…öf–ÆUö–çFVw&—G•öæ÷E÷FV×÷&Åö6ö×&&–Æ—G£sCƒÂÓãC#sƒ““““““sSC‚ÃÃãÆ7W'&VçEöWö6…öf–ÆUö–çFVw&—G•öæ÷E÷FV×÷&Åö6ö×&&–Æ—G£sCƒ"ÂÓãC#Cs““““““s#CSbÃÃãÆ7W'&VçEöWö6…öf–ÆUö–çFVw&—G•öæ÷E÷FV×÷&Åö6ö×&&–Æ—G£sCƒ2ÂÓã3##SssC"ÃÃãÆ7W'&VçEöWö6…öf–ÆUö–çFVw&—G•öæ÷E÷FV×÷&Åö6ö×&&–Æ—G£sCƒBÃã#SsCCCBÃÃãÆ7W'&VçEöWö6…öf–ÆUö–çFVw&—G•öæ÷E÷FV×÷&Åö6ö×&&–Æ—G£sCƒRÂÓãsc3cCC“BÃÃãÆ7W'&VçEöWö6…öf–ÆUö–çFVw&—G•öæ÷E÷FV×÷&Åö6ö×&&–Æ—G£sCƒbÂÓã#3C“sC“ss“"ÃÃãÆ7W'&VçEöWö6…öf–ÆUö–çFVw&—G•öæ÷E÷FV×÷&Åö6ö×&&–Æ—G£sCƒrÃã“s“#ƒ3#"ÃÃãÆ7W'&VçEöWö6…öf–ÆUö–çFVw&—G•öæ÷E÷FV×÷&Åö6ö×&&–Æ—G£sCƒ‚ÂÓãc““C““““““s33C’ÃÃãÆ7W'&VçEöWö6…öf–ÆUö–çFVw&—G•öæ÷E÷FV×÷&Åö6ö×&&–Æ—G£sCƒ’ÂÓã3CcC““““““ƒS“ƒƒBÃÃãÆ7W'&VçEöWö6…öf–ÆUö–çFVw&—G•öæ÷E÷FV×÷&Åö6ö×&&–Æ—G£sC“Ãã3#c““““““sCrÃÃãÆ7W'&VçEöWö6…öf–ÆUö–çFVw&—G•öæ÷E÷FV×÷&Åö6ö×&&–Æ—G£sC“ÂÓã33#S“““““““C#s#3rÃÃãÆ7W'&VçEöWö6…öf–ÆUö–çFVw&—G•öæ÷E÷FV×÷&Åö6ö×&&–Æ—G£sC“"Ãã“333SSsBÃÃãÆ7W'&VçEöWö6…öf–ÆUö–çFVw&—G•öæ÷E÷FV×÷&Åö6ö×&&–Æ—G£sC“2Ããs“#sƒBÃÃãÆ7W'&VçEöWö6…öf–ÆUö–çFVw&—G•öæ÷E÷FV×÷&Åö6ö×&&–Æ—G£sC“BÃã3Cc3Cs3"ÃÃãÆ7W'&VçEöWö6…öf–ÆUö–çFVw&—G•öæ÷E÷FV×÷&Åö6ö×&&–Æ—G£sC“RÂÓã3ƒ3#““““““ƒcssS"ÃÃãÆ7W'&VçEöWö6…öf–ÆUö–çFVw&—G•öæ÷E÷FV×÷&Åö6ö×&&–Æ—G£sC“bÃãcƒ“ƒ#“3#bÃÃãÆ7W'&VçEöWö6…öf–ÆUö–çFVw&—G•öæ÷E÷FV×÷&Åö6ö×&&–Æ—G£sC“rÃã“sS3#S“c2ÃÃãÆ7W'&VçEöWö6…öf–ÆUö–çFVw&—G•öæ÷E÷FV×÷&Åö6ö×&&–Æ—G£sC“‚ÂÓã#SsCCCBÃÃãÆ7W'&VçEöWö6…öf–ÆUö–çFVw&—G•öæ÷E÷FV×÷&Åö6ö×&&–Æ—G£sC“’Ãã3#3““““““csssc#BÃÃãÆ7W'&VçEöWö6…öf–ÆUö–çFVw&—G•öæ÷E÷FV×÷&Åö6ö×&&–Æ—G£sSÂÓãCS#C3‚ÃÃãÆ7W'&VçEöWö6…öf–ÆUö–çFVw&—G•öæ÷E÷FV×÷&Åö6ö×&&–Æ—G£sSÃã#“SC“C‚ÃÃãÆ7W'&VçEöWö6…öf–ÆUö–çFVw&—G•öæ÷E÷FV×÷&Åö6ö×&&–Æ—G£sS"ÃãCCSƒ3#s2ÃÃãÆ7W'&VçEöWö6…öf–ÆUö–çFVw&—G•öæ÷E÷FV×÷&Åö6ö×&&–Æ—G£sS2ÂÓã#c3##““““““cƒ3ƒbÃÃãÆ7W'&VçEöWö6…öf–ÆUö–çFVw&—G•öæ÷E÷FV×÷&Åö6ö×&&–Æ—G£sSBÃã3SCC““““““CS“ƒ32ÃÃãÆ7W'&VçEöWö6…öf–ÆUö–çFVw&—G•öæ÷E÷FV×÷&Åö6ö×&&–Æ—G£sSRÃã“S““““““““CS3“BÃÃãÆ7W'&VçEöWö6…öf–ÆUö–çFVw&—G•öæ÷E÷FV×÷&Åö6ö×&&–Æ—G£sSbÃã#c“““““““ƒc#ƒRÃÃãÆ7W'&VçEöWö6…öf–ÆUö–çFVw&—G•öæ÷E÷FV×÷&Åö6ö×&&–Æ—G£sSrÃã##sS#CC’ÃÃãÆ7W'&VçEöWö6…öf–ÆUö–çFVw&—G•öæ÷E÷FV×÷&Åö6ö×&&–Æ—G£sS‚Ãã#3S#CCSRÃÃãÆ7W'&VçEöWö6…öf–ÆUö–çFVw&—G•öæ÷E÷FV×÷&Åö6ö×&&–Æ—G£sS’ÂÓã3cC““““““3S##cRÃÃãÆ7W'&VçEöWö6…öf–ÆUö–çFVw&—G•öæ÷E÷FV×÷&Åö6ö×&&–Æ—G£sSÂÓã#3CsƒC’ÃÃãÆ7W'&VçEöWö6…öf–ÆUö–çFVw&—G•öæ÷E÷FV×÷&Åö6ö×&&–Æ—G£sSÃã#ƒCCC“s‚ÃÃãÆ7W'&VçEöWö6…öf–ÆUö–çFVw&—G•öæ÷E÷FV×÷&Åö6ö×&&–Æ—G£sS"Ãã3#Sc“ƒC“"ÃÃãÆ7W'&VçEöWö6…öf–ÆUö–çFVw&—G•öæ÷E÷FV×÷&Åö6ö×&&–Æ—G£sS2ÃãC““““““s“3ƒBÃÃãÆ7W'&VçEöWö6…öf–ÆUö–çFVw&—G•öæ÷E÷FV×÷&Åö6ö×&&–Æ—G£sSBÃã#S““###S‚ÃÃãÆ7W'&VçEöWö6…öf–ÆUö–çFVw&—G•öæ÷E÷FV×÷&Åö6ö×&&–Æ—G£sSRÃã3#“c““““““s3CrÃÃãÆ7W'&VçEöWö6…öf–ÆUö–çFVw&—G•öæ÷E÷FV×÷&Åö6ö×&&–Æ—G£sSbÃã#3CCs3CƒBÃÃãÆ7W'&VçEöWö6…öf–ÆUö–çFVw&—G•öæ÷E÷FV×÷&Åö6ö×&&–Æ—G£sSrÃã3cS““““““ƒSC#C‚ÃÃãÆ7W'&VçEöWö6…öf–ÆUö–çFVw&—G•öæ÷E÷FV×÷&Åö6ö×&&–Æ—G£sS‚ÂÓãS33cSƒ#RÃÃãÆ7W'&VçEöWö6…öf–ÆUö–çFVw&—G•öæ÷E÷FV×÷&Åö6ö×&&–Æ—G£sS’Ãã#3cs33C"ÃÃãÆ7W'&VçEöWö6…öf–ÆUö–çFVw&—G•öæ÷E÷FV×÷&Åö6ö×&&–Æ—G£sS#ÂÓã3#c“““““““cSssBÃÃãÆ7W'&VçEöWö6…öf–ÆUö–çFVw&—G•öæ÷E÷FV×÷&Åö6ö×&&–Æ—G£sS#ÂÓã“ƒ“““““““ƒsC#sRÃÃãÆ7W'&VçEöWö6…öf–ÆUö–çFVw&—G•öæ÷E÷FV×÷&Åö6ö×&&–Æ—G£sS#"ÃãCCƒScƒSs"ÃÃãÆ7W'&VçEöWö6…öf–ÆUö–çFVw&—G•öæ÷E÷FV×÷&Åö6ö×&&–Æ—G£sS#2ÂÓãCƒss3““““““cƒCsRÃÃãÆ7W'&VçEöWö6…öf–ÆUö–çFVw&—G•öæ÷E÷FV×÷&Åö6ö×&&–Æ—G£sS#BÂÓã#ƒƒ#ScS‚ÃÃãÆ7W'&VçEöWö6…öf–ÆUö–çFVw&—G•öæ÷E÷FV×÷&Åö6ö×&&–Æ—G£sS#RÂÓãCƒ“ƒs"ÃÃãÆ7W'&VçEöWö6…öf–ÆUö–çFVw&—G•öæ÷E÷FV×÷&Åö6ö×&&–Æ—G£sS#bÃã#“3“““““““ƒCC"ÃÃãÆ7W'&VçEöWö6…öf–ÆUö–çFVw&—G•öæ÷E÷FV×÷&Åö6ö×&&–Æ—G£sS#rÃã3ƒ#““““““ƒs“ƒS“BÃÃãÆ7W'&VçEöWö6…öf–ÆUö–çFVw&—G•öæ÷E÷FV×÷&Åö6ö×&&–Æ—G£sS#‚ÂÓãƒ“s#“““““““c“3BÃÃãÆ7W'&VçEöWö6…öf–ÆUö–çFVw&—G•öæ÷E÷FV×÷&Åö6ö×&&–Æ—G£sS#’ÂÓãc#S““““““CcSC#‚ÃÃãÆ7W'&VçEöWö6…öf–ÆUö–çFVw&—G•öæ÷E÷FV×÷&Åö6ö×&&–Æ—G£sS3Ãã3ScScs#2ÃÃãÆ7W'&VçEöWö6…öf–ÆUö–çFVw&—G•öæ÷E÷FV×÷&Åö6ö×&&–Æ—G£sS3Ãã“c3““““““ƒcc“ƒbÃÃãÆ7W'&VçEöWö6…öf–ÆUö–çFVw&—G•öæ÷E÷FV×÷&Åö6ö×&&–Æ—G£sS3"ÂÓãC3““““““ƒs33C2ÃÃãÆ7W'&VçEöWö6…öf–ÆUö–çFVw&—G•öæ÷E÷FV×÷&Åö6ö×&&–Æ—G£sS32ÂÓãCss#“““““““ƒcC“bÃÃãÆ7W'&VçEöWö6…öf–ÆUö–çFVw&—G•öæ÷E÷FV×÷&Åö6ö×&&–Æ—G£sS3BÂÓãc#ƒSSƒÃÃãÆ7W'&VçEöWö6…öf–ÆUö–çFVw&—G•öæ÷E÷FV×÷&Åö6ö×&&–Æ—G£sS3RÃã3S#C##ƒ“CÃÃãÆ7W'&VçEöWö6…öf–ÆUö–çFVw&—G•öæ÷E÷FV×÷&Åö6ö×&&–Æ—G£sS3bÂÓãCcc“““““““##rÃÃãÆ7W'&VçEöWö6…öf–ÆUö–çFVw&—G•öæ÷E÷FV×÷&Åö6ö×&&–Æ—G£sS3rÂÓãƒC““““““ƒƒ3“#ÃÃãÆ7W'&VçEöWö6…öf–ÆUö–çFVw&—G•öæ÷E÷FV×÷&Åö6ö×&&–Æ—G£sS3‚ÂÓãCs““““““SCsƒ“2ÃÃãÆ7W'&VçEöWö6…öf–ÆUö–çFVw&—G•öæ÷E÷FV×÷&Åö6ö×&&–Æ—G£sS3’ÃãCs3““““““cs3bÃÃãÆ7W'&VçEöWö6…öf–ÆUö–çFVw&—G•öæ÷E÷FV×÷&Åö6ö×&&–Æ—G£sSCÃã3“c“sƒ"ÃÃãÆ7W'&VçEöWö6…öf–ÆUö–çFVw&—G•öæ÷E÷FV×÷&Åö6ö×&&–Æ—G£sSCÂÓãCscccC3SCBÃÃãÆ7W'&VçEöWö6…öf–ÆUö–çFVw&—G•öæ÷E÷FV×÷&Åö6ö×&&–Æ—G£sSC"ÃãcS33“““““““SS““RÃÃãÆ7W'&VçEöWö6…öf–ÆUö–çFVw&—G•öæ÷E÷FV×÷&Åö6ö×&&–Æ—G£sSC2Ãã3cƒ33BÃÃãÆ7W'&VçEöWö6…öf–ÆUö–çFVw&—G•öæ÷E÷FV×÷&Åö6ö×&&–Æ—G£sSCBÃã3Cs3#3“c‚ÃÃãÆ7W'&VçEöWö6…öf–ÆUö–çFVw&—G•öæ÷E÷FV×÷&Åö6ö×&&–Æ—G£sSCRÃãCC#ƒC3S3“2ÃÃãÆ7W'&VçEöWö6…öf–ÆUö–çFVw&—G•öæ÷E÷FV×÷&Åö6ö×&&–Æ—G£sSCbÂÓãs#SssC"ÃÃãÆ7W'&VçEöWö6…öf–ÆUö–çFVw&—G•öæ÷E÷FV×÷&Åö6ö×&&–Æ—G£sSCrÂÓãSC““““““““3S‚ÃÃãÆ7W'&VçEöWö6…öf–ÆUö–çFVw&—G•öæ÷E÷FV×÷&Åö6ö×&&–Æ—G£sSC‚ÂÓãsƒScƒƒBÃÃãÆ7W'&VçEöWö6…öf–ÆUö–çFVw&—G•öæ÷E÷FV×÷&Åö6ö×&&–Æ—G£sSC’Ãã#SCS33#“C‚ÃÃãÆ7W'&VçEöWö6…öf–ÆUö–çFVw&—G•öæ÷E÷FV×÷&Åö6ö×&&–Æ—G£sSSÂÓãcs#“SRÃÃãÆ7W'&VçEöWö6…öf–ÆUö–çFVw&—G•öæ÷E÷FV×÷&Åö6ö×&&–Æ—G£sSSÂÓã#“#s“““““““Sc##‚ÃÃãÆ7W'&VçEöWö6…öf–ÆUö–çFVw&—G•öæ÷E÷FV×÷&Åö6ö×&&–Æ—G£sSS"ÂÓã33“Sc““““““cCSc2ÃÃãÆ7W'&VçEöWö6…öf–ÆUö–çFVw&—G•öæ÷E÷FV×÷&Åö6ö×&&–Æ—G£sSS2Ãã3cƒ““““““ƒƒ“c3‚ÃÃãÆ7W'&VçEöWö6…öf–ÆUö–çFVw&—G•öæ÷E÷FV×÷&Åö6ö×&&–Æ—G£sSSBÂÓãCS“““““““3#3CRÃÃãÆ7W'&VçEöWö6…öf–ÆUö–çFVw&—G•öæ÷E÷FV×÷&Åö6ö×&&–Æ—G£sSSRÂÓãccCS““““““3“C#BÃÃãÆ7W'&VçEöWö6…öf–ÆUö–çFVw&—G•öæ÷E÷FV×÷&Åö6ö×&&–Æ—G£sSSbÃã3#“C3C3cbÃÃãÆ7W'&VçEöWö6…öf–ÆUö–çFVw&—G•öæ÷E÷FV×÷&Åö6ö×&&–Æ—G£sSSrÃã“s3““““““CsS"ÃÃãÆ7W'&VçEöWö6…öf–ÆUö–çFVw&—G•öæ÷E÷FV×÷&Åö6ö×&&–Æ—G£sSS‚ÂÓã#c#3S““““““33S3bÃÃãÆ7W'&VçEöWö6…öf–ÆUö–çFVw&—G•öæ÷E÷FV×÷&Åö6ö×&&–Æ—G£sSS’ÂÓã3SC#Sƒ3#RÃÃãÆ7W'&VçEöWö6…öf–ÆUö–çFVw&—G•öæ÷E÷FV×÷&Åö6ö×&&–Æ—G£sScÃã3s#“““““““SSsÃÃãÆ7W'&VçEöWö6…öf–ÆUö–çFVw&—G•öæ÷E÷FV×÷&Åö6ö×&&–Æ—G£sScÃã3cCcCcs2ÃÃãÆ7W'&VçEöWö6…öf–ÆUö–çFVw&—G•öæ÷E÷FV×÷&Åö6ö×&&–Æ—G£sSc"ÃãCS““““““scƒs‚ÃÃãÆ7W'&VçEöWö6…öf–ÆUö–çFVw&—G•öæ÷E÷FV×÷&Åö6ö×&&–Æ—G£sSc2ÂÓãC3s#S#’ÃÃãÆ7W'&VçEöWö6…öf–ÆUö–çFVw&—G•öæ÷E÷FV×÷&Åö6ö×&&–Æ—G£sScBÂÓãsSscS’ÃÃãÆ7W'&VçEöWö6…öf–ÆUö–çFVw&—G•öæ÷E÷FV×÷&Åö6ö×&&–Æ—G£sScRÂÓã#Ss““““““s“s“2ÃÃãÆ7W'&VçEöWö6…öf–ÆUö–çFVw&—G•öæ÷E÷FV×÷&Åö6ö×&&–Æ—G£sScbÃã33s“““““““““3RÃÃãÆ7W'&VçEöWö6…öf–ÆUö–çFVw&—G•öæ÷E÷FV×÷&Åö6ö×&&–Æ—G£sScrÂÓãSƒSƒ#“ƒC’ÃÃãÆ7W'&VçEöWö6…öf–ÆUö–çFVw&—G•öæ÷E÷FV×÷&Åö6ö×&&–Æ—G£sSc‚ÂÓãCS3sSs#ÃÃãÆ7W'&VçEöWö6…öf–ÆUö–çFVw&—G•öæ÷E÷FV×÷&Åö6ö×&&–Æ—G£sSc’ÃãƒC“““““““#sSƒ“rÃÃãÆ7W'&VçEöWö6…öf–ÆUö–çFVw&—G•öæ÷E÷FV×÷&Åö6ö×&&–Æ—G£sSsÂÓã“C““3S““SbÃÃãÆ7W'&VçEöWö6…öf–ÆUö–çFVw&—G•öæ÷E÷FV×÷&Åö6ö×&&–Æ—G£sSsÃã33s#““““““““#3cbÃÃãÆ7W'&VçEöWö6…öf–ÆUö–çFVw&—G•öæ÷E÷FV×÷&Åö6ö×&&–Æ—G£sSs"ÂÓã33#ƒ3ssƒbÃÃãÆ7W'&VçEöWö6…öf–ÆUö–çFVw&—G•öæ÷E÷FV×÷&Åö6ö×&&–Æ—G£sSs2ÂÓã#“sC““““““ƒc3bÃÃãÆ7W'&VçEöWö6…öf–ÆUö–çFVw&—G•öæ÷E÷FV×÷&Åö6ö×&&–Æ—G£sSsBÂÓã#ƒC3ccRÃÃãÆ7W'&VçEöWö6…öf–ÆUö–çFVw&—G•öæ÷E÷FV×÷&Åö6ö×&&–Æ—G£sSsRÂÓã33S““““““““Sc“#c2ÃÃãÆ7W'&VçEöWö6…öf–ÆUö–çFVw&—G•öæ÷E÷FV×÷&Åö6ö×&&–Æ—G£sSsbÂÓã#c33S3“2ÃÃãÆ7W'&VçEöWö6…öf–ÆUö–çFVw&—G•öæ÷E÷FV×÷&Åö6ö×&&–Æ—G£sSsrÂÓãC“333s“ÃÃãÆ7W'&VçEöWö6…öf–ÆUö–çFVw&—G•öæ÷E÷FV×÷&Åö6ö×&&–Æ—G£sSs‚ÃãS“#““““““““3CƒrÃÃãÆ7W'&VçEöWö6…öf–ÆUö–çFVw&—G•öæ÷E÷FV×÷&Åö6ö×&&–Æ—G£sSs’Ãã#Sƒ“s#S“BÃÃãÆ7W'&VçEöWö6…öf–ÆUö–çFVw&—G•öæ÷E÷FV×÷&Åö6ö×&&–Æ—G£sSƒÃãSs3“““““““S“3cBÃÃãÆ7W'&VçEöWö6…öf–ÆUö–çFVw&—G•öæ÷E÷FV×÷&Åö6ö×&&–Æ—G£sSƒÃãCs##3s“SBÃÃãÆ7W'&VçEöWö6…öf–ÆUö–çFVw&—G•öæ÷E÷FV×÷&Åö6ö×&&–Æ—G£sSƒ"ÂÓãC“Ss#sc2ÃÃãÆ7W'&VçEöWö6…öf–ÆUö–çFVw&—G•öæ÷E÷FV×÷&Åö6ö×&&–Æ—G£sSƒ2Ãã#Sƒƒƒ“C2ÃÃãÆ7W'&VçEöWö6…öf–ÆUö–çFVw&—G•öæ÷E÷FV×÷&Åö6ö×&&–Æ—G£sSƒBÃãC“3“33ƒRÃÃãÆ7W'&VçEöWö6…öf–ÆUö–çFVw&—G•öæ÷E÷FV×÷&Åö6ö×&&–Æ—G£sSƒRÃãc#““““““““CcCC’ÃÃãÆ7W'&VçEöWö6…öf–ÆUö–çFVw&—G•öæ÷E÷FV×÷&Åö6ö×&&–Æ—G£sSƒbÃã3#c“““““““cs2ÃÃãÆ7W'&VçEöWö6…öf–ÆUö–çFVw&—G•öæ÷E÷FV×÷&Åö6ö×&&–Æ—G£sSƒrÂÓã3C“cs“““““““3S#s2ÃÃãÆ7W'&VçEöWö6…öf–ÆUö–çFVw&—G•öæ÷E÷FV×÷&Åö6ö×&&–Æ—G£sSƒ‚ÂÓã3cƒ““““““Cƒ#ƒCcRÃÃãÆ7W'&VçEöWö6…öf–ÆUö–çFVw&—G•öæ÷E÷FV×÷&Åö6ö×&&–Æ—G£sSƒ’Ããƒ##SCSrÃÃãÆ7W'&VçEöWö6…öf–ÆUö–çFVw&—G•öæ÷E÷FV×÷&Åö6ö×&&–Æ—G£sS“ÂÓã3CS““““““ƒ33#“2ÃÃãÆ7W'&VçEöWö6…öf–ÆUö–çFVw&—G•öæ÷E÷FV×÷&Åö6ö×&&–Æ—G£sS“Ãã##S3“c“ƒBÃÃãÆ7W'&VçEöWö6…öf–ÆUö–çFVw&—G•öæ÷E÷FV×÷&Åö6ö×&&–Æ—G£sS“"ÂÓãC“C““““““Sc3“’ÃÃãÆ7W'&VçEöWö6…öf–ÆUö–çFVw&—G•öæ÷E÷FV×÷&Åö6ö×&&–Æ—G£sS“2Ãã##3“““““““ƒsC#sRÃÃãÆ7W'&VçEöWö6…öf–ÆUö–çFVw&—G•öæ÷E÷FV×÷&Åö6ö×&&–Æ—G£sS“BÂÓã3ssSS““““““3S3cbÃÃãÆ7W'&VçEöWö6…öf–ÆUö–çFVw&—G•öæ÷E÷FV×÷&Åö6ö×&&–Æ—G£sS“RÃãCc#s““““““Sƒ“sRÃÃãÆ7W'&VçEöWö6…öf–ÆUö–çFVw&—G•öæ÷E÷FV×÷&Åö6ö×&&–Æ—G£sS“bÂÓã#“cssƒ33S2ÃÃãÆ7W'&VçEöWö6…öf–ÆUö–çFVw&—G•öæ÷E÷FV×÷&Åö6ö×&&–Æ—G£sS“rÂÓãC#scƒc“RÃÃãÆ7W'&VçEöWö6…öf–ÆUö–çFVw&—G•öæ÷E÷FV×÷&Åö6ö×&&–Æ—G£sS“‚ÃãCƒ“3#3c2ÃÃãÆ7W'&VçEöWö6…öf–ÆUö–çFVw&—G•öæ÷E÷FV×÷&Åö6ö×&&–Æ—G£sS“’Ãã3“#“#ƒ“bÃÃãÆ7W'&VçEöWö6…öf–ÆUö–çFVw&—G•öæ÷E÷FV×÷&Åö6ö×&&–Æ—G£scÂÓã#3cbÃÃãÆ7W'&VçEöWö6…öf–ÆUö–çFVw&—G•öæ÷E÷FV×÷&Åö6ö×&&–Æ—G£scÂÓãsC#sƒBÃÃãÆ7W'&VçEöWö6…öf–ÆUö–çFVw&—G•öæ÷E÷FV×÷&Åö6ö×&&–Æ—G£sc"ÃãS3c3s3RÃÃãÆ7W'&VçEöWö6…öf–ÆUö–çFVw&—G•öæ÷E÷FV×÷&Åö6ö×&&–Æ—G£sc2ÂÓãCC3#C““““““cc#3“bÃÃãÆ7W'&VçEöWö6…öf–ÆUö–çFVw&—G•öæ÷E÷FV×÷&Åö6ö×&&–Æ—G£scBÂÓãCSss“““““““cC“S’ÃÃãÆ7W'&VçEöWö6…öf–ÆUö–çFVw&—G•öæ÷E÷FV×÷&Åö6ö×&&–Æ—G£scRÃãCƒS““““““ƒSƒ“CbÃÃãÆ7W'&VçEöWö6…öf–ÆUö–çFVw&—G•öæ÷E÷FV×÷&Åö6ö×&&–Æ—G£scbÃãC“CCcs’ÃÃãÆ7W'&VçEöWö6…öf–ÆUö–çFVw&—G•öæ÷E÷FV×÷&Åö6ö×&&–Æ—G£scrÂÓã3#ƒ3ƒc#“ÃÃãÆ7W'&VçEöWö6…öf–ÆUö–çFVw&—G•öæ÷E÷FV×÷&Åö6ö×&&–Æ—G£sc‚ÂÓãCs“““““““SSs#2ÃÃãÆ7W'&VçEöWö6…öf–ÆUö–çFVw&—G•öæ÷E÷FV×÷&Åö6ö×&&–Æ—G£sc’ÂÓãCSSƒSC#“cÃÃãÆ7W'&VçEöWö6…öf–ÆUö–çFVw&—G•öæ÷E÷FV×÷&Åö6ö×&&–Æ—G£scÂÓãCc#c“3ƒ3RÃÃãÆ7W'&VçEöWö6…öf–ÆUö–çFVw&—G•öæ÷E÷FV×÷&Åö6ö×&&–Æ—G£scÃã33C“c#RÃÃãÆ7W'&VçEöWö6…öf–ÆUö–çFVw&—G•öæ÷E÷FV×÷&Åö6ö×&&–Æ—G£sc"ÃãCsSc““““““SsSsRÃÃãÆ7W'&VçEöWö6…öf–ÆUö–çFVw&—G•öæ÷E÷FV×÷&Åö6ö×&&–Æ—G£sc2ÂÓã#“3#“cbÃÃãÆ7W'&VçEöWö6…öf–ÆUö–çFVw&—G•öæ÷E÷FV×÷&Åö6ö×&&–Æ—G£scBÃã3cs3CscbÃÃãÆ7W'&VçEöWö6…öf–ÆUö–çFVw&—G•öæ÷E÷FV×÷&Åö6ö×&&–Æ—G£scRÂÓã33“Cs2ÃÃãÆ7W'&VçEöWö6…öf–ÆUö–çFVw&—G•öæ÷E÷FV×÷&Åö6ö×&&–Æ—G£scbÃã3CS#““““““ƒc3“SbÃÃãÆ7W'&VçEöWö6…öf–ÆUö–çFVw&—G•öæ÷E÷FV×÷&Åö6ö×&&–Æ—G£scrÂÓãC#s““cƒSsRÃÃãÆ7W'&VçEöWö6…öf–ÆUö–çFVw&—G•öæ÷E÷FV×÷&Åö6ö×&&–Æ—G£sc‚Ãã33cS3C“3bÃÃãÆ7W'&VçEöWö6…öf–ÆUö–çFVw&—G•öæ÷E÷FV×÷&Åö6ö×&&–Æ—G£sc’Ãã#“cc#S“3s2ÃÃãÆ7W'&VçEöWö6…öf–ÆUö–çFVw&—G•öæ÷E÷FV×÷&Åö6ö×&&–Æ—G£sc#Ãã“3#s33“CcrÃÃãÆ7W'&VçEöWö6…öf–ÆUö–çFVw&—G•öæ÷E÷FV×÷&Åö6ö×&&–Æ—G£sc#Ãã3ƒSS#SBÃÃãÆ7W'&VçEöWö6…öf–ÆUö–çFVw&—G•öæ÷E÷FV×÷&Åö6ö×&&–Æ—G£sc#"ÃãC3#““““““ƒs“3“BÃÃãÆ7W'&VçEöWö6…öf–ÆUö–çFVw&—G•öæ÷E÷FV×÷&Åö6ö×&&–Æ—G£sc#2ÃãƒcsssccRÃÃãÆ7W'&VçEöWö6…öf–ÆUö–çFVw&—G•öæ÷E÷FV×÷&Åö6ö×&&–Æ—G£sc#BÂÓãCS3c#ƒcBÃÃãÆ7W'&VçEöWö6…öf–ÆUö–çFVw&—G•öæ÷E÷FV×÷&Åö6ö×&&–Æ—G£sc#RÂÓãCƒ“““““““S““S2ÃÃãÆ7W'&VçEöWö6…öf–ÆUö–çFVw&—G•öæ÷E÷FV×÷&Åö6ö×&&–Æ—G£sc#bÂÓã##ƒ#s“3“rÃÃãÆ7W'&VçEöWö6…öf–ÆUö–çFVw&—G•öæ÷E÷FV×÷&Åö6ö×&&–Æ—G£sc#rÂÓã#ƒC“““““““CS“ƒ32ÃÃãÆ7W'&VçEöWö6…öf–ÆUö–çFVw&—G•öæ÷E÷FV×÷&Åö6ö×&&–Æ—G£sc#‚ÃãCS3SƒsCBÃÃãÆ7W'&VçEöWö6…öf–ÆUö–çFVw&—G•öæ÷E÷FV×÷&Åö6ö×&&–Æ—G£sc#’Ããƒs3SS#C"ÃÃãÆ7W'&VçEöWö6…öf–ÆUö–çFVw&—G•öæ÷E÷FV×÷&Åö6ö×&&–Æ—G£sc3Ãã3##3S‚ÃÃãÆ7W'&VçEöWö6…öf–ÆUö–çFVw&—G•öæ÷E÷FV×÷&Åö6ö×&&–Æ—G£sc3ÂÓãCsc““““““ƒ3#rÃÃãÆ7W'&VçEöWö6…öf–ÆUö–çFVw&—G•öæ÷E÷FV×÷&Åö6ö×&&–Æ—G£sc3"Ãã3#3sƒ““““““C“RÃÃãÆ7W'&VçEöWö6…öf–ÆUö–çFVw&—G•öæ÷E÷FV×÷&Åö6ö×&&–Æ—G£sc32ÂÓãCc“3CS“ƒbÃÃãÆ7W'&VçEöWö6…öf–ÆUö–çFVw&—G•öæ÷E÷FV×÷&Åö6ö×&&–Æ—G£sc3BÂÓã“s#ƒ““““““cC#ƒ3‚ÃÃãÆ7W'&VçEöWö6…öf–ÆUö–çFVw&—G•öæ÷E÷FV×÷&Åö6ö×&&–Æ—G£sc3RÂÓã#s3Cƒ3Cs3ƒ2ÃÃãÆ7W'&VçEöWö6…öf–ÆUö–çFVw&—G•öæ÷E÷FV×÷&Åö6ö×&&–Æ—G£sc3bÃãCsc““““““““ƒc2ÃÃãÆ7W'&VçEöWö6…öf–ÆUö–çFVw&—G•öæ÷E÷FV×÷&Åö6ö×&&–Æ—G£sc3rÃãCCcSSCsRÃÃãÆ7W'&VçEöWö6…öf–ÆUö–çFVw&—G•öæ÷E÷FV×÷&Åö6ö×&&–Æ—G£sc3‚Ãã3“c““““““cCs“cÃÃãÆ7W'&VçEöWö6…öf–ÆUö–çFVw&—G•öæ÷E÷FV×÷&Åö6ö×&&–Æ—G£sc3’ÂÓãCcs“3#ƒ#’ÃÃãÆ7W'&VçEöWö6…öf–ÆUö–çFVw&—G•öæ÷E÷FV×÷&Åö6ö×&&–Æ—G£scCÂÓã###c3“ƒc2ÃÃãÆ7W'&VçEöWö6…öf–ÆUö–çFVw&—G•öæ÷E÷FV×÷&Åö6ö×&&–Æ—G£scCÃã3CSC“““““““Sƒ“RÃÃãÆ7W'&VçEöWö6…öf–ÆUö–çFVw&—G•öæ÷E÷FV×÷&Åö6ö×&&–Æ—G£scC"ÂÓã3“cS#ScBÃÃãÆ7W'&VçEöWö6…öf–ÆUö–çFVw&—G•öæ÷E÷FV×÷&Åö6ö×&&–Æ—G£scC2ÃãCƒcc““““““c3s"ÃÃãÆ7W'&VçEöWö6…öf–ÆUö–çFVw&—G•öæ÷E÷FV×÷&Åö6ö×&&–Æ—G£scCBÂÓãƒ3s#“33‚ÃÃãÆ7W'&VçEöWö6…öf–ÆUö–çFVw&—G•öæ÷E÷FV×÷&Åö6ö×&&–Æ—G£scCRÃã33Cc“SS‚ÃÃãÆ7W'&VçEöWö6…öf–ÆUö–çFVw&—G•öæ÷E÷FV×÷&Åö6ö×&&–Æ—G£scCbÂÓã#s““““““SSCƒ#s‚ÃÃãÆ7W'&VçEöWö6…öf–ÆUö–çFVw&—G•öæ÷E÷FV×÷&Åö6ö×&&–Æ—G£scCrÃãC3s#““““““ƒsc“BÃÃãÆ7W'&VçEöWö6…öf–ÆUö–çFVw&—G•öæ÷E÷FV×÷&Åö6ö×&&–Æ—G£scC‚Ãã##S“ƒ#ƒ“sbÃÃãÆ7W'&VçEöWö6…öf–ÆUö–çFVw&—G•öæ÷E÷FV×÷&Åö6ö×&&–Æ—G£scC’ÂÓãCsƒCCSs"ÃÃãÆ7W'&VçEöWö6…öf–ÆUö–çFVw&—G•öæ÷E÷FV×÷&Åö6ö×&&–Æ—G£scSÂÓã3S““““““““#sƒ##RÃÃãÆ7W'&VçEöWö6…öf–ÆUö–çFVw&—G•öæ÷E÷FV×÷&Åö6ö×&&–Æ—G£scSÃã#CSC“SCƒBÃÃãÆ7W'&VçEöWö6…öf–ÆUö–çFVw&—G•öæ÷E÷FV×÷&Åö6ö×&&–Æ—G£scS"ÂÓãC##C3“CƒƒÃÃãÆ7W'&VçEöWö6…öf–ÆUö–çFVw&—G•öæ÷E÷FV×÷&Åö6ö×&&–Æ—G£scS2Ãã3##SssC"ÃÃãÆ7W'&VçEöWö6…öf–ÆUö–çFVw&—G•öæ÷E÷FV×÷&Åö6ö×&&–Æ—G£scSBÃãCsC““““““s#c2ÃÃãÆ7W'&VçEöWö6…öf–ÆUö–çFVw&—G•öæ÷E÷FV×÷&Åö6ö×&&–Æ—G£scSRÃãsCs#cCbÃÃãÆ7W'&VçEöWö6…öf–ÆUö–çFVw&—G•öæ÷E÷FV×÷&Åö6ö×&&–Æ—G£scSbÂÓã3“ƒs“““““““SÃÃãÆ7W'&VçEöWö6…öf–ÆUö–çFVw&—G•öæ÷E÷FV×÷&Åö6ö×&&–Æ—G£scSrÂÓã#33sCSS‚ÃÃãÆ7W'&VçEöWö6…öf–ÆUö–çFVw&—G•öæ÷E÷FV×÷&Åö6ö×&&–Æ—G£scS‚ÃãCs#c““““““ƒ3ƒƒƒÃÃãÆ7W'&VçEöWö6…öf–ÆUö–çFVw&—G•öæ÷E÷FV×÷&Åö6ö×&&–Æ—G£scS’ÂÓãC#s“““““““““ƒƒ3bÃÃãÆ7W'&VçEöWö6…öf–ÆUö–çFVw&—G•öæ÷E÷FV×÷&Åö6ö×&&–Æ—G£sccÂÓãCƒ#““““““ƒC“#bÃÃãÆ7W'&VçEöWö6…öf–ÆUö–çFVw&—G•öæ÷E÷FV×÷&Åö6ö×&&–Æ—G£sccÂÓãCƒs3CSS"ÃÃãÆ7W'&VçEöWö6…öf–ÆUö–çFVw&—G•öæ÷E÷FV×÷&Åö6ö×&&–Æ—G£scc"ÂÓãC#ccC“S“rÃÃãÆ7W'&VçEöWö6…öf–ÆUö–çFVw&—G•öæ÷E÷FV×÷&Åö6ö×&&–Æ—G£scc2Ããs“##Sƒ#"ÃÃãÆ7W'&VçEöWö6…öf–ÆUö–çFVw&—G•öæ÷E÷FV×÷&Åö6ö×&&–Æ—G£sccBÃã3CS3“““““““S“2ÃÃãÆ7W'&VçEöWö6…öf–ÆUö–çFVw&—G•öæ÷E÷FV×÷&Åö6ö×&&–Æ—G£sccRÂÓãC3#“c““““““C3ƒCÃÃãÆ7W'&VçEöWö6…öf–ÆUö–çFVw&—G•öæ÷E÷FV×÷&Åö6ö×&&–Æ—G£sccbÃã##3SC"ÃÃãÆ7W'&VçEöWö6…öf–ÆUö–çFVw&—G•öæ÷E÷FV×÷&Åö6ö×&&–Æ—G£sccrÂÓã#c#““““““S“3"ÃÃãÆ7W'&VçEöWö6…öf–ÆUö–çFVw&—G•öæ÷E÷FV×÷&Åö6ö×&&–Æ—G£scc‚ÂÓãS““““““ƒƒcƒCC3rÃÃãÆ7W'&VçEöWö6…öf–ÆUö–çFVw&—G•öæ÷E÷FV×÷&Åö6ö×&&–Æ—G£scc’ÃãScCccsrÃÃãÆ7W'&VçEöWö6…öf–ÆUö–çFVw&—G•öæ÷E÷FV×÷&Åö6ö×&&–Æ—G£scsÃã#3““““““s#C3#ƒRÃÃãÆ7W'&VçEöWö6…öf–ÆUö–çFVw&—G•öæ÷E÷FV×÷&Åö6ö×&&–Æ—G£scsÂÓã“s““““““““ƒ3s3RÃÃãÆ7W'&VçEöWö6…öf–ÆUö–çFVw&—G•öæ÷E÷FV×÷&Åö6ö×&&–Æ—G£scs"ÃãC#3C#ƒsssƒrÃÃãÆ7W'&VçEöWö6…öf–ÆUö–çFVw&—G•öæ÷E÷FV×÷&Åö6ö×&&–Æ—G£scs2Ãã3C3“““““““ƒ#3RÃÃãÆ7W'&VçEöWö6…öf–ÆUö–çFVw&—G•öæ÷E÷FV×÷&Åö6ö×&&–Æ—G£scsBÂÓã#3cƒ33s’ÃÃãÆ7W'&VçEöWö6…öf–ÆUö–çFVw&—G•öæ÷E÷FV×÷&Åö6ö×&&–Æ—G£scsRÃã##ƒ#s“3“rÃÃãÆ7W'&VçEöWö6…öf–ÆUö–çFVw&—G•öæ÷E÷FV×÷&Åö6ö×&&–Æ—G£scsbÂÓãC““““““SCSSCbÃÃãÆ7W'&VçEöWö6…öf–ÆUö–çFVw&—G•öæ÷E÷FV×÷&Åö6ö×&&–Æ—G£scsrÂÓã“s3S“ƒSRÃÃãÆ7W'&VçEöWö6…öf–ÆUö–çFVw&—G•öæ÷E÷FV×÷&Åö6ö×&&–Æ—G£scs‚Ãã#Ccƒ“sƒrÃÃãÆ7W'&VçEöWö6…öf–ÆUö–çFVw&—G•öæ÷E÷FV×÷&Åö6ö×&&–Æ—G£scs’ÂÓã3s“3S““““““ƒ““cRÃÃãÆ7W'&VçEöWö6…öf–ÆUö–çFVw&—G•öæ÷E÷FV×÷&Åö6ö×&&–Æ—G£scƒÃã#S#SC3s‚ÃÃãÆ7W'&VçEöWö6…öf–ÆUö–çFVw&—G•öæ÷E÷FV×÷&Åö6ö×&&–Æ—G£scƒÂÓã3#s33c3"ÃÃãÆ7W'&VçEöWö6…öf–ÆUö–çFVw&—G•öæ÷E÷FV×÷&Åö6ö×&&–Æ—G£scƒ"ÂÓãCCSSc#“‚ÃÃãÆ7W'&VçEöWö6…öf–ÆUö–çFVw&—G•öæ÷E÷FV×÷&Åö6ö×&&–Æ—G£scƒ2Ãã#ƒ““““““““CSS"ÃÃãÆ7W'&VçEöWö6…öf–ÆUö–çFVw&—G•öæ÷E÷FV×÷&Åö6ö×&&–Æ—G£scƒBÃãCSƒ““““““ƒc#“rÃÃãÆ7W'&VçEöWö6…öf–ÆUö–çFVw&—G•öæ÷E÷FV×÷&Åö6ö×&&–Æ—G£scƒRÃãCcƒs““““““C““ƒ‚ÃÃãÆ7W'&VçEöWö6…öf–ÆUö–çFVw&—G•öæ÷E÷FV×÷&Åö6ö×&&–Æ—G£scƒbÂÓã3Sƒ““““““ƒcƒcƒ3RÃÃãÆ7W'&VçEöWö6…öf–ÆUö–çFVw&—G•öæ÷E÷FV×÷&Åö6ö×&&–Æ—G£scƒrÂÓã3#c““““““Sƒ#scsRÃÃãÆ7W'&VçEöWö6…öf–ÆUö–çFVw&—G•öæ÷E÷FV×÷&Åö6ö×&&–Æ—G£scƒ‚Ãã3CCscCcƒBÃÃãÆ7W'&VçEöWö6…öf–ÆUö–çFVw&—G•öæ÷E÷FV×÷&Åö6ö×&&–Æ—G£scƒ’ÂÓãs“c#c’ÃÃãÆ7W'&VçEöWö6…öf–ÆUö–çFVw&—G•öæ÷E÷FV×÷&Åö6ö×&&–Æ—G£sc“ÂÓãC#“““““““CsƒBÃÃãÆ7W'&VçEöWö6…öf–ÆUö–çFVw&—G•öæ÷E÷FV×÷&Åö6ö×&&–Æ—G£sc“ÃãSss3CCs3RÃÃãÆ7W'&VçEöWö6…öf–ÆUö–çFVw&—G•öæ÷E÷FV×÷&Åö6ö×&&–Æ—G£sc“"Ãã#sƒ3“““““““SS““RÃÃãÆ7W'&VçEöWö6…öf–ÆUö–çFVw&—G•öæ÷E÷FV×÷&Åö6ö×&&–Æ—G£sc“2Ãã#s#cc3BÃÃãÆ7W'&VçEöWö6…öf–ÆUö–çFVw&—G•öæ÷E÷FV×÷&Åö6ö×&&–Æ—G£sc“BÂÓã3“““““““sƒ“SSBÃÃãÆ7W'&VçEöWö6…öf–ÆUö–çFVw&—G•öæ÷E÷FV×÷&Åö6ö×&&–Æ—G£sc“RÂÓãC3c#ƒ“cCÃÃãÆ7W'&VçEöWö6…öf–ÆUö–çFVw&—G•öæ÷E÷FV×÷&Åö6ö×&&–Æ—G£sc“bÂÓãs#s““““““cCs“bÃÃãÆ7W'&VçEöWö6…öf–ÆUö–çFVw&—G•öæ÷E÷FV×÷&Åö6ö×&&–Æ—G£sc“rÂÓãCCS““““““““c#sCrÃÃãÆ7W'&VçEöWö6…öf–ÆUö–çFVw&—G•öæ÷E÷FV×÷&Åö6ö×&&–Æ—G£sc“‚ÂÓã#“3““““““““CC#bÃÃãÆ7W'&VçEöWö6…öf–ÆUö–çFVw&—G•öæ÷E÷FV×÷&Åö6ö×&&–Æ—G£sc“’Ãã##“SS3cSSCBÃÃãÆ7W'&VçEöWö6…öf–ÆUö–çFVw&—G•öæ÷E÷FV×÷&Åö6ö×&&–Æ—G£ssÂÓã33sC“SCc3bÃÃãÆ7W'&VçEöWö6…öf–ÆUö–çFVw&—G•öæ÷E÷FV×÷&Åö6ö×&&–Æ—G£ssÃãC“c3““““““CSC#CRÃÃãÆ7W'&VçEöWö6…öf–ÆUö–çFVw&—G•öæ÷E÷FV×÷&Åö6ö×&&–Æ—G£ss"Ããsƒ“ƒ“bÃÃãÆ7W'&VçEöWö6…öf–ÆUö–çFVw&—G•öæ÷E÷FV×÷&Åö6ö×&&–Æ—G£ss2ÂÓãƒCccSƒ“bÃÃãÆ7W'&VçEöWö6…öf–ÆUö–çFVw&—G•öæ÷E÷FV×÷&Åö6ö×&&–Æ—G£ssBÂÓã3s#333ƒrÃÃãÆ7W'&VçEöWö6…öf–ÆUö–çFVw&—G•öæ÷E÷FV×÷&Åö6ö×&&–Æ—G£ssRÂÓã“ƒƒ3““““““ƒsCSBÃÃãÆ7W'&VçEöWö6…öf–ÆUö–çFVw&—G•öæ÷E÷FV×÷&Åö6ö×&&–Æ—G£ssbÂÓãCƒS##2ÃÃãÆ7W'&VçEöWö6…öf–ÆUö–çFVw&—G•öæ÷E÷FV×÷&Åö6ö×&&–Æ—G£ssrÃãCƒCC“““““““3ƒS#rÃÃãÆ7W'&VçEöWö6…öf–ÆUö–çFVw&—G•öæ÷E÷FV×÷&Åö6ö×&&–Æ—G£ss‚ÃãSs“““““““3scBÃÃãÆ7W'&VçEöWö6…öf–ÆUö–çFVw&—G•öæ÷E÷FV×÷&Åö6ö×&&–Æ—G£ss’ÂÓã#3c3““““““c33“’ÃÃãÆ7W'&VçEöWö6…öf–ÆUö–çFVw&—G•öæ÷E÷FV×÷&Åö6ö×&&–Æ—G£ssÂÓã#“ƒ“ssƒ’ÃÃãÆ7W'&VçEöWö6…öf–ÆUö–çFVw&—G•öæ÷E÷FV×÷&Åö6ö×&&–Æ—G£ssÂÓãƒƒ“““““““““c2ÃÃãÆ7W'&VçEöWö6…öf–ÆUö–çFVw&—G•öæ÷E÷FV×÷&Åö6ö×&&–Æ—G£ss"ÂÓã#SC#cSrÃÃãÆ7W'&VçEöWö6…öf–ÆUö–çFVw&—G•öæ÷E÷FV×÷&Åö6ö×&&–Æ—G£ss2ÂÓã3““#cSS“s#RÃÃãÆ7W'&VçEöWö6…öf–ÆUö–çFVw&—G•öæ÷E÷FV×÷&Åö6ö×&&–Æ—G£ssBÂÓãCcC““““““ssS3‚ÃÃãÆ7W'&VçEöWö6…öf–ÆUö–çFVw&—G•öæ÷E÷FV×÷&Åö6ö×&&–Æ—G£ssRÃã#3cc#c3BÃÃãÆ7W'&VçEöWö6…öf–ÆUö–çFVw&—G•öæ÷E÷FV×÷&Åö6ö×&&–Æ—G£ssbÂÓã#3S#CCSC‚ÃÃãÆ7W'&VçEöWö6…öf–ÆUö–çFVw&—G•öæ÷E÷FV×÷&Åö6ö×&&–Æ—G£ssrÃã#ƒ#S“#S#ƒSBÃÃãÆ7W'&VçEöWö6…öf–ÆUö–çFVw&—G•öæ÷E÷FV×÷&Åö6ö×&&–Æ—G£ss‚ÂÓã3c#C#s#SRÃÃãÆ7W'&VçEöWö6…öf–ÆUö–çFVw&—G•öæ÷E÷FV×÷&Åö6ö×&&–Æ—G£ss’Ãã3“ƒS“cs‚ÃÃãÆ7W'&VçEöWö6…öf–ÆUö–çFVw&—G•öæ÷E÷FV×÷&Åö6ö×&&–Æ—G£ss#ÃãCs“3“““““““cS3‚ÃÃãÆ7W'&VçEöWö6…öf–ÆUö–çFVw&—G•öæ÷E÷FV×÷&Åö6ö×&&–Æ—G£ss#Ãã3Cc3““““““ƒ3C“ÃÃãÆ7W'&VçEöWö6…öf–ÆUö–çFVw&—G•öæ÷E÷FV×÷&Åö6ö×&&–Æ—G£ss#"Ãã““C##rÃÃãÆ7W'&VçEöWö6…öf–ÆUö–çFVw&—G•öæ÷E÷FV×÷&Åö6ö×&&–Æ—G£ss#2ÂÓã3ƒ“““““““sS“s’ÃÃãÆ7W'&VçEöWö6…öf–ÆUö–çFVw&—G•öæ÷E÷FV×÷&Åö6ö×&&–Æ—G£ss#BÃãS##“““““““#ƒ#ƒ‚ÃÃãÆ7W'&VçEöWö6…öf–ÆUö–çFVw&—G•öæ÷E÷FV×÷&Åö6ö×&&–Æ—G£ss#RÃã#ssƒ““““““ƒcC#rÃÃãÆ7W'&VçEöWö6…öf–ÆUö–çFVw&—G•öæ÷E÷FV×÷&Åö6ö×&&–Æ—G£ss#bÃã“C““““““cƒ“ƒc“bÃÃãÆ7W'&VçEöWö6…öf–ÆUö–çFVw&—G•öæ÷E÷FV×÷&Åö6ö×&&–Æ—G£ss#rÂÓã##““““““““cƒ33RÃÃãÆ7W'&VçEöWö6…öf–ÆUö–çFVw&—G•öæ÷E÷FV×÷&Åö6ö×&&–Æ—G£ss#‚ÂÓãCƒƒScsS#ÃÃãÆ7W'&VçEöWö6…öf–ÆUö–çFVw&—G•öæ÷E÷FV×÷&Åö6ö×&&–Æ—G£ss#’Ãã3sCC3C#BÃÃãÆ7W'&VçEöWö6…öf–ÆUö–çFVw&—G•öæ÷E÷FV×÷&Åö6ö×&&–Æ—G£ss3Ãã3#ƒCs3s“RÃÃãÆ7W'&VçEöWö6…öf–ÆUö–çFVw&—G•öæ÷E÷FV×÷&Åö6ö×&&–Æ—G£ss3Ãã#Sƒ3“““““““S#C“bÃÃãÆ7W'&VçEöWö6…öf–ÆUö–çFVw&—G•öæ÷E÷FV×÷&Åö6ö×&&–Æ—G£ss3"ÂÓã#C3“rÃÃãÆ7W'&VçEöWö6…öf–ÆUö–çFVw&—G•öæ÷E÷FV×÷&Åö6ö×&&–Æ—G£ss32ÃãCSc#““““““3#S#SrÃÃãÆ7W'&VçEöWö6…öf–ÆUö–çFVw&—G•öæ÷E÷FV×÷&Åö6ö×&&–Æ—G£ss3BÃã3““#C3ƒƒ“2ÃÃãÆ7W'&VçEöWö6…öf–ÆUö–çFVw&—G•öæ÷E÷FV×÷&Åö6ö×&&–Æ—G£ss3RÃã3c““““““ƒc“rÃÃãÆ7W'&VçEöWö6…öf–ÆUö–çFVw&—G•öæ÷E÷FV×÷&Åö6ö×&&–Æ—G£ss3bÃãC3S#ƒCS2ÃÃãÆ7W'&VçEöWö6…öf–ÆUö–çFVw&—G•öæ÷E÷FV×÷&Åö6ö×&&–Æ—G£ss3rÃãcCS““““““scƒs‚ÃÃãÆ7W'&VçEöWö6…öf–ÆUö–çFVw&—G•öæ÷E÷FV×÷&Åö6ö×&&–Æ—G£ss3‚Ãã#3CCs3CƒBÃÃãÆ7W'&VçEöWö6…öf–ÆUö–çFVw&—G•öæ÷E÷FV×÷&Åö6ö×&&–Æ—G£ss3’ÂÓã3SC“cÃÃãÆ7W'&VçEöWö6…öf–ÆUö–çFVw&—G•öæ÷E÷FV×÷&Åö6ö×&&–Æ—G£ssCÃã#ƒsCsS“bÃÃãÆ7W'&VçEöWö6…öf–ÆUö–çFVw&—G•öæ÷E÷FV×÷&Åö6ö×&&–Æ—G£ssCÂÓãS3C““““““ƒSs“s32ÃÃãÆ7W'&VçEöWö6…öf–ÆUö–çFVw&—G•öæ÷E÷FV×÷&Åö6ö×&&–Æ—G£ssC"Ãã33S#3SBÃÃãÆ7W'&VçEöWö6…öf–ÆUö–çFVw&—G•öæ÷E÷FV×÷&Åö6ö×&&–Æ—G£ssC2ÂÓã#“ƒc332ÃÃãÆ7W'&VçEöWö6…öf–ÆUö–çFVw&—G•öæ÷E÷FV×÷&Åö6ö×&&–Æ—G£ssCBÂÓãC3#“““““““ƒ““ƒƒ2ÃÃãÆ7W'&VçEöWö6…öf–ÆUö–çFVw&—G•öæ÷E÷FV×÷&Åö6ö×&&–Æ—G£ssCRÃã3#ƒ“““““““S33ƒBÃÃãÆ7W'&VçEöWö6…öf–ÆUö–çFVw&—G•öæ÷E÷FV×÷&Åö6ö×&&–Æ—G£ssCbÂÓãƒ#“s3S#rÃÃãÆ7W'&VçEöWö6…öf–ÆUö–çFVw&—G•öæ÷E÷FV×÷&Åö6ö×&&–Æ—G£ssCrÃãcCS“ssƒBÃÃãÆ7W'&VçEöWö6…öf–ÆUö–çFVw&—G•öæ÷E÷FV×÷&Åö6ö×&&–Æ—G£ssC‚ÃãC“sC“““““““scsrÃÃãÆ7W'&VçEöWö6…öf–ÆUö–çFVw&—G•öæ÷E÷FV×÷&Åö6ö×&&–Æ—G£ssC’ÃãCsc““““““““ƒc2ÃÃãÆ7W'&VçEöWö6…öf–ÆUö–çFVw&—G•öæ÷E÷FV×÷&Åö6ö×&&–Æ—G£ssSÂÓã#3sS“““““““3ƒ"ÃÃãÆ7W'&VçEöWö6…öf–ÆUö–çFVw&—G•öæ÷E÷FV×÷&Åö6ö×&&–Æ—G£ssSÃãƒC#CbÃÃãÆ7W'&VçEöWö6…öf–ÆUö–çFVw&—G•öæ÷E÷FV×÷&Åö6ö×&&–Æ—G£ssS"ÂÓãc“Cƒ““““““CC#sRÃÃãÆ7W'&VçEöWö6…öf–ÆUö–çFVw&—G•öæ÷E÷FV×÷&Åö6ö×&&–Æ—G£ssS2ÂÓã3ƒ““““““cSCS#RÃÃãÆ7W'&VçEöWö6…öf–ÆUö–çFVw&—G•öæ÷E÷FV×÷&Åö6ö×&&–Æ—G£ssSBÂÓãs#33Cs3ƒ2ÃÃãÆ7W'&VçEöWö6…öf–ÆUö–çFVw&—G•öæ÷E÷FV×÷&Åö6ö×&&–Æ—G£ssSRÃã#ScCƒ“““““““sSsƒbÃÃãÆ7W'&VçEöWö6…öf–ÆUö–çFVw&—G•öæ÷E÷FV×÷&Åö6ö×&&–Æ—G£ssSbÂÓã3cCcsÃÃãÆ7W'&VçEöWö6…öf–ÆUö–çFVw&—G•öæ÷E÷FV×÷&Åö6ö×&&–Æ—G£ssSrÂÓãc3S#SBÃÃãÆ7W'&VçEöWö6…öf–ÆUö–çFVw&—G•öæ÷E÷FV×÷&Åö6ö×&&–Æ—G£ssS‚Ãã3Sƒc2ÃÃãÆ7W'&VçEöWö6…öf–ÆUö–çFVw&—G•öæ÷E÷FV×÷&Åö6ö×&&–Æ—G£ssS’ÃãƒCƒ“““““““#“#“RÃÃãÆ7W'&VçEöWö6…öf–ÆUö–çFVw&—G•öæ÷E÷FV×÷&Åö6ö×&&–Æ—G£sscÃã#sƒ““““““ƒcC#c’ÃÃãÆ7W'&VçEöWö6…öf–ÆUö–çFVw&—G•öæ÷E÷FV×÷&Åö6ö×&&–Æ—G£sscÂÓã#ƒ3cCCc“bÃÃãÆ7W'&VçEöWö6…öf–ÆUö–çFVw&—G•öæ÷E÷FV×÷&Åö6ö×&&–Æ—G£ssc"Ãã3Scssƒ‚ÃÃãÆ7W'&VçEöWö6…öf–ÆUö–çFVw&—G•öæ÷E÷FV×÷&Åö6ö×&&–Æ—G£ssc2ÂÓã#ƒ“S3““““““s“C‚ÃÃãÆ7W'&VçEöWö6…öf–ÆUö–çFVw&—G•öæ÷E÷FV×÷&Åö6ö×&&–Æ—G£sscBÂÓãCSc“c“““““““#s3SrÃÃãÆ7W'&VçEöWö6…öf–ÆUö–çFVw&—G•öæ÷E÷FV×÷&Åö6ö×&&–Æ—G£sscRÂÓã3s3s“““““““ƒCc32ÃÃãÆ7W'&VçEöWö6…öf–ÆUö–çFVw&—G•öæ÷E÷FV×÷&Åö6ö×&&–Æ—G£sscbÃãSs3#3#S“‚ÃÃãÆ7W'&VçEöWö6…öf–ÆUö–çFVw&—G•öæ÷E÷FV×÷&Åö6ö×&&–Æ—G£sscrÂÓãCcCS““““““CƒCCs2ÃÃãÆ7W'&VçEöWö6…öf–ÆUö–çFVw&—G•öæ÷E÷FV×÷&Åö6ö×&&–Æ—G£ssc‚Ãã3S“scccCRÃÃãÆ7W'&VçEöWö6…öf–ÆUö–çFVw&—G•öæ÷E÷FV×÷&Åö6ö×&&–Æ—G£ssc’ÂÓã3#“ƒS““““““ƒc“rÃÃãÆ7W'&VçEöWö6…öf–ÆUö–çFVw&—G•öæ÷E÷FV×÷&Åö6ö×&&–Æ—G£sssÂÓãC“ƒ3“““““““csc3cRÃÃãÆ7W'&VçEöWö6…öf–ÆUö–çFVw&—G•öæ÷E÷FV×÷&Åö6ö×&&–Æ—G£sssÃãSsƒƒcCrÃÃãÆ7W'&VçEöWö6…öf–ÆUö–çFVw&—G•öæ÷E÷FV×÷&Åö6ö×&&–Æ—G£sss"Ãã#S3ssbÃÃãÆ7W'&VçEöWö6…öf–ÆUö–çFVw&—G•öæ÷E÷FV×÷&Åö6ö×&&–Æ—G£sss2ÃãCS#CƒC#ƒ‚ÃÃãÆ7W'&VçEöWö6…öf–ÆUö–çFVw&—G•öæ÷E÷FV×÷&Åö6ö×&&–Æ—G£sssBÃã#“33“3sRÃÃãÆ7W'&VçEöWö6…öf–ÆUö–çFVw&—G•öæ÷E÷FV×÷&Åö6ö×&&–Æ—G£sssRÂÓã3s#3“““““““#“#“RÃÃãÆ7W'&VçEöWö6…öf–ÆUö–çFVw&—G•öæ÷E÷FV×÷&Åö6ö×&&–Æ—G£sssbÂÓã3““““““““3“CcBÃÃãÆ7W'&VçEöWö6…öf–ÆUö–çFVw&—G•öæ÷E÷FV×÷&Åö6ö×&&–Æ—G£sssrÂÓãC“3“““““““ƒ“sSSRÃÃãÆ7W'&VçEöWö6…öf–ÆUö–çFVw&—G•öæ÷E÷FV×÷&Åö6ö×&&–Æ—G£sss‚ÂÓã3“CC“““““““CƒssrÃÃãÆ7W'&VçEöWö6…öf–ÆUö–çFVw&—G•öæ÷E÷FV×÷&Åö6ö×&&–Æ—G£sss’Ãã#c33S#sbÃÃãÆ7W'&VçEöWö6…öf–ÆUö–çFVw&—G•öæ÷E÷FV×÷&Åö6ö×&&–Æ—G£ssƒÂÓãsscScSC#SBÃÃãÆ7W'&VçEöWö6…öf–ÆUö–çFVw&—G•öæ÷E÷FV×÷&Åö6ö×&&–Æ—G£ssƒÃã3CScSSƒ‚ÃÃãÆ7W'&VçEöWö6…öf–ÆUö–çFVw&—G•öæ÷E÷FV×÷&Åö6ö×&&–Æ—G£ssƒ"ÂÓã#“s“““““““c“33RÃÃãÆ7W'&VçEöWö6…öf–ÆUö–çFVw&—G•öæ÷E÷FV×÷&Åö6ö×&&–Æ—G£ssƒ2ÂÓãCƒSCcrÃÃãÆ7W'&VçEöWö6…öf–ÆUö–çFVw&—G•öæ÷E÷FV×÷&Åö6ö×&&–Æ—G£ssƒBÃãƒS““““““ƒ“3ƒ#“#2ÃÃãÆ7W'&VçEöWö6…öf–ÆUö–çFVw&—G•öæ÷E÷FV×÷&Åö6ö×&&–Æ—G£ssƒRÃã#CcSƒ““““““S“C3‚ÃÃãÆ7W'&VçEöWö6…öf–ÆUö–çFVw&—G•öæ÷E÷FV×÷&Åö6ö×&&–Æ—G£ssƒbÃãcc#cƒ33rÃÃãÆ7W'&VçEöWö6…öf–ÆUö–çFVw&—G•öæ÷E÷FV×÷&Åö6ö×&&–Æ—G£ssƒrÃã3sCc““““““ƒSsSsbÃÃãÆ7W'&VçEöWö6…öf–ÆUö–çFVw&—G•öæ÷E÷FV×÷&Åö6ö×&&–Æ—G£ssƒ‚ÂÓãc333s““s“bÃÃãÆ7W'&VçEöWö6…öf–ÆUö–çFVw&—G•öæ÷E÷FV×÷&Åö6ö×&&–Æ—G£ssƒ’ÂÓãCCcCS“““““““#cRÃÃãÆ7W'&VçEöWö6…öf–ÆUö–çFVw&—G•öæ÷E÷FV×÷&Åö6ö×&&–Æ—G£ss“ÃãCCS#css2ÃÃãÆ7W'&VçEöWö6…öf–ÆUö–çFVw&—G•öæ÷E÷FV×÷&Åö6ö×&&–Æ—G£ss“Ãã#3S#CCSRÃÃãÆ7W'&VçEöWö6…öf–ÆUö–çFVw&—G•öæ÷E÷FV×÷&Åö6ö×&&–Æ—G£ss“"ÂÓãC“ƒc““““““S“cbÃÃãÆ7W'&VçEöWö6…öf–ÆUö–çFVw&—G•öæ÷E÷FV×÷&Åö6ö×&&–Æ—G£ss“2ÂÓã3“sc“SÃÃãÆ7W'&VçEöWö6…öf–ÆUö–çFVw&—G•öæ÷E÷FV×÷&Åö6ö×&&–Æ—G£ss“BÃã#“““““““3#“CCssCbÃÃãÆ7W'&VçEöWö6…öf–ÆUö–çFVw&—G•öæ÷E÷FV×÷&Åö6ö×&&–Æ—G£ss“RÃãssƒSC“"ÃÃãÆ7W'&VçEöWö6…öf–ÆUö–çFVw&—G•öæ÷E÷FV×÷&Åö6ö×&&–Æ—G£ss“bÂÓã##ƒc““““““3sƒ“"ÃÃãÆ7W'&VçEöWö6…öf–ÆUö–çFVw&—G•öæ÷E÷FV×÷&Åö6ö×&&–Æ—G£ss“rÂÓãs#“sSSbÃÃãÆ7W'&VçEöWö6…öf–ÆUö–çFVw&—G•öæ÷E÷FV×÷&Åö6ö×&&–Æ—G£ss“‚Ãã#“s““““““ƒ“33c3SrÃÃãÆ7W'&VçEöWö6…öf–ÆUö–çFVw&—G•öæ÷E÷FV×÷&Åö6ö×&&–Æ—G£ss“’ÂÓã“ƒsƒ“scSBÃÃãÆ7W'&VçEöWö6…öf–ÆUö–çFVw&—G•öæ÷E÷FV×÷&Åö6ö×&&–Æ—G£sƒÃã3Ss““““““ƒ“3S2ÃÃãÆ7W'&VçEöWö6…öf–ÆUö–çFVw&—G•öæ÷E÷FV×÷&Åö6ö×&&–Æ—G£sƒÃã3ƒ““““““““3ƒ2ÃÃãÆ7W'&VçEöWö6…öf–ÆUö–çFVw&—G•öæ÷E÷FV×÷&Åö6ö×&&–Æ—G£sƒ"ÂÓã#“““““““C3#crÃÃãÆ7W'&VçEöWö6…öf–ÆUö–çFVw&—G•öæ÷E÷FV×÷&Åö6ö×&&–Æ—G£sƒ2Ãã#SCS3ƒ“‚ÃÃãÆ7W'&VçEöWö6…öf–ÆUö–çFVw&—G•öæ÷E÷FV×÷&Åö6ö×&&–Æ—G£sƒBÂÓãCƒƒcSƒ2ÃÃãÆ7W'&VçEöWö6…öf–ÆUö–çFVw&—G•öæ÷E÷FV×÷&Åö6ö×&&–Æ—G£sƒRÃã#3c““““““c“3BÃÃãÆ7W'&VçEöWö6…öf–ÆUö–çFVw&—G•öæ÷E÷FV×÷&Åö6ö×&&–Æ—G£sƒbÂÓã3ƒc3#ƒS##RÃÃãÆ7W'&VçEöWö6…öf–ÆUö–çFVw&—G•öæ÷E÷FV×÷&Åö6ö×&&–Æ—G£sƒrÃã##“““““““ƒƒƒ#C2ÃÃãÆ7W'&VçEöWö6…öf–ÆUö–çFVw&—G•öæ÷E÷FV×÷&Åö6ö×&&–Æ—G£sƒ‚ÂÓã“s“““““““css#“rÃÃãÆ7W'&VçEöWö6…öf–ÆUö–çFVw&—G•öæ÷E÷FV×÷&Åö6ö×&&–Æ—G£sƒ’ÃãCC“#“““““““#“CS#2ÃÃãÆ7W'&VçEöWö6…öf–ÆUö–çFVw&—G•öæ÷E÷FV×÷&Åö6ö×&&–Æ—G£sƒÃã3ƒ33“““““““ƒƒ’ÃÃãÆ7W'&VçEöWö6…öf–ÆUö–çFVw&—G•öæ÷E÷FV×÷&Åö6ö×&&–Æ—G£sƒÂÓãCcCsƒ““““““ƒsCbÃÃãÆ7W'&VçEöWö6…öf–ÆUö–çFVw&—G•öæ÷E÷FV×÷&Åö6ö×&&–Æ—G£sƒ"Ãã#ƒcs“#sƒBÃÃãÆ7W'&VçEöWö6…öf–ÆUö–çFVw&—G•öæ÷E÷FV×÷&Åö6ö×&&–Æ—G£sƒ2ÂÓã3cs#33Cs3ƒ2ÃÃãÆ7W'&VçEöWö6…öf–ÆUö–çFVw&—G•öæ÷E÷FV×÷&Åö6ö×&&–Æ—G£sƒBÃãCƒ3“#“CRÃÃãÆ7W'&VçEöWö6…öf–ÆUö–çFVw&—G•öæ÷E÷FV×÷&Åö6ö×&&–Æ—G£sƒRÃãss3CcbÃÃãÆ7W'&VçEöWö6…öf–ÆUö–çFVw&—G•öæ÷E÷FV×÷&Åö6ö×&&–Æ—G£sƒbÃã#c#ƒc““““““ƒcScSrÃÃãÆ7W'&VçEöWö6…öf–ÆUö–çFVw&—G•öæ÷E÷FV×÷&Åö6ö×&&–Æ—G£sƒrÂÓãs3cs“ƒcSRÃÃãÆ7W'&VçEöWö6…öf–ÆUö–çFVw&—G•öæ÷E÷FV×÷&Åö6ö×&&–Æ—G£sƒ‚ÂÓãcss##3S"ÃÃãÆ7W'&VçEöWö6…öf–ÆUö–çFVw&—G•öæ÷E÷FV×÷&Åö6ö×&&–Æ—G£sƒ’ÃãC“s#CÃÃãÆ7W'&VçEöWö6…öf–ÆUö–çFVw&—G•öæ÷E÷FV×÷&Åö6ö×&&–Æ—G£sƒ#ÂÓã3#ƒ“““““““S#RÃÃãÆ7W'&VçEöWö6…öf–ÆUö–çFVw&—G•öæ÷E÷FV×÷&Åö6ö×&&–Æ—G£sƒ#ÂÓã#sSC3cCRÃÃãÆ7W'&VçEöWö6…öf–ÆUö–çFVw&—G•öæ÷E÷FV×÷&Åö6ö×&&–Æ—G£sƒ#"Ãã3ƒ“““““““s###2ÃÃãÆ7W'&VçEöWö6…öf–ÆUö–çFVw&—G•öæ÷E÷FV×÷&Åö6ö×&&–Æ—G£sƒ#2ÂÓãCscS##3S"ÃÃãÆ7W'&VçEöWö6…öf–ÆUö–çFVw&—G•öæ÷E÷FV×÷&Åö6ö×&&–Æ—G£sƒ#BÂÓã##sS“““““““ƒ3Cc’ÃÃãÆ7W'&VçEöWö6…öf–ÆUö–çFVw&—G•öæ÷E÷FV×÷&Åö6ö×&&–Æ—G£sƒ#RÃãC“c3S“s2ÃÃãÆ7W'&VçEöWö6…öf–ÆUö–çFVw&—G•öæ÷E÷FV×÷&Åö6ö×&&–Æ—G£sƒ#bÂÓãc#3s3rÃÃãÆ7W'&VçEöWö6…öf–ÆUö–çFVw&—G•öæ÷E÷FV×÷&Åö6ö×&&–Æ—G£sƒ#rÂÓã#ƒ#3““““““ƒƒc#RÃÃãÆ7W'&VçEöWö6…öf–ÆUö–çFVw&—G•öæ÷E÷FV×÷&Åö6ö×&&–Æ—G£sƒ#‚Ãã3s“ƒƒ““““““cS#RÃÃãÆ7W'&VçEöWö6…öf–ÆUö–çFVw&—G•öæ÷E÷FV×÷&Åö6ö×&&–Æ—G£sƒ#’ÂÓã3SSƒs“3RÃÃãÆ7W'&VçEöWö6…öf–ÆUö–çFVw&—G•öæ÷E÷FV×÷&Åö6ö×&&–Æ—G£sƒ3ÂÓã3#3cS““““““CScÃÃãÆ7W'&VçEöWö6…öf–ÆUö–çFVw&—G•öæ÷E÷FV×÷&Åö6ö×&&–Æ—G£sƒ3Ãã““““““ƒCccc‚ÃÃãÆ7W'&VçEöWö6…öf–ÆUö–çFVw&—G•öæ÷E÷FV×÷&Åö6ö×&&–Æ—G£sƒ3"ÂÓã#ScS3C3"ÃÃãÆ7W'&VçEöWö6…öf–ÆUö–çFVw&—G•öæ÷E÷FV×÷&Åö6ö×&&–Æ—G£sƒ32ÂÓã3##“““““““SRÃÃãÆ7W'&VçEöWö6…öf–ÆUö–çFVw&—G•öæ÷E÷FV×÷&Åö6ö×&&–Æ—G£sƒ3BÂÓãC3sS3SRÃÃãÆ7W'&VçEöWö6…öf–ÆUö–çFVw&—G•öæ÷E÷FV×÷&Åö6ö×&&–Æ—G£sƒ3RÃãCcƒƒSCsC“sRÃÃãÆ7W'&VçEöWö6…öf–ÆUö–çFVw&—G•öæ÷E÷FV×÷&Åö6ö×&&–Æ—G£sƒ3bÂÓã#CS“32ÃÃãÆ7W'&VçEöWö6…öf–ÆUö–çFVw&—G•öæ÷E÷FV×÷&Åö6ö×&&–Æ—G£sƒ3rÃãSSS33c3cƒÃÃãÆ7W'&VçEöWö6…öf–ÆUö–çFVw&—G•öæ÷E÷FV×÷&Åö6ö×&&–Æ—G£sƒ3‚Ãã#C##“““““““ƒcsRÃÃãÆ7W'&VçEöWö6…öf–ÆUö–çFVw&—G•öæ÷E÷FV×÷&Åö6ö×&&–Æ—G£sƒ3’ÃãCsc#33sBÃÃãÆ7W'&VçEöWö6…öf–ÆUö–çFVw&—G•öæ÷E÷FV×÷&Åö6ö×&&–Æ—G£sƒCÃãCC#3#ƒ2ÃÃãÆ7W'&VçEöWö6…öf–ÆUö–çFVw&—G•öæ÷E÷FV×÷&Åö6ö×&&–Æ—G£sƒCÃãC“#ƒ“ƒ“bÃÃãÆ7W'&VçEöWö6…öf–ÆUö–çFVw&—G•öæ÷E÷FV×÷&Åö6ö×&&–Æ—G£sƒC"ÂÓãCSS“““““““cc“3‚ÃÃãÆ7W'&VçEöWö6…öf–ÆUö–çFVw&—G•öæ÷E÷FV×÷&Åö6ö×&&–Æ—G£sƒC2Ããc“““““““sS3"ÃÃãÆ7W'&VçEöWö6…öf–ÆUö–çFVw&—G•öæ÷E÷FV×÷&Åö6ö×&&–Æ—G£sƒCBÃã3s“ƒ“ƒs#bÃÃãÆ7W'&VçEöWö6…öf–ÆUö–çFVw&—G•öæ÷E÷FV×÷&Åö6ö×&&–Æ—G£sƒCRÃã#S“sƒ““““““cC#ƒBÃÃãÆ7W'&VçEöWö6…öf–ÆUö–çFVw&—G•öæ÷E÷FV×÷&Åö6ö×&&–Æ—G£sƒCbÂÓã###3““““““c“c3ƒ’ÃÃãÆ7W'&VçEöWö6…öf–ÆUö–çFVw&—G•öæ÷E÷FV×÷&Åö6ö×&&–Æ—G£sƒCrÂÓã#ccC###SƒbÃÃãÆ7W'&VçEöWö6…öf–ÆUö–çFVw&—G•öæ÷E÷FV×÷&Åö6ö×&&–Æ—G£sƒC‚Ããs“Cc““““““c“CS#bÃÃãÆ7W'&VçEöWö6…öf–ÆUö–çFVw&—G•öæ÷E÷FV×÷&Åö6ö×&&–Æ—G£sƒC’ÂÓãƒcƒ33BÃÃãÆ7W'&VçEöWö6…öf–ÆUö–çFVw&—G•öæ÷E÷FV×÷&Åö6ö×&&–Æ—G£sƒSÃãCƒ#ƒSƒs’ÃÃãÆ7W'&VçEöWö6…öf–ÆUö–çFVw&—G•öæ÷E÷FV×÷&Åö6ö×&&–Æ—G£sƒSÃã3#s““““““C#’ÃÃãÆ7W'&VçEöWö6…öf–ÆUö–çFVw&—G•öæ÷E÷FV×÷&Åö6ö×&&–Æ—G£sƒS"Ãã#SCS3cc‚ÃÃãÆ7W'&VçEöWö6…öf–ÆUö–çFVw&—G•öæ÷E÷FV×÷&Åö6ö×&&–Æ—G£sƒS2ÂÓã3Ccs““““““““3CƒÃÃãÆ7W'&VçEöWö6…öf–ÆUö–çFVw&—G•öæ÷E÷FV×÷&Åö6ö×&&–Æ—G£sƒSBÃã3Ss3S““““““CSCRÃÃãÆ7W'&VçEöWö6…öf–ÆUö–çFVw&—G•öæ÷E÷FV×÷&Åö6ö×&&–Æ—G£sƒSRÂÓã#SƒSCcrÃÃãÆ7W'&VçEöWö6…öf–ÆUö–çFVw&—G•öæ÷E÷FV×÷&Åö6ö×&&–Æ—G£sƒSbÃã3SS“ƒ3RÃÃãÆ7W'&VçEöWö6…öf–ÆUö–çFVw&—G•öæ÷E÷FV×÷&Åö6ö×&&–Æ—G£sƒSrÂÓã#SsSc“ƒC’ÃÃãÆ7W'&VçEöWö6…öf–ÆUö–çFVw&—G•öæ÷E÷FV×÷&Åö6ö×&&–Æ—G£sƒS‚ÂÓã33ƒs3c#“ƒ2ÃÃãÆ7W'&VçEöWö6…öf–ÆUö–çFVw&—G•öæ÷E÷FV×÷&Åö6ö×&&–Æ—G£sƒS’ÂÓã#csƒbÃÃãÆ7W'&VçEöWö6…öf–ÆUö–çFVw&—G•öæ÷E÷FV×÷&Åö6ö×&&–Æ—G£sƒcÃãƒ“s““““““ƒsƒRÃÃãÆ7W'&VçEöWö6…öf–ÆUö–çFVw&—G•öæ÷E÷FV×÷&Åö6ö×&&–Æ—G£sƒcÂÓãCcƒC““““““ƒƒ#ScBÃÃãÆ7W'&VçEöWö6…öf–ÆUö–çFVw&—G•öæ÷E÷FV×÷&Åö6ö×&&–Æ—G£sƒc"ÂÓã3c3#“3ƒ3"ÃÃãÆ7W'&VçEöWö6…öf–ÆUö–çFVw&—G•öæ÷E÷FV×÷&Åö6ö×&&–Æ—G£sƒc2Ããss3““““““ƒS“3s2ÃÃãÆ7W'&VçEöWö6…öf–ÆUö–çFVw&—G•öæ÷E÷FV×÷&Åö6ö×&&–Æ—G£sƒcBÂÓã3ƒS#“““““““CCSƒc2ÃÃãÆ7W'&VçEöWö6…öf–ÆUö–çFVw&—G•öæ÷E÷FV×÷&Åö6ö×&&–Æ—G£sƒcRÃã#3“C“““““““cCƒ‚ÃÃãÆ7W'&VçEöWö6…öf–ÆUö–çFVw&—G•öæ÷E÷FV×÷&Åö6ö×&&–Æ—G£sƒcbÃã#C“SS3SSÃÃãÆ7W'&VçEöWö6…öf–ÆUö–çFVw&—G•öæ÷E÷FV×÷&Åö6ö×&&–Æ—G£sƒcrÂÓã3ƒ“““““““ccCs#BÃÃãÆ7W'&VçEöWö6…öf–ÆUö–çFVw&—G•öæ÷E÷FV×÷&Åö6ö×&&–Æ—G£sƒc‚ÂÓãCƒCsƒƒCsbÃÃãÆ7W'&VçEöWö6…öf–ÆUö–çFVw&—G•öæ÷E÷FV×÷&Åö6ö×&&–Æ—G£sƒc’ÂÓã#“c#c’ÃÃãÆ7W'&VçEöWö6…öf–ÆUö–çFVw&—G•öæ÷E÷FV×÷&Åö6ö×&&–Æ—G£sƒsÂÓã3“ƒ“#CRÃÃãÆ7W'&VçEöWö6…öf–ÆUö–çFVw&—G•öæ÷E÷FV×÷&Åö6ö×&&–Æ—G£sƒsÂÓãƒc#“‚ÃÃãÆ7W'&VçEöWö6…öf–ÆUö–çFVw&—G•öæ÷E÷FV×÷&Åö6ö×&&–Æ—G£sƒs"ÃãC“s““““““ƒCcs“rÃÃãÆ7W'&VçEöWö6…öf–ÆUö–çFVw&—G•öæ÷E÷FV×÷&Åö6ö×&&–Æ—G£sƒs2ÂÓã#s#“““““““#ƒ#ƒƒ"ÃÃãÆ7W'&VçEöWö6…öf–ÆUö–çFVw&—G•öæ÷E÷FV×÷&Åö6ö×&&–Æ—G£sƒsBÂÓãC3sSƒ’ÃÃãÆ7W'&VçEöWö6…öf–ÆUö–çFVw&—G•öæ÷E÷FV×÷&Åö6ö×&&–Æ—G£sƒsRÃãCsS“s“’ÃÃãÆ7W'&VçEöWö6…öf–ÆUö–çFVw&—G•öæ÷E÷FV×÷&Åö6ö×&&–Æ—G£sƒsbÂÓã“sƒ““““““““#ƒ3‚ÃÃãÆ7W'&VçEöWö6…öf–ÆUö–çFVw&—G•öæ÷E÷FV×÷&Åö6ö×&&–Æ—G£sƒsrÃã#s3S““““““sS‚ÃÃãÆ7W'&VçEöWö6…öf–ÆUö–çFVw&—G•öæ÷E÷FV×÷&Åö6ö×&&–Æ—G£sƒs‚ÂÓã#scSs#ssRÃÃãÆ7W'&VçEöWö6…öf–ÆUö–çFVw&—G•öæ÷E÷FV×÷&Åö6ö×&&–Æ—G£sƒs’ÂÓã3Sƒss““““““S##ÃÃãÆ7W'&VçEöWö6…öf–ÆUö–çFVw&—G•öæ÷E÷FV×÷&Åö6ö×&&–Æ—G£sƒƒÃã“#3““““““ƒSC#C‚ÃÃãÆ7W'&VçEöWö6…öf–ÆUö–çFVw&—G•öæ÷E÷FV×÷&Åö6ö×&&–Æ—G£sƒƒÃã3ƒ#ƒCRÃÃãÆ7W'&VçEöWö6…öf–ÆUö–çFVw&—G•öæ÷E÷FV×÷&Åö6ö×&&–Æ—G£sƒƒ"Ãã#sS3ƒSBÃÃãÆ7W'&VçEöWö6…öf–ÆUö–çFVw&—G•öæ÷E÷FV×÷&Åö6ö×&&–Æ—G£sƒƒ2ÂÓã#C“SCS““RÃÃãÆ7W'&VçEöWö6…öf–ÆUö–çFVw&—G•öæ÷E÷FV×÷&Åö6ö×&&–Æ—G£sƒƒBÂÓã#ƒC““““““ƒ“ƒCƒbÃÃãÆ7W'&VçEöWö6…öf–ÆUö–çFVw&—G•öæ÷E÷FV×÷&Åö6ö×&&–Æ—G£sƒƒRÃã“Ss3““““““SScc’ÃÃãÆ7W'&VçEöWö6…öf–ÆUö–çFVw&—G•öæ÷E÷FV×÷&Åö6ö×&&–Æ—G£sƒƒbÃãSƒ#Cs“BÃÃãÆ7W'&VçEöWö6…öf–ÆUö–çFVw&—G•öæ÷E÷FV×÷&Åö6ö×&&–Æ—G£sƒƒrÂÓã“ƒ33BÃÃãÆ7W'&VçEöWö6…öf–ÆUö–çFVw&—G•öæ÷E÷FV×÷&Åö6ö×&&–Æ—G£sƒƒ‚ÂÓãƒƒ“#Cc‚ÃÃãÆ7W'&VçEöWö6…öf–ÆUö–çFVw&—G•öæ÷E÷FV×÷&Åö6ö×&&–Æ—G£sƒƒ’ÂÓãCcsƒ““““““3S#33BÃÃãÆ7W'&VçEöWö6…öf–ÆUö–çFVw&—G•öæ÷E÷FV×÷&Åö6ö×&&–Æ—G£sƒ“ÃãC#SCcScc2ÃÃãÆ7W'&VçEöWö6…öf–ÆUö–çFVw&—G•öæ÷E÷FV×÷&Åö6ö×&&–Æ—G£sƒ“ÃãScSS““““““s#c“ÃÃãÆ7W'&VçEöWö6…öf–ÆUö–çFVw&—G•öæ÷E÷FV×÷&Åö6ö×&&–Æ—G£sƒ“"ÂÓã3ƒc3#ƒS##RÃÃãÆ7W'&VçEöWö6…öf–ÆUö–çFVw&—G•öæ÷E÷FV×÷&Åö6ö×&&–Æ—G£sƒ“2ÂÓãC“#3Cs#3#RÃÃãÆ7W'&VçEöWö6…öf–ÆUö–çFVw&—G•öæ÷E÷FV×÷&Åö6ö×&&–Æ—G£sƒ“BÂÓãsC#sƒBÃÃãÆ7W'&VçEöWö6…öf–ÆUö–çFVw&—G•öæ÷E÷FV×÷&Åö6ö×&&–Æ—G£sƒ“RÃãcƒS“#SƒcsRÃÃãÆ7W'&VçEöWö6…öf–ÆUö–çFVw&—G•öæ÷E÷FV×÷&Åö6ö×&&–Æ—G£sƒ“bÂÓã##ƒ““““““ƒSsC"ÃÃãÆ7W'&VçEöWö6…öf–ÆUö–çFVw&—G•öæ÷E÷FV×÷&Åö6ö×&&–Æ—G£sƒ“rÃã#sS#“C““RÃÃãÆ7W'&VçEöWö6…öf–ÆUö–çFVw&—G•öæ÷E÷FV×÷&Åö6ö×&&–Æ—G£sƒ“‚ÂÓã3CCscƒsRÃÃãÆ7W'&VçEöWö6…öf–ÆUö–çFVw&—G•öæ÷E÷FV×÷&Åö6ö×&&–Æ—G£sƒ“’ÂÓãCcsC3ƒƒ“2ÃÃãÆ7W'&VçEöWö6…öf–ÆUö–çFVw&—G•öæ÷E÷FV×÷&Åö6ö×&&–Æ—G£s“ÂÓã#s“##cc#RÃÃãÆ7W'&VçEöWö6…öf–ÆUö–çFVw&—G•öæ÷E÷FV×÷&Åö6ö×&&–Æ—G£s“ÃãCCS#“““““““#32ÃÃãÆ7W'&VçEöWö6…öf–ÆUö–çFVw&—G•öæ÷E÷FV×÷&Åö6ö×&&–Æ—G£s“"ÂÓã#S3““““““ƒcC#rÃÃãÆ7W'&VçEöWö6…öf–ÆUö–çFVw&—G•öæ÷E÷FV×÷&Åö6ö×&&–Æ—G£s“2Ããƒ“““““““3ƒS3#sÃÃãÆ7W'&VçEöWö6…öf–ÆUö–çFVw&—G•öæ÷E÷FV×÷&Åö6ö×&&–Æ—G£s“BÂÓã3#cCS3sƒBÃÃãÆ7W'&VçEöWö6…öf–ÆUö–çFVw&—G•öæ÷E÷FV×÷&Åö6ö×&&–Æ—G£s“RÂÓã3##s3cs’ÃÃãÆ7W'&VçEöWö6…öf–ÆUö–çFVw&—G•öæ÷E÷FV×÷&Åö6ö×&&–Æ—G£s“bÃã““SC"ÃÃãÆ7W'&VçEöWö6…öf–ÆUö–çFVw&—G•öæ÷E÷FV×÷&Åö6ö×&&–Æ—G£s“rÂÓãsƒC#““““““““3C‚ÃÃãÆ7W'&VçEöWö6…öf–ÆUö–çFVw&—G•öæ÷E÷FV×÷&Åö6ö×&&–Æ—G£s“‚ÂÓã3cSSCC3SRÃÃãÆ7W'&VçEöWö6…öf–ÆUö–çFVw&—G•öæ÷E÷FV×÷&Åö6ö×&&–Æ—G£s“’Ãã3S3S““““““C#2ÃÃãÆ7W'&VçEöWö6…öf–ÆUö–çFVw&—G•öæ÷E÷FV×÷&Åö6ö×&&–Æ—G£s“Ããƒ“““““““ƒS“ƒƒ3’ÃÃãÆ7W'&VçEöWö6…öf–ÆUö–çFVw&—G•öæ÷E÷FV×÷&Åö6ö×&&–Æ—G£s“Ãã#cC““““““sƒc“bÃÃãÆ7W'&VçEöWö6…öf–ÆUö–çFVw&—G•öæ÷E÷FV×÷&Åö6ö×&&–Æ—G£s“"ÂÓã#“ƒ3““““““““csCBÃÃãÆ7W'&VçEöWö6…öf–ÆUö–çFVw&—G•öæ÷E÷FV×÷&Åö6ö×&&–Æ—G£s“2ÂÓã#ƒs“C““““““ƒ“‚ÃÃãÆ7W'&VçEöWö6…öf–ÆUö–çFVw&—G•öæ÷E÷FV×÷&Åö6ö×&&–Æ—G£s“BÂÓãC““cƒ““““““c“s2ÃÃãÆ7W'&VçEöWö6…öf–ÆUö–çFVw&—G•öæ÷E÷FV×÷&Åö6ö×&&–Æ—G£s“RÂÓã3#ƒ“““““““S“2ÃÃãÆ7W'&VçEöWö6…öf–ÆUö–çFVw&—G•öæ÷E÷FV×÷&Åö6ö×&&–Æ—G£s“bÃã“c#Cs“cRÃÃãÆ7W'&VçEöWö6…öf–ÆUö–çFVw&—G•öæ÷E÷FV×÷&Åö6ö×&&–Æ—G£s“rÃã33CSc#“cc#bÃÃãÆ7W'&VçEöWö6…öf–ÆUö–çFVw&—G•öæ÷E÷FV×÷&Åö6ö×&&–Æ—G£s“‚ÂÓãcsccsS"ÃÃãÆ7W'&VçEöWö6…öf–ÆUö–çFVw&—G•öæ÷E÷FV×÷&Åö6ö×&&–Æ—G£s“’ÃãCs““““““c“‚ÃÃãÆ7W'&VçEöWö6…öf–ÆUö–çFVw&—G•öæ÷E÷FV×÷&Åö6ö×&&–Æ—G£s“#ÂÓã3“3““““““sCscbÃÃãÆ7W'&VçEöWö6…öf–ÆUö–çFVw&—G•öæ÷E÷FV×÷&Åö6ö×&&–Æ—G£s“#Ãã#ƒƒCcScbÃÃãÆ7W'&VçEöWö6…öf–ÆUö–çFVw&—G•öæ÷E÷FV×÷&Åö6ö×&&–Æ—G£s“#"ÂÓãCƒ“““““““““scsrÃÃãÆ7W'&VçEöWö6…öf–ÆUö–çFVw&—G•öæ÷E÷FV×÷&Åö6ö×&&–Æ—G£s“#2Ãã#Sc#““““““C32ÃÃãÆ7W'&VçEöWö6…öf–ÆUö–çFVw&—G•öæ÷E÷FV×÷&Åö6ö×&&–Æ—G£s“#BÃãCs#ƒSSScCcRÃÃãÆ7W'&VçEöWö6…öf–ÆUö–çFVw&—G•öæ÷E÷FV×÷&Åö6ö×&&–Æ—G£s“#RÂÓãCƒc3ccSRÃÃãÆ7W'&VçEöWö6…öf–ÆUö–çFVw&—G•öæ÷E÷FV×÷&Åö6ö×&&–Æ—G£s“#bÃãCƒ#““““““C#SƒBÃÃãÆ7W'&VçEöWö6…öf–ÆUö–çFVw&—G•öæ÷E÷FV×÷&Åö6ö×&&–Æ—G£s“#rÃã33sC3“ƒBÃÃãÆ7W'&VçEöWö6…öf–ÆUö–çFVw&—G•öæ÷E÷FV×÷&Åö6ö×&&–Æ—G£s“#‚ÃãCCsƒ#3BÃÃãÆ7W'&VçEöWö6…öf–ÆUö–çFVw&—G•öæ÷E÷FV×÷&Åö6ö×&&–Æ—G£s“#’ÂÓãC3CCcƒrÃÃãÆ7W'&VçEöWö6…öf–ÆUö–çFVw&—G•öæ÷E÷FV×÷&Åö6ö×&&–Æ—G£s“3ÂÓã#ƒCCcC2ÃÃãÆ7W'&VçEöWö6…öf–ÆUö–çFVw&—G•öæ÷E÷FV×÷&Åö6ö×&&–Æ—G£s“3Ãã“Sƒ““““““sC3cS2ÃÃãÆ7W'&VçEöWö6…öf–ÆUö–çFVw&—G•öæ÷E÷FV×÷&Åö6ö×&&–Æ—G£s“3"ÂÓã33CC3SRÃÃãÆ7W'&VçEöWö6…öf–ÆUö–çFVw&—G•öæ÷E÷FV×÷&Åö6ö×&&–Æ—G£s“32Ãã#C“““““““sƒ“crÃÃãÆ7W'&VçEöWö6…öf–ÆUö–çFVw&—G•öæ÷E÷FV×÷&Åö6ö×&&–Æ—G£s“3BÃã#3#SS#3ƒrÃÃãÆ7W'&VçEöWö6…öf–ÆUö–çFVw&—G•öæ÷E÷FV×÷&Åö6ö×&&–Æ—G£s“3RÃã#C#“““““““ƒscS““‚ÃÃãÆ7W'&VçEöWö6…öf–ÆUö–çFVw&—G•öæ÷E÷FV×÷&Åö6ö×&&–Æ—G£s“3bÃãƒ#C“““““““S3C3BÃÃãÆ7W'&VçEöWö6…öf–ÆUö–çFVw&—G•öæ÷E÷FV×÷&Åö6ö×&&–Æ—G£s“3rÃã3Sƒ###CBÃÃãÆ7W'&VçEöWö6…öf–ÆUö–çFVw&—G•öæ÷E÷FV×÷&Åö6ö×&&–Æ—G£s“3‚Ãã#ƒCS“s#"ÃÃãÆ7W'&VçEöWö6…öf–ÆUö–çFVw&—G•öæ÷E÷FV×÷&Åö6ö×&&–Æ—G£s“3’ÂÓãC#c#Ccƒ“"ÃÃãÆ7W'&VçEöWö6…öf–ÆUö–çFVw&—G•öæ÷E÷FV×÷&Åö6ö×&&–Æ—G£s“CÃãCcS“““““““#sS’ÃÃãÆ7W'&VçEöWö6…öf–ÆUö–çFVw&—G•öæ÷E÷FV×÷&Åö6ö×&&–Æ—G£s“CÃã3CcS#cC#CrÃÃãÆ7W'&VçEöWö6…öf–ÆUö–çFVw&—G•öæ÷E÷FV×÷&Åö6ö×&&–Æ—G£s“C"Ãã3Ssc“““““““#“ÃÃãÆ7W'&VçEöWö6…öf–ÆUö–çFVw&—G•öæ÷E÷FV×÷&Åö6ö×&&–Æ—G£s“C2Ãã“c“““““““#s3ScƒBÃÃãÆ7W'&VçEöWö6…öf–ÆUö–çFVw&—G•öæ÷E÷FV×÷&Åö6ö×&&–Æ—G£s“CBÂÓãƒ3ƒ““““““CSC#CRÃÃãÆ7W'&VçEöWö6…öf–ÆUö–çFVw&—G•öæ÷E÷FV×÷&Åö6ö×&&–Æ—G£s“CRÃãC#C3“3BÃÃãÆ7W'&VçEöWö6…öf–ÆUö–çFVw&—G•öæ÷E÷FV×÷&Åö6ö×&&–Æ—G£s“CbÃãCS333cCRÃÃãÆ7W'&VçEöWö6…öf–ÆUö–çFVw&—G•öæ÷E÷FV×÷&Åö6ö×&&–Æ—G£s“CrÂÓã##33#3ƒcbÃÃãÆ7W'&VçEöWö6…öf–ÆUö–çFVw&—G•öæ÷E÷FV×÷&Åö6ö×&&–Æ—G£s“C‚ÃãC##S“C“rÃÃãÆ7W'&VçEöWö6…öf–ÆUö–çFVw&—G•öæ÷E÷FV×÷&Åö6ö×&&–Æ—G£s“C’Ãã#csƒ““““““ssƒ“CbÃÃãÆ7W'&VçEöWö6…öf–ÆUö–çFVw&—G•öæ÷E÷FV×÷&Åö6ö×&&–Æ—G£s“SÂÓã#ssc33cÃÃãÆ7W'&VçEöWö6…öf–ÆUö–çFVw&—G•öæ÷E÷FV×÷&Åö6ö×&&–Æ—G£s“SÂÓãCƒ#““““““““CcCRÃÃãÆ7W'&VçEöWö6…öf–ÆUö–çFVw&—G•öæ÷E÷FV×÷&Åö6ö×&&–Æ—G£s“S"Ããƒ“ƒCc3‚ÃÃãÆ7W'&VçEöWö6…öf–ÆUö–çFVw&—G•öæ÷E÷FV×÷&Åö6ö×&&–Æ—G£s“S2Ãã#CSC3#csSrÃÃãÆ7W'&VçEöWö6…öf–ÆUö–çFVw&—G•öæ÷E÷FV×÷&Åö6ö×&&–Æ—G£s“SBÃã##3SS“ƒ“’ÃÃãÆ7W'&VçEöWö6…öf–ÆUö–çFVw&—G•öæ÷E÷FV×÷&Åö6ö×&&–Æ—G£s“SRÃã#“ƒSCC#3‚ÃÃãÆ7W'&VçEöWö6…öf–ÆUö–çFVw&—G•öæ÷E÷FV×÷&Åö6ö×&&–Æ—G£s“SbÂÓã3ƒƒ3“s#"ÃÃãÆ7W'&VçEöWö6…öf–ÆUö–çFVw&—G•öæ÷E÷FV×÷&Åö6ö×&&–Æ—G£s“SrÂÓãCCS#c“s#RÃÃãÆ7W'&VçEöWö6…öf–ÆUö–çFVw&—G•öæ÷E÷FV×÷&Åö6ö×&&–Æ—G£s“S‚Ãã##“““““““s“S’ÃÃãÆ7W'&VçEöWö6…öf–ÆUö–çFVw&—G•öæ÷E÷FV×÷&Åö6ö×&&–Æ—G£s“S’ÂÓãƒsCSS‚ÃÃãÆ7W'&VçEöWö6…öf–ÆUö–çFVw&—G•öæ÷E÷FV×÷&Åö6ö×&&–Æ—G£s“cÃãCƒ““CS#’ÃÃãÆ7W'&VçEöWö6…öf–ÆUö–çFVw&—G•öæ÷E÷FV×÷&Åö6ö×&&–Æ—G£s“cÃã3SCS#“BÃÃãÆ7W'&VçEöWö6…öf–ÆUö–çFVw&—G•öæ÷E÷FV×÷&Åö6ö×&&–Æ—G£s“c"ÃãC““33crÃÃãÆ7W'&VçEöWö6…öf–ÆUö–çFVw&—G•öæ÷E÷FV×÷&Åö6ö×&&–Æ—G£s“c2ÂÓãs““““““ƒ#ƒccbÃÃãÆ7W'&VçEöWö6…öf–ÆUö–çFVw&—G•öæ÷E÷FV×÷&Åö6ö×&&–Æ—G£s“cBÂÓã#c33S#sbÃÃãÆ7W'&VçEöWö6…öf–ÆUö–çFVw&—G•öæ÷E÷FV×÷&Åö6ö×&&–Æ—G£s“cRÃãCs“C#Sc3CrÃÃãÆ7W'&VçEöWö6…öf–ÆUö–çFVw&—G•öæ÷E÷FV×÷&Åö6ö×&&–Æ—G£s“cbÃãCc3#ƒ3SsƒbÃÃãÆ7W'&VçEöWö6…öf–ÆUö–çFVw&—G•öæ÷E÷FV×÷&Åö6ö×&&–Æ—G£s“crÂÓãƒsrÃÃãÆ7W'&VçEöWö6…öf–ÆUö–çFVw&—G•öæ÷E÷FV×÷&Åö6ö×&&–Æ—G£s“c‚Ãã#“ƒc#cS‚ÃÃãÆ7W'&VçEöWö6…öf–ÆUö–çFVw&—G•öæ÷E÷FV×÷&Åö6ö×&&–Æ—G£s“c’ÃãCcscƒ#“BÃÃãÆ7W'&VçEöWö6…öf–ÆUö–çFVw&—G•öæ÷E÷FV×÷&Åö6ö×&&–Æ—G£s“sÂÓãCS““““““ƒƒCSbÃÃãÆ7W'&VçEöWö6…öf–ÆUö–çFVw&—G•öæ÷E÷FV×÷&Åö6ö×&&–Æ—G£s“sÃã##““““““s##CcbÃÃãÆ7W'&VçEöWö6…öf–ÆUö–çFVw&—G•öæ÷E÷FV×÷&Åö6ö×&&–Æ—G£s“s"ÂÓãc##3#c‚ÃÃãÆ7W'&VçEöWö6…öf–ÆUö–çFVw&—G•öæ÷E÷FV×÷&Åö6ö×&&–Æ—G£s“s2ÂÓãCƒ#““““““3SS““BÃÃãÆ7W'&VçEöWö6…öf–ÆUö–çFVw&—G•öæ÷E÷FV×÷&Åö6ö×&&–Æ—G£s“sBÂÓã3“““““““S3c"ÃÃãÆ7W'&VçEöWö6…öf–ÆUö–çFVw&—G•öæ÷E÷FV×÷&Åö6ö×&&–Æ—G£s“sRÂÓã“3s#“““““““SRÃÃãÆ7W'&VçEöWö6…öf–ÆUö–çFVw&—G•öæ÷E÷FV×÷&Åö6ö×&&–Æ—G£s“sbÂÓã3SƒS““““““sssCBÃÃãÆ7W'&VçEöWö6…öf–ÆUö–çFVw&—G•öæ÷E÷FV×÷&Åö6ö×&&–Æ—G£s“srÃã#cƒCƒrÃÃãÆ7W'&VçEöWö6…öf–ÆUö–çFVw&—G•öæ÷E÷FV×÷&Åö6ö×&&–Æ—G£s“s‚ÂÓã#c“““““““3ccsbÃÃãÆ7W'&VçEöWö6…öf–ÆUö–çFVw&—G•öæ÷E÷FV×÷&Åö6ö×&&–Æ—G£s“s’ÂÓã3C3““““““sSc“#RÃÃãÆ7W'&VçEöWö6…öf–ÆUö–çFVw&—G•öæ÷E÷FV×÷&Åö6ö×&&–Æ—G£s“ƒÂÓã3#““““““““c#sCrÃÃãÆ7W'&VçEöWö6…öf–ÆUö–çFVw&—G•öæ÷E÷FV×÷&Åö6ö×&&–Æ—G£s“ƒÃãSƒs“““““““ƒƒƒ#CÃÃãÆ7W'&VçEöWö6…öf–ÆUö–çFVw&—G•öæ÷E÷FV×÷&Åö6ö×&&–Æ—G£s“ƒ"ÂÓã#CCcS3bÃÃãÆ7W'&VçEöWö6…öf–ÆUö–çFVw&—G•öæ÷E÷FV×÷&Åö6ö×&&–Æ—G£s“ƒ2Ãã3““““““““#ƒ3sbÃÃãÆ7W'&VçEöWö6…öf–ÆUö–çFVw&—G•öæ÷E÷FV×÷&Åö6ö×&&–Æ—G£s“ƒBÂÓãCsScSc“2ÃÃãÆ7W'&VçEöWö6…öf–ÆUö–çFVw&—G•öæ÷E÷FV×÷&Åö6ö×&&–Æ—G£s“ƒRÂÓãCcƒ3S““““““ƒ“3ƒ2ÃÃãÆ7W'&VçEöWö6…öf–ÆUö–çFVw&—G•öæ÷E÷FV×÷&Åö6ö×&&–Æ—G£s“ƒbÃã33ƒss#CÃÃãÆ7W'&VçEöWö6…öf–ÆUö–çFVw&—G•öæ÷E÷FV×÷&Åö6ö×&&–Æ—G£s“ƒrÂÓã“SssSs##“‚ÃÃãÆ7W'&VçEöWö6…öf–ÆUö–çFVw&—G•öæ÷E÷FV×÷&Åö6ö×&&–Æ—G£s“ƒ‚ÃãSSƒƒSs’ÃÃãÆ7W'&VçEöWö6…öf–ÆUö–çFVw&—G•öæ÷E÷FV×÷&Åö6ö×&&–Æ—G£s“ƒ’ÂÓã#cc““““““ƒc#ƒRÃÃãÆ7W'&VçEöWö6…öf–ÆUö–çFVw&—G•öæ÷E÷FV×÷&Åö6ö×&&–Æ—G£s““Ãã3#CC#““““““3#““2ÃÃãÆ7W'&VçEöWö6…öf–ÆUö–çFVw&—G•öæ÷E÷FV×÷&Åö6ö×&&–Æ—G£s““ÂÓã#CCSC‚ÃÃãÆ7W'&VçEöWö6…öf–ÆUö–çFVw&—G•öæ÷E÷FV×÷&Åö6ö×&&–Æ—G£s““"Ãã#sCs““““““sƒcs#rÃÃãÆ7W'&VçEöWö6…öf–ÆUö–çFVw&—G•öæ÷E÷FV×÷&Åö6ö×&&–Æ—G£s““2ÃãCcS““““““ƒsS#2ÃÃãÆ7W'&VçEöWö6…öf–ÆUö–çFVw&—G•öæ÷E÷FV×÷&Åö6ö×&&–Æ—G£s““BÃã#“c““““““sSC‚ÃÃãÆ7W'&VçEöWö6…öf–ÆUö–çFVw&—G•öæ÷E÷FV×÷&Åö6ö×&&–Æ—G£s““RÂÓãS#CSc2ÃÃãÆ7W'&VçEöWö6…öf–ÆUö–çFVw&—G•öæ÷E÷FV×÷&Åö6ö×&&–Æ—G£s““bÂÓãƒSS“““““““#CSSrÃÃãÆ7W'&VçEöWö6…öf–ÆUö–çFVw&—G•öæ÷E÷FV×÷&Åö6ö×&&–Æ—G£s““rÃãS“#ƒS#‚ÃÃãÆ7W'&VçEöWö6…öf–ÆUö–çFVw&—G•öæ÷E÷FV×÷&Åö6ö×&&–Æ—G£s““‚ÂÓã“3“ƒS3cRÃÃãÆ7W'&VçEöWö6…öf–ÆUö–çFVw&—G•öæ÷E÷FV×÷&Åö6ö×&&–Æ—G£s““’ÂÓãs#cCƒ“ƒsSrÃÃãÆ7W'&VçEöWö6…öf–ÆUö–çFVw&—G•öæ÷E÷FV×÷&Åö6ö×&&–Æ—G£ƒÃãCCƒƒ““““““ƒƒC“ƒrÃÃãÆ7W'&VçEöWö6…öf–ÆUö–çFVw&—G•öæ÷E÷FV×÷&Åö6ö×&&–Æ—G£ƒÃã3#“SScCrÃÃãÆ7W'&VçEöWö6…öf–ÆUö–çFVw&—G•öæ÷E÷FV×÷&Åö6ö×&&–Æ—G£ƒ"ÃãcCC#“33crÃÃãÆ7W'&VçEöWö6…öf–ÆUö–çFVw&—G•öæ÷E÷FV×÷&Åö6ö×&&–Æ—G£ƒ2ÃãcƒCccS’ÃÃãÆ7W'&VçEöWö6…öf–ÆUö–çFVw&—G•öæ÷E÷FV×÷&Åö6ö×&&–Æ—G£ƒBÂÓãs##Cƒ“ÃÃãÆ7W'&VçEöWö6…öf–ÆUö–çFVw&—G•öæ÷E÷FV×÷&Åö6ö×&&–Æ—G£ƒRÂÓã#S3ƒSƒcs32ÃÃãÆ7W'&VçEöWö6…öf–ÆUö–çFVw&—G•öæ÷E÷FV×÷&Åö6ö×&&–Æ—G£ƒbÂÓã#““““““Sƒ#scsRÃÃãÆ7W'&VçEöWö6…öf–ÆUö–çFVw&—G•öæ÷E÷FV×÷&Åö6ö×&&–Æ—G£ƒrÃã3“c#cSC#rÃÃãÆ7W'&VçEöWö6…öf–ÆUö–çFVw&—G•öæ÷E÷FV×÷&Åö6ö×&&–Æ—G£ƒ‚Ãã#CSS“““““““Cs3ƒ2ÃÃãÆ7W'&VçEöWö6…öf–ÆUö–çFVw&—G•öæ÷E÷FV×÷&Åö6ö×&&–Æ—G£ƒ’ÃãsƒScƒrÃÃãÆ7W'&VçEöWö6…öf–ÆUö–çFVw&—G•öæ÷E÷FV×÷&Åö6ö×&&–Æ—G£ƒÂÓã#sC3“S“SRÃÃãÆ7W'&VçEöWö6…öf–ÆUö–çFVw&—G•öæ÷E÷FV×÷&Åö6ö×&&–Æ—G£ƒÃã3Sƒ“““““““scCƒBÃÃãÆ7W'&VçEöWö6…öf–ÆUö–çFVw&—G•öæ÷E÷FV×÷&Åö6ö×&&–Æ—G£ƒ"ÂÓã“scsSS#2ÃÃãÆ7W'&VçEöWö6…öf–ÆUö–çFVw&—G•öæ÷E÷FV×÷&Åö6ö×&&–Æ—G£ƒ2ÂÓãCSc“““““““3ccsbÃÃãÆ7W'&VçEöWö6…öf–ÆUö–çFVw&—G•öæ÷E÷FV×÷&Åö6ö×&&–Æ—G£ƒBÂÓãC#cƒCS"ÃÃãÆ7W'&VçEöWö6…öf–ÆUö–çFVw&—G•öæ÷E÷FV×÷&Åö6ö×&&–Æ—G£ƒRÂÓã#ƒs““““““ƒcƒ#‚ÃÃãÆ7W'&VçEöWö6…öf–ÆUö–çFVw&—G•öæ÷E÷FV×÷&Åö6ö×&&–Æ—G£ƒbÂÓãcsS““““““ƒc#32ÃÃãÆ7W'&VçEöWö6…öf–ÆUö–çFVw&—G•öæ÷E÷FV×÷&Åö6ö×&&–Æ—G£ƒrÂÓã3c33ƒ““““““ƒcrÃÃãÆ7W'&VçEöWö6…öf–ÆUö–çFVw&—G•öæ÷E÷FV×÷&Åö6ö×&&–Æ—G£ƒ‚Ãã#S“s““““““““ƒ3sBÃÃãÆ7W'&VçEöWö6…öf–ÆUö–çFVw&—G•öæ÷E÷FV×÷&Åö6ö×&&–Æ—G£ƒ’Ãã3sss““““““ƒsCs3rÃÃãÆ7W'&VçEöWö6…öf–ÆUö–çFVw&—G•öæ÷E÷FV×÷&Åö6ö×&&–Æ—G£ƒ#Ãã3“c3“““““““sƒBÃÃãÆ7W'&VçEöWö6…öf–ÆUö–çFVw&—G•öæ÷E÷FV×÷&Åö6ö×&&–Æ—G£ƒ#Ãã#3“cs“c"ÃÃãÆ7W'&VçEöWö6…öf–ÆUö–çFVw&—G•öæ÷E÷FV×÷&Åö6ö×&&–Æ—G£ƒ#"ÂÓã#c“3#csƒrÃÃãÆ7W'&VçEöWö6…öf–ÆUö–çFVw&—G•öæ÷E÷FV×÷&Åö6ö×&&–Æ—G£ƒ#2ÃãC#cƒS“““““““SsƒbÃÃãÆ7W'&VçEöWö6…öf–ÆUö–çFVw&—G•öæ÷E÷FV×÷&Åö6ö×&&–Æ—G£ƒ#BÃã#S3“““““““ssÃÃãÆ7W'&VçEöWö6…öf–ÆUö–çFVw&—G•öæ÷E÷FV×÷&Åö6ö×&&–Æ—G£ƒ#RÂÓã3“ƒ““““““ƒss““rÃÃãÆ7W'&VçEöWö6…öf–ÆUö–çFVw&—G•öæ÷E÷FV×÷&Åö6ö×&&–Æ—G£ƒ#bÃãS#c““““““S3ƒS2ÃÃãÆ7W'&VçEöWö6…öf–ÆUö–çFVw&—G•öæ÷E÷FV×÷&Åö6ö×&&–Æ—G£ƒ#rÃã3ƒƒs““““““ƒcscrÃÃãÆ7W'&VçEöWö6…öf–ÆUö–çFVw&—G•öæ÷E÷FV×÷&Åö6ö×&&–Æ—G£ƒ#‚ÂÓã3ƒ“““““““C#C“ÃÃãÆ7W'&VçEöWö6…öf–ÆUö–çFVw&—G•öæ÷E÷FV×÷&Åö6ö×&&–Æ—G£ƒ#’ÃãCs““““““ƒ#ƒcrÃÃãÆ7W'&VçEöWö6…öf–ÆUö–çFVw&—G•öæ÷E÷FV×÷&Åö6ö×&&–Æ—G£ƒ3ÂÓã#Cƒ3cc3‚ÃÃãÆ7W'&VçEöWö6…öf–ÆUö–çFVw&—G•öæ÷E÷FV×÷&Åö6ö×&&–Æ—G£ƒ3ÂÓã“Sc““““““ƒS“ƒ3bÃÃãÆ7W'&VçEöWö6…öf–ÆUö–çFVw&—G•öæ÷E÷FV×÷&Åö6ö×&&–Æ—G£ƒ3"ÂÓã3C3SS““““““3ƒƒSƒrÃÃãÆ7W'&VçEöWö6…öf–ÆUö–çFVw&—G•öæ÷E÷FV×÷&Åö6ö×&&–Æ—G£ƒ32ÂÓã#Cc#“““““““ƒƒƒ#BÃÃãÆ7W'&VçEöWö6…öf–ÆUö–çFVw&—G•öæ÷E÷FV×÷&Åö6ö×&&–Æ—G£ƒ3BÂÓãS“3“““““““ƒ#ssRÃÃãÆ7W'&VçEöWö6…öf–ÆUö–çFVw&—G•öæ÷E÷FV×÷&Åö6ö×&&–Æ—G£ƒ3RÃã“#“““““““s“sc‚ÃÃãÆ7W'&VçEöWö6…öf–ÆUö–çFVw&—G•öæ÷E÷FV×÷&Åö6ö×&&–Æ—G£ƒ3bÃã3C#“CS3‚ÃÃãÆ7W'&VçEöWö6…öf–ÆUö–çFVw&—G•öæ÷E÷FV×÷&Åö6ö×&&–Æ—G£ƒ3rÂÓã3Ssc“S2ÃÃãÆ7W'&VçEöWö6…öf–ÆUö–çFVw&—G•öæ÷E÷FV×÷&Åö6ö×&&–Æ—G£ƒ3‚Ãã#3#“““““““3scBÃÃãÆ7W'&VçEöWö6…öf–ÆUö–çFVw&—G•öæ÷E÷FV×÷&Åö6ö×&&–Æ—G£ƒ3’Ãã3ƒ3CsC’ÃÃãÆ7W'&VçEöWö6…öf–ÆUö–çFVw&—G•öæ÷E÷FV×÷&Åö6ö×&&–Æ—G£ƒCÃãScS3“ƒCBÃÃãÆ7W'&VçEöWö6…öf–ÆUö–çFVw&—G•öæ÷E÷FV×÷&Åö6ö×&&–Æ—G£ƒCÃã3ƒsCcRÃÃãÆ7W'&VçEöWö6…öf–ÆUö–çFVw&—G•öæ÷E÷FV×÷&Åö6ö×&&–Æ—G£ƒC"ÂÓãCccƒ3CƒCsS2ÃÃãÆ7W'&VçEöWö6…öf–ÆUö–çFVw&—G•öæ÷E÷FV×÷&Åö6ö×&&–Æ—G£ƒC2ÂÓãC3###“32ÃÃãÆ7W'&VçEöWö6…öf–ÆUö–çFVw&—G•öæ÷E÷FV×÷&Åö6ö×&&–Æ—G£ƒCBÂÓã“sƒ““““““““#ƒ3‚ÃÃãÆ7W'&VçEöWö6…öf–ÆUö–çFVw&—G•öæ÷E÷FV×÷&Åö6ö×&&–Æ—G£ƒCRÃã33ƒ“““““““3Ss3’ÃÃãÆ7W'&VçEöWö6…öf–ÆUö–çFVw&—G•öæ÷E÷FV×÷&Åö6ö×&&–Æ—G£ƒCbÂÓã#“ƒCC##bÃÃãÆ7W'&VçEöWö6…öf–ÆUö–çFVw&—G•öæ÷E÷FV×÷&Åö6ö×&&–Æ—G£ƒCrÂÓã3#cS“#bÃÃãÆ7W'&VçEöWö6…öf–ÆUö–çFVw&—G•öæ÷E÷FV×÷&Åö6ö×&&–Æ—G£ƒC‚ÂÓã#S#c““““““33ƒ#“RÃÃãÆ7W'&VçEöWö6…öf–ÆUö–çFVw&—G•öæ÷E÷FV×÷&Åö6ö×&&–Æ—G£ƒC’Ãã3“CC“““““““CƒssrÃÃãÆ7W'&VçEöWö6…öf–ÆUö–çFVw&—G•öæ÷E÷FV×÷&Åö6ö×&&–Æ—G£ƒSÃãCcssƒ33S3BÃÃãÆ7W'&VçEöWö6…öf–ÆUö–çFVw&—G•öæ÷E÷FV×÷&Åö6ö×&&–Æ—G£ƒSÃãS“33cRÃÃãÆ7W'&VçEöWö6…öf–ÆUö–çFVw&—G•öæ÷E÷FV×÷&Åö6ö×&&–Æ—G£ƒS"ÂÓã3ssSƒrÃÃãÆ7W'&VçEöWö6…öf–ÆUö–çFVw&—G•öæ÷E÷FV×÷&Åö6ö×&&–Æ—G£ƒS2Ãã#ƒss““““““““ccrÃÃãÆ7W'&VçEöWö6…öf–ÆUö–çFVw&—G•öæ÷E÷FV×÷&Åö6ö×&&–Æ—G£ƒSBÃãƒC3“““““““#CSc#’ÃÃãÆ7W'&VçEöWö6…öf–ÆUö–çFVw&—G•öæ÷E÷FV×÷&Åö6ö×&&–Æ—G£ƒSRÃã33c#“““““““S3ƒ““RÃÃãÆ7W'&VçEöWö6…öf–ÆUö–çFVw&—G•öæ÷E÷FV×÷&Åö6ö×&&–Æ—G£ƒSbÃãcƒ#ƒ““““““Sc3CrÃÃãÆ7W'&VçEöWö6…öf–ÆUö–çFVw&—G•öæ÷E÷FV×÷&Åö6ö×&&–Æ—G£ƒSrÂÓã3sCS#“CCbÃÃãÆ7W'&VçEöWö6…öf–ÆUö–çFVw&—G•öæ÷E÷FV×÷&Åö6ö×&&–Æ—G£ƒS‚Ãã3“ss““““““s““crÃÃãÆ7W'&VçEöWö6…öf–ÆUö–çFVw&—G•öæ÷E÷FV×÷&Åö6ö×&&–Æ—G£ƒS’ÂÓã#SCc“32ÃÃãÆ7W'&VçEöWö6…öf–ÆUö–çFVw&—G•öæ÷E÷FV×÷&Åö6ö×&&–Æ—G£ƒcÃã#sƒsScssbÃÃãÆ7W'&VçEöWö6…öf–ÆUö–çFVw&—G•öæ÷E÷FV×÷&Åö6ö×&&–Æ—G£ƒcÂÓãCcccƒCsRÃÃãÆ7W'&VçEöWö6…öf–ÆUö–çFVw&—G•öæ÷E÷FV×÷&Åö6ö×&&–Æ—G£ƒc"ÂÓãS#scs2ÃÃãÆ7W'&VçEöWö6…öf–ÆUö–çFVw&—G•öæ÷E÷FV×÷&Åö6ö×&&–Æ—G£ƒc2Ãã#“ƒ“““““““““scrÃÃãÆ7W'&VçEöWö6…öf–ÆUö–çFVw&—G•öæ÷E÷FV×÷&Åö6ö×&&–Æ—G£ƒcBÃãC#“SC3ÃÃãÆ7W'&VçEöWö6…öf–ÆUö–çFVw&—G•öæ÷E÷FV×÷&Åö6ö×&&–Æ—G£ƒcRÃãƒcss““““““sƒcRÃÃãÆ7W'&VçEöWö6…öf–ÆUö–çFVw&—G•öæ÷E÷FV×÷&Åö6ö×&&–Æ—G£ƒcbÂÓãC“#C““““““c“s3"ÃÃãÆ7W'&VçEöWö6…öf–ÆUö–çFVw&—G•öæ÷E÷FV×÷&Åö6ö×&&–Æ—G£ƒcrÃã3s“S3““““““CCC“2ÃÃãÆ7W'&VçEöWö6…öf–ÆUö–çFVw&—G•öæ÷E÷FV×÷&Åö6ö×&&–Æ—G£ƒc‚Ãã3ƒƒC““““““s“3“CRÃÃãÆ7W'&VçEöWö6…öf–ÆUö–çFVw&—G•öæ÷E÷FV×÷&Åö6ö×&&–Æ—G£ƒc’ÃãCC33s““““““c“ssƒbÃÃãÆ7W'&VçEöWö6…öf–ÆUö–çFVw&—G•öæ÷E÷FV×÷&Åö6ö×&&–Æ—G£ƒsÃãCScc3““rÃÃãÆ7W'&VçEöWö6…öf–ÆUö–çFVw&—G•öæ÷E÷FV×÷&Åö6ö×&&–Æ—G£ƒsÃã#ss3SbÃÃãÆ7W'&VçEöWö6…öf–ÆUö–çFVw&—G•öæ÷E÷FV×÷&Åö6ö×&&–Æ—G£ƒs"ÂÓãCƒC#““““““s“C2ÃÃãÆ7W'&VçEöWö6…öf–ÆUö–çFVw&—G•öæ÷E÷FV×÷&Åö6ö×&&–Æ—G£ƒs2ÃãCCƒs#3ƒƒbÃÃãÆ7W'&VçEöWö6…öf–ÆUö–çFVw&—G•öæ÷E÷FV×÷&Åö6ö×&&–Æ—G£ƒsBÂÓã#3#S““““““cc33#rÃÃãÆ7W'&VçEöWö6…öf–ÆUö–çFVw&—G•öæ÷E÷FV×÷&Åö6ö×&&–Æ—G£ƒsRÂÓãC#s3“““““““#CSbÃÃãÆ7W'&VçEöWö6…öf–ÆUö–çFVw&—G•öæ÷E÷FV×÷&Åö6ö×&&–Æ—G£ƒsbÃãCC3ƒcRÃÃãÆ7W'&VçEöWö6…öf–ÆUö–çFVw&—G•öæ÷E÷FV×÷&Åö6ö×&&–Æ—G£ƒsrÃã3sƒƒƒ““““““““SSsbÃÃãÆ7W'&VçEöWö6…öf–ÆUö–çFVw&—G•öæ÷E÷FV×÷&Åö6ö×&&–Æ—G£ƒs‚ÂÓã““3““““““cƒS“ÃÃãÆ7W'&VçEöWö6…öf–ÆUö–çFVw&—G•öæ÷E÷FV×÷&Åö6ö×&&–Æ—G£ƒs’ÃãƒS“sƒƒC‚ÃÃãÆ7W'&VçEöWö6…öf–ÆUö–çFVw&—G•öæ÷E÷FV×÷&Åö6ö×&&–Æ—G£ƒƒÂÓãCsScCRÃÃãÆ7W'&VçEöWö6…öf–ÆUö–çFVw&—G•öæ÷E÷FV×÷&Åö6ö×&&–Æ—G£ƒƒÃã##3ƒ#CC“3‚ÃÃãÆ7W'&VçEöWö6…öf–ÆUö–çFVw&—G•öæ÷E÷FV×÷&Åö6ö×&&–Æ—G£ƒƒ"ÂÓãs3ƒ““““““ƒƒC“ƒrÃÃãÆ7W'&VçEöWö6…öf–ÆUö–çFVw&—G•öæ÷E÷FV×÷&Åö6ö×&&–Æ—G£ƒƒ2ÂÓã#ƒ3“““““““SS““RÃÃãÆ7W'&VçEöWö6…öf–ÆUö–çFVw&—G•öæ÷E÷FV×÷&Åö6ö×&&–Æ—G£ƒƒBÂÓãs#“SC‚ÃÃãÆ7W'&VçEöWö6…öf–ÆUö–çFVw&—G•öæ÷E÷FV×÷&Åö6ö×&&–Æ—G£ƒƒRÃã3S“#3ƒCBÃÃãÆ7W'&VçEöWö6…öf–ÆUö–çFVw&—G•öæ÷E÷FV×÷&Åö6ö×&&–Æ—G£ƒƒbÃãCƒ3““““““#“c3ƒbÃÃãÆ7W'&VçEöWö6…öf–ÆUö–çFVw&—G•öæ÷E÷FV×÷&Åö6ö×&&–Æ—G£ƒƒrÂÓã#Cƒcs“ƒcRÃÃãÆ7W'&VçEöWö6…öf–ÆUö–çFVw&—G•öæ÷E÷FV×÷&Åö6ö×&&–Æ—G£ƒƒ‚ÂÓã3S“#““““““sƒ#c2ÃÃãÆ7W'&VçEöWö6…öf–ÆUö–çFVw&—G•öæ÷E÷FV×÷&Åö6ö×&&–Æ—G£ƒƒ’ÂÓãS“SƒƒCsSbÃÃãÆ7W'&VçEöWö6…öf–ÆUö–çFVw&—G•öæ÷E÷FV×÷&Åö6ö×&&–Æ—G£ƒ“ÂÓã#“““#s#SRÃÃãÆ7W'&VçEöWö6…öf–ÆUö–çFVw&—G•öæ÷E÷FV×÷&Åö6ö×&&–Æ—G£ƒ“Ãã#cSƒƒc#“ÃÃãÆ7W'&VçEöWö6…öf–ÆUö–çFVw&—G•öæ÷E÷FV×÷&Åö6ö×&&–Æ—G£ƒ“"Ãã3ƒC#s##ƒƒrÃÃãÆ7W'&VçEöWö6…öf–ÆUö–çFVw&—G•öæ÷E÷FV×÷&Åö6ö×&&–Æ—G£ƒ“2Ãã3#““““““““CcCC’ÃÃãÆ7W'&VçEöWö6…öf–ÆUö–çFVw&—G•öæ÷E÷FV×÷&Åö6ö×&&–Æ—G£ƒ“BÂÓãs3#s““““““cƒƒCs2ÃÃãÆ7W'&VçEöWö6…öf–ÆUö–çFVw&—G•öæ÷E÷FV×÷&Åö6ö×&&–Æ—G£ƒ“RÂÓãCS“cCSBÃÃãÆ7W'&VçEöWö6…öf–ÆUö–çFVw&—G•öæ÷E÷FV×÷&Åö6ö×&&–Æ—G£ƒ“bÃã#cCS2ÃÃãÆ7W'&VçEöWö6…öf–ÆUö–çFVw&—G•öæ÷E÷FV×÷&Åö6ö×&&–Æ—G£ƒ“rÃã3sƒSc‚ÃÃãÆ7W'&VçEöWö6…öf–ÆUö–çFVw&—G•öæ÷E÷FV×÷&Åö6ö×&&–Æ—G£ƒ“‚Ãã#“scCcƒBÃÃãÆ7W'&VçEöWö6…öf–ÆUö–çFVw&—G•öæ÷E÷FV×÷&Åö6ö×&&–Æ—G£ƒ“’ÂÓã#RÃÃãÆ7W'&VçEöWö6…öf–ÆUö–çFVw&—G•öæ÷E÷FV×÷&Åö6ö×&&–Æ—G£ƒÃãC###Cƒ“ÃÃãÆ7W'&VçEöWö6…öf–ÆUö–çFVw&—G•öæ÷E÷FV×÷&Åö6ö×&&–Æ—G£ƒÂÓã““ƒ#SC#SÃÃãÆ7W'&VçEöWö6…öf–ÆUö–çFVw&—G•öæ÷E÷FV×÷&Åö6ö×&&–Æ—G£ƒ"Ãã##“C“sƒ"ÃÃãÆ7W'&VçEöWö6…öf–ÆUö–çFVw&—G•öæ÷E÷FV×÷&Åö6ö×&&–Æ—G£ƒ2ÂÓãCCS#“““““““#32ÃÃãÆ7W'&VçEöWö6…öf–ÆUö–çFVw&—G•öæ÷E÷FV×÷&Åö6ö×&&–Æ—G£ƒBÂÓãC“ƒ#ƒcÃÃãÆ7W'&VçEöWö6…öf–ÆUö–çFVw&—G•öæ÷E÷FV×÷&Åö6ö×&&–Æ—G£ƒRÂÓã“S““““““ƒ3s“RÃÃãÆ7W'&VçEöWö6…öf–ÆUö–çFVw&—G•öæ÷E÷FV×÷&Åö6ö×&&–Æ—G£ƒbÂÓãC3“CsCƒSbÃÃãÆ7W'&VçEöWö6…öf–ÆUö–çFVw&—G•öæ÷E÷FV×÷&Åö6ö×&&–Æ—G£ƒrÂÓãC#csƒ“cRÃÃãÆ7W'&VçEöWö6…öf–ÆUö–çFVw&—G•öæ÷E÷FV×÷&Åö6ö×&&–Æ—G£ƒ‚Ãã“C“““““““ƒ“‚ÃÃãÆ7W'&VçEöWö6…öf–ÆUö–çFVw&—G•öæ÷E÷FV×÷&Åö6ö×&&–Æ—G£ƒ’ÃãS33““CS#’ÃÃãÆ7W'&VçEöWö6…öf–ÆUö–çFVw&—G•öæ÷E÷FV×÷&Åö6ö×&&–Æ—G£ƒÂÓã3sscS““““““ƒ#ƒc3rÃÃãÆ7W'&VçEöWö6…öf–ÆUö–çFVw&—G•öæ÷E÷FV×÷&Åö6ö×&&–Æ—G£ƒÃãCS3cC#“3BÃÃãÆ7W'&VçEöWö6…öf–ÆUö–çFVw&—G•öæ÷E÷FV×÷&Åö6ö×&&–Æ—G£ƒ"ÂÓã3cS““““““33“c“"ÃÃãÆ7W'&VçEöWö6…öf–ÆUö–çFVw&—G•öæ÷E÷FV×÷&Åö6ö×&&–Æ—G£ƒ2ÂÓã#ccS““““““c“’ÃÃãÆ7W'&VçEöWö6…öf–ÆUö–çFVw&—G•öæ÷E÷FV×÷&Åö6ö×&&–Æ—G£ƒBÃãS“CsCcc‚ÃÃãÆ7W'&VçEöWö6…öf–ÆUö–çFVw&—G•öæ÷E÷FV×÷&Åö6ö×&&–Æ—G£ƒRÂÓã3ƒ3c#CCRÃÃãÆ7W'&VçEöWö6…öf–ÆUö–çFVw&—G•öæ÷E÷FV×÷&Åö6ö×&&–Æ—G£ƒbÂÓãCS3““““““s#C3#ƒRÃÃãÆ7W'&VçEöWö6…öf–ÆUö–çFVw&—G•öæ÷E÷FV×÷&Åö6ö×&&–Æ—G£ƒrÃã333““““““ƒƒ“s#bÃÃãÆ7W'&VçEöWö6…öf–ÆUö–çFVw&—G•öæ÷E÷FV×÷&Åö6ö×&&–Æ—G£ƒ‚ÂÓã3s“sƒ“““““““CsrÃÃãÆ7W'&VçEöWö6…öf–ÆUö–çFVw&—G•öæ÷E÷FV×÷&Åö6ö×&&–Æ—G£ƒ’ÂÓã3C3“““““““3c#CBÃÃãÆ7W'&VçEöWö6…öf–ÆUö–çFVw&—G•öæ÷E÷FV×÷&Åö6ö×&&–Æ—G£ƒ#Ãã33ƒ“ScBÃÃãÆ7W'&VçEöWö6…öf–ÆUö–çFVw&—G•öæ÷E÷FV×÷&Åö6ö×&&–Æ—G£ƒ#ÂÓãƒSCƒ“s‚ÃÃãÆ7W'&VçEöWö6…öf–ÆUö–çFVw&—G•öæ÷E÷FV×÷&Åö6ö×&&–Æ—G£ƒ#"ÂÓã3s“CS#c"ÃÃãÆ7W'&VçEöWö6…öf–ÆUö–çFVw&—G•öæ÷E÷FV×÷&Åö6ö×&&–Æ—G£ƒ#2ÂÓãsCSCƒBÃÃãÆ7W'&VçEöWö6…öf–ÆUö–çFVw&—G•öæ÷E÷FV×÷&Åö6ö×&&–Æ—G£ƒ#BÃãƒ3“““““““3ccrÃÃãÆ7W'&VçEöWö6…öf–ÆUö–çFVw&—G•öæ÷E÷FV×÷&Åö6ö×&&–Æ—G£ƒ#RÃã#Cƒ““““““ƒ3cƒs#2ÃÃãÆ7W'&VçEöWö6…öf–ÆUö–çFVw&—G•öæ÷E÷FV×÷&Åö6ö×&&–Æ—G£ƒ#bÂÓã3S#S““““““Sƒƒ3bÃÃãÆ7W'&VçEöWö6…öf–ÆUö–çFVw&—G•öæ÷E÷FV×÷&Åö6ö×&&–Æ—G£ƒ#rÂÓã#““#“rÃÃãÆ7W'&VçEöWö6…öf–ÆUö–çFVw&—G•öæ÷E÷FV×÷&Åö6ö×&&–Æ—G£ƒ#‚ÃãC3#sCƒC#’ÃÃãÆ7W'&VçEöWö6…öf–ÆUö–çFVw&—G•öæ÷E÷FV×÷&Åö6ö×&&–Æ—G£ƒ#’Ãã3“#ƒSƒ3bÃÃãÆ7W'&VçEöWö6…öf–ÆUö–çFVw&—G•öæ÷E÷FV×÷&Åö6ö×&&–Æ—G£ƒ3Ãã3ƒ“3c““““““sC3rÃÃãÆ7W'&VçEöWö6…öf–ÆUö–çFVw&—G•öæ÷E÷FV×÷&Åö6ö×&&–Æ—G£ƒ3Ãã“S“““““““cs2ÃÃãÆ7W'&VçEöWö6…öf–ÆUö–çFVw&—G•öæ÷E÷FV×÷&Åö6ö×&&–Æ—G£ƒ3"ÃãcC““““““““cƒrÃÃãÆ7W'&VçEöWö6…öf–ÆUö–çFVw&—G•öæ÷E÷FV×÷&Åö6ö×&&–Æ—G£ƒ32ÂÓã#Sƒ“S#s3rÃÃãÆ7W'&VçEöWö6…öf–ÆUö–çFVw&—G•öæ÷E÷FV×÷&Åö6ö×&&–Æ—G£ƒ3BÂÓã33cƒCSƒcsbÃÃãÆ7W'&VçEöWö6…öf–ÆUö–çFVw&—G•öæ÷E÷FV×÷&Åö6ö×&&–Æ—G£ƒ3RÂÓãCS“3ccRÃÃãÆ7W'&VçEöWö6…öf–ÆUö–çFVw&—G•öæ÷E÷FV×÷&Åö6ö×&&–Æ—G£ƒ3bÃãScCC#“33rÃÃãÆ7W'&VçEöWö6…öf–ÆUö–çFVw&—G•öæ÷E÷FV×÷&Åö6ö×&&–Æ—G£ƒ3rÂÓã3ƒ“s3S“bÃÃãÆ7W'&VçEöWö6…öf–ÆUö–çFVw&—G•öæ÷E÷FV×÷&Åö6ö×&&–Æ—G£ƒ3‚ÂÓã3ƒSSSS““rÃÃãÆ7W'&VçEöWö6…öf–ÆUö–çFVw&—G•öæ÷E÷FV×÷&Åö6ö×&&–Æ—G£ƒ3’Ããcƒss’ÃÃãÆ7W'&VçEöWö6…öf–ÆUö–çFVw&—G•öæ÷E÷FV×÷&Åö6ö×&&–Æ—G£ƒCÂÓãCSS““““““c#ƒC"ÃÃãÆ7W'&VçEöWö6…öf–ÆUö–çFVw&—G•öæ÷E÷FV×÷&Åö6ö×&&–Æ—G£ƒCÂÓãC3C““““““sc“C“‚ÃÃãÆ7W'&VçEöWö6…öf–ÆUö–çFVw&—G•öæ÷E÷FV×÷&Åö6ö×&&–Æ—G£ƒC"ÂÓã#ƒC“““““““33cC32ÃÃãÆ7W'&VçEöWö6…öf–ÆUö–çFVw&—G•öæ÷E÷FV×÷&Åö6ö×&&–Æ—G£ƒC2Ãã#3c#C3#sÃÃãÆ7W'&VçEöWö6…öf–ÆUö–çFVw&—G•öæ÷E÷FV×÷&Åö6ö×&&–Æ—G£ƒCBÃãCsCs#C’ÃÃãÆ7W'&VçEöWö6…öf–ÆUö–çFVw&—G•öæ÷E÷FV×÷&Åö6ö×&&–Æ—G£ƒCRÂÓãƒC““““““c“Sc’ÃÃãÆ7W'&VçEöWö6…öf–ÆUö–çFVw&—G•öæ÷E÷FV×÷&Åö6ö×&&–Æ—G£ƒCbÃã“ƒsSCC2ÃÃãÆ7W'&VçEöWö6…öf–ÆUö–çFVw&—G•öæ÷E÷FV×÷&Åö6ö×&&–Æ—G£ƒCrÃãScscƒ#“BÃÃãÆ7W'&VçEöWö6…öf–ÆUö–çFVw&—G•öæ÷E÷FV×÷&Åö6ö×&&–Æ—G£ƒC‚ÂÓã3“ƒ3S3““2ÃÃãÆ7W'&VçEöWö6…öf–ÆUö–çFVw&—G•öæ÷E÷FV×÷&Åö6ö×&&–Æ—G£ƒC’Ãã3cƒ#C3C#C“BÃÃãÆ7W'&VçEöWö6…öf–ÆUö–çFVw&—G•öæ÷E÷FV×÷&Åö6ö×&&–Æ—G£ƒSÂÓãC““C““““““S““S2ÃÃãÆ7W'&VçEöWö6…öf–ÆUö–çFVw&—G•öæ÷E÷FV×÷&Åö6ö×&&–Æ—G£ƒSÂÓã#c#“““““““s333BÃÃãÆ7W'&VçEöWö6…öf–ÆUö–çFVw&—G•öæ÷E÷FV×÷&Åö6ö×&&–Æ—G£ƒS"Ãã3ƒ#3CCS’ÃÃãÆ7W'&VçEöWö6…öf–ÆUö–çFVw&—G•öæ÷E÷FV×÷&Åö6ö×&&–Æ—G£ƒS2ÂÓã#“SC““““““sƒ“#’ÃÃãÆ7W'&VçEöWö6…öf–ÆUö–çFVw&—G•öæ÷E÷FV×÷&Åö6ö×&&–Æ—G£ƒSBÂÓã3cƒ“““““““CsƒCS“BÃÃãÆ7W'&VçEöWö6…öf–ÆUö–çFVw&—G•öæ÷E÷FV×÷&Åö6ö×&&–Æ—G£ƒSRÃãs3S“““““““Cc#bÃÃãÆ7W'&VçEöWö6…öf–ÆUö–çFVw&—G•öæ÷E÷FV×÷&Åö6ö×&&–Æ—G£ƒSbÃãCC““““““ƒ““CrÃÃãÆ7W'&VçEöWö6…öf–ÆUö–çFVw&—G•öæ÷E÷FV×÷&Åö6ö×&&–Æ—G£ƒSrÃã#“ƒCS#Cƒ’ÃÃãÆ7W'&VçEöWö6…öf–ÆUö–çFVw&—G•öæ÷E÷FV×÷&Åö6ö×&&–Æ—G£ƒS‚ÂÓãSƒ““““““333BÃÃãÆ7W'&VçEöWö6…öf–ÆUö–çFVw&—G•öæ÷E÷FV×÷&Åö6ö×&&–Æ—G£ƒS’ÂÓã3ƒS““““““““ƒc2ÃÃãÆ7W'&VçEöWö6…öf–ÆUö–çFVw&—G•öæ÷E÷FV×÷&Åö6ö×&&–Æ—G£ƒcÃãƒ“““““““sS“CrÃÃãÆ7W'&VçEöWö6…öf–ÆUö–çFVw&—G•öæ÷E÷FV×÷&Åö6ö×&&–Æ—G£ƒcÂÓã3#“CSCs#cCbÃÃãÆ7W'&VçEöWö6…öf–ÆUö–çFVw&—G•öæ÷E÷FV×÷&Åö6ö×&&–Æ—G£ƒc"ÂÓãc““““““““33CBÃÃãÆ7W'&VçEöWö6…öf–ÆUö–çFVw&—G•öæ÷E÷FV×÷&Åö6ö×&&–Æ—G£ƒc2ÂÓãCs#csSS"ÃÃãÆ7W'&VçEöWö6…öf–ÆUö–çFVw&—G•öæ÷E÷FV×÷&Åö6ö×&&–Æ—G£ƒcBÂÓãCCc“““““““ƒSScCRÃÃãÆ7W'&VçEöWö6…öf–ÆUö–çFVw&—G•öæ÷E÷FV×÷&Åö6ö×&&–Æ—G£ƒcRÃã#Cc#““““““sSƒ2ÃÃãÆ7W'&VçEöWö6…öf–ÆUö–çFVw&—G•öæ÷E÷FV×÷&Åö6ö×&&–Æ—G£ƒcbÃãC#c#c““cbÃÃãÆ7W'&VçEöWö6…öf–ÆUö–çFVw&—G•öæ÷E÷FV×÷&Åö6ö×&&–Æ—G£ƒcrÂÓã#C3“““““““S33ƒBÃÃãÆ7W'&VçEöWö6…öf–ÆUö–çFVw&—G•öæ÷E÷FV×÷&Åö6ö×&&–Æ—G£ƒc‚ÂÓã3ƒc“““““““ƒ“‚ÃÃãÆ7W'&VçEöWö6…öf–ÆUö–çFVw&—G•öæ÷E÷FV×÷&Åö6ö×&&–Æ—G£ƒc’Ãã3cƒ##c#c32ÃÃãÆ7W'&VçEöWö6…öf–ÆUö–çFVw&—G•öæ÷E÷FV×÷&Åö6ö×&&–Æ—G£ƒsÃã#Ss#“sSS‚ÃÃãÆ7W'&VçEöWö6…öf–ÆUö–çFVw&—G•öæ÷E÷FV×÷&Åö6ö×&&–Æ—G£ƒsÂÓã#s#“sSCC3bÃÃãÆ7W'&VçEöWö6…öf–ÆUö–çFVw&—G•öæ÷E÷FV×÷&Åö6ö×&&–Æ—G£ƒs"ÂÓã33ƒSssccRÃÃãÆ7W'&VçEöWö6…öf–ÆUö–çFVw&—G•öæ÷E÷FV×÷&Åö6ö×&&–Æ—G£ƒs2Ãã3ƒ“““33ƒRÃÃãÆ7W'&VçEöWö6…öf–ÆUö–çFVw&—G•öæ÷E÷FV×÷&Åö6ö×&&–Æ—G£ƒsBÃãc“ƒ33c"ÃÃãÆ7W'&VçEöWö6…öf–ÆUö–çFVw&—G•öæ÷E÷FV×÷&Åö6ö×&&–Æ—G£ƒsRÂÓãCScƒCCƒ#rÃÃãÆ7W'&VçEöWö6…öf–ÆUö–çFVw&—G•öæ÷E÷FV×÷&Åö6ö×&&–Æ—G£ƒsbÃã#3cCC#3s‚ÃÃãÆ7W'&VçEöWö6…öf–ÆUö–çFVw&—G•öæ÷E÷FV×÷&Åö6ö×&&–Æ—G£ƒsrÃãƒcs“““““““3CƒRÃÃãÆ7W'&VçEöWö6…öf–ÆUö–çFVw&—G•öæ÷E÷FV×÷&Åö6ö×&&–Æ—G£ƒs‚Ãã#cc3“““““““3SC‚ÃÃãÆ7W'&VçEöWö6…öf–ÆUö–çFVw&—G•öæ÷E÷FV×÷&Åö6ö×&&–Æ—G£ƒs’ÃãCs“C3ƒs32ÃÃãÆ7W'&VçEöWö6…öf–ÆUö–çFVw&—G•öæ÷E÷FV×÷&Åö6ö×&&–Æ—G£ƒƒÃã33s3s3rÃÃãÆ7W'&VçEöWö6…öf–ÆUö–çFVw&—G•öæ÷E÷FV×÷&Åö6ö×&&–Æ—G£ƒƒÂÓã3ƒsCsCƒSCbÃÃãÆ7W'&VçEöWö6…öf–ÆUö–çFVw&—G•öæ÷E÷FV×÷&Åö6ö×&&–Æ—G£ƒƒ"ÂÓã3#CS#s3rÃÃãÆ7W'&VçEöWö6…öf–ÆUö–çFVw&—G•öæ÷E÷FV×÷&Åö6ö×&&–Æ—G£ƒƒ2ÂÓã3SS#“““““““Sc##‚ÃÃãÆ7W'&VçEöWö6…öf–ÆUö–çFVw&—G•öæ÷E÷FV×÷&Åö6ö×&&–Æ—G£ƒƒBÃãsSc““““““ƒCCC"ÃÃãÆ7W'&VçEöWö6…öf–ÆUö–çFVw&—G•öæ÷E÷FV×÷&Åö6ö×&&–Æ—G£ƒƒRÃã#s“3““““““““CC"ÃÃãÆ7W'&VçEöWö6…öf–ÆUö–çFVw&—G•öæ÷E÷FV×÷&Åö6ö×&&–Æ—G£ƒƒbÂÓãSSS“““““““#C“s"ÃÃãÆ7W'&VçEöWö6…öf–ÆUö–çFVw&—G•öæ÷E÷FV×÷&Åö6ö×&&–Æ—G£ƒƒrÃã#Sc3ƒ“ScBÃÃãÆ7W'&VçEöWö6…öf–ÆUö–çFVw&—G•öæ÷E÷FV×÷&Åö6ö×&&–Æ—G£ƒƒ‚ÂÓã3“3ƒ3““““““c““ƒ‚ÃÃãÆ7W'&VçEöWö6…öf–ÆUö–çFVw&—G•öæ÷E÷FV×÷&Åö6ö×&&–Æ—G£ƒƒ’Ãã3#sC““““““ƒCƒcbÃÃãÆ7W'&VçEöWö6…öf–ÆUö–çFVw&—G•öæ÷E÷FV×÷&Åö6ö×&&–Æ—G£ƒ“Ãã3“cS3ccC“rÃÃãÆ7W'&VçEöWö6…öf–ÆUö–çFVw&—G•öæ÷E÷FV×÷&Åö6ö×&&–Æ—G£ƒ“ÂÓãCC#“““““““““3RÃÃãÆ7W'&VçEöWö6…öf–ÆUö–çFVw&—G•öæ÷E÷FV×÷&Åö6ö×&&–Æ—G£ƒ“"ÂÓã3Sƒ““““““““csC3rÃÃãÆ7W'&VçEöWö6…öf–ÆUö–çFVw&—G•öæ÷E÷FV×÷&Åö6ö×&&–Æ—G£ƒ“2Ãã3#cCS““““““cSƒcrÃÃãÆ7W'&VçEöWö6…öf–ÆUö–çFVw&—G•öæ÷E÷FV×÷&Åö6ö×&&–Æ—G£ƒ“BÃã#Sc##“““““““SRÃÃãÆ7W'&VçEöWö6…öf–ÆUö–çFVw&—G•öæ÷E÷FV×÷&Åö6ö×&&–Æ—G£ƒ“RÂÓã#sc3#cƒ“C"ÃÃãÆ7W'&VçEöWö6…öf–ÆUö–çFVw&—G•öæ÷E÷FV×÷&Åö6ö×&&–Æ—G£ƒ“bÃãƒƒc““““““sC#C’ÃÃãÆ7W'&VçEöWö6…öf–ÆUö–çFVw&—G•öæ÷E÷FV×÷&Åö6ö×&&–Æ—G£ƒ“rÂÓãcS#ƒ#s‚ÃÃãÆ7W'&VçEöWö6…öf–ÆUö–çFVw&—G•öæ÷E÷FV×÷&Åö6ö×&&–Æ—G£ƒ“‚Ãã#s3“3“rÃÃãÆ7W'&VçEöWö6…öf–ÆUö–çFVw&—G•öæ÷E÷FV×÷&Åö6ö×&&–Æ—G£ƒ“’ÂÓã“ƒ“C#3“bÃÃãÆ7W'&VçEöWö6…öf–ÆUö–çFVw&—G•öæ÷E÷FV×÷&Åö6ö×&&–Æ—G£ƒ#ÂÓã#3““““““cs3ƒBÃÃãÆ7W'&VçEöWö6…öf–ÆUö–çFVw&—G•öæ÷E÷FV×÷&Åö6ö×&&–Æ—G£ƒ#ÂÓãCSƒ3Cc“"ÃÃãÆ7W'&VçEöWö6…öf–ÆUö–çFVw&—G•öæ÷E÷FV×÷&Åö6ö×&&–Æ—G£ƒ#"ÂÓã3#“c““““““s3CrÃÃãÆ7W'&VçEöWö6…öf–ÆUö–çFVw&—G•öæ÷E÷FV×÷&Åö6ö×&&–Æ—G£ƒ#2ÂÓã3#ƒS##S"ÃÃãÆ7W'&VçEöWö6…öf–ÆUö–çFVw&—G•öæ÷E÷FV×÷&Åö6ö×&&–Æ—G£ƒ#BÂÓãSSS“““““““ƒ#3RÃÃãÆ7W'&VçEöWö6…öf–ÆUö–çFVw&—G•öæ÷E÷FV×÷&Åö6ö×&&–Æ—G£ƒ#RÂÓãcƒS“““““““ƒc“cRÃÃãÆ7W'&VçEöWö6…öf–ÆUö–çFVw&—G•öæ÷E÷FV×÷&Åö6ö×&&–Æ—G£ƒ#bÂÓãƒCƒ“““““““#“#“RÃÃãÆ7W'&VçEöWö6…öf–ÆUö–çFVw&—G•öæ÷E÷FV×÷&Åö6ö×&&–Æ—G£ƒ#rÂÓãSCsS#“cƒS’ÃÃãÆ7W'&VçEöWö6…öf–ÆUö–çFVw&—G•öæ÷E÷FV×÷&Åö6ö×&&–Æ—G£ƒ#‚ÂÓãCs““““““ƒ“CS2ÃÃãÆ7W'&VçEöWö6…öf–ÆUö–çFVw&—G•öæ÷E÷FV×÷&Åö6ö×&&–Æ—G£ƒ#’ÂÓã#3CƒS““““““cƒC#ƒ"ÃÃãÆ7W'&VçEöWö6…öf–ÆUö–çFVw&—G•öæ÷E÷FV×÷&Åö6ö×&&–Æ—G£ƒ#ÂÓãsS““““““C3C“bÃÃãÆ7W'&VçEöWö6…öf–ÆUö–çFVw&—G•öæ÷E÷FV×÷&Åö6ö×&&–Æ—G£ƒ#ÂÓãcC““““““““#SC“BÃÃãÆ7W'&VçEöWö6…öf–ÆUö–çFVw&—G•öæ÷E÷FV×÷&Åö6ö×&&–Æ—G£ƒ#"ÃãCƒCCs3C‚ÃÃãÆ7W'&VçEöWö6…öf–ÆUö–çFVw&—G•öæ÷E÷FV×÷&Åö6ö×&&–Æ—G£ƒ#2Ãã33CSC“““““““Sƒ’ÃÃãÆ7W'&VçEöWö6…öf–ÆUö–çFVw&—G•öæ÷E÷FV×÷&Åö6ö×&&–Æ—G£ƒ#BÂÓã#“s3CCc#BÃÃãÆ7W'&VçEöWö6…öf–ÆUö–çFVw&—G•öæ÷E÷FV×÷&Åö6ö×&&–Æ—G£ƒ#RÂÓã3#c“““““““C“CsbÃÃãÆ7W'&VçEöWö6…öf–ÆUö–çFVw&—G•öæ÷E÷FV×÷&Åö6ö×&&–Æ—G£ƒ#bÂÓã#sƒs““““““ƒcƒ#"ÃÃãÆ7W'&VçEöWö6…öf–ÆUö–çFVw&—G•öæ÷E÷FV×÷&Åö6ö×&&–Æ—G£ƒ#rÃã““““““ƒCccc‚ÃÃãÆ7W'&VçEöWö6…öf–ÆUö–çFVw&—G•öæ÷E÷FV×÷&Åö6ö×&&–Æ—G£ƒ#‚ÂÓã3#““““““scƒs‚ÃÃãÆ7W'&VçEöWö6…öf–ÆUö–çFVw&—G•öæ÷E÷FV×÷&Åö6ö×&&–Æ—G£ƒ#’Ãã##cSSƒ‚ÃÃãÆ7W'&VçEöWö6…öf–ÆUö–çFVw&—G•öæ÷E÷FV×÷&Åö6ö×&&–Æ—G£ƒ##ÃãC“S“s“““““““c“3BÃÃãÆ7W'&VçEöWö6…öf–ÆUö–çFVw&—G•öæ÷E÷FV×÷&Åö6ö×&&–Æ—G£ƒ##ÂÓãcs3““““““S“cRÃÃãÆ7W'&VçEöWö6…öf–ÆUö–çFVw&—G•öæ÷E÷FV×÷&Åö6ö×&&–Æ—G£ƒ##"Ãã#3#s3“““““““Cccƒ"ÃÃãÆ7W'&VçEöWö6…öf–ÆUö–çFVw&—G•öæ÷E÷FV×÷&Åö6ö×&&–Æ—G£ƒ##2ÂÓã3ƒS““““““““ƒc2ÃÃãÆ7W'&VçEöWö6…öf–ÆUö–çFVw&—G•öæ÷E÷FV×÷&Åö6ö×&&–Æ—G£ƒ##BÃãCƒƒƒ“““““““ccCs#BÃÃãÆ7W'&VçEöWö6…öf–ÆUö–çFVw&—G•öæ÷E÷FV×÷&Åö6ö×&&–Æ—G£ƒ##RÃã33“““““““ccCs#BÃÃãÆ7W'&VçEöWö6…öf–ÆUö–çFVw&—G•öæ÷E÷FV×÷&Åö6ö×&&–Æ—G£ƒ##bÂÓã#““““““““ssc#RÃÃãÆ7W'&VçEöWö6…öf–ÆUö–çFVw&—G•öæ÷E÷FV×÷&Åö6ö×&&–Æ—G£ƒ##‚ÂÓã3sScCS2ÃÃãÆ7W'&VçEöWö6…öf–ÆUö–çFVw&—G•öæ÷E÷FV×÷&Åö6ö×&&–Æ—G£ƒ##’Ããs#“c“““““““c##ƒÃÃãÆ7W'&VçEöWö6…öf–ÆUö–çFVw&—G•öæ÷E÷FV×÷&Åö6ö×&&–Æ—G£ƒ#3Ãã3ƒ#cs3CcbÃÃãÆ7W'&VçEöWö6…öf–ÆUö–çFVw&—G•öæ÷E÷FV×÷&Åö6ö×&&–Æ—G£ƒ#3Ãã3Cc““““““ƒƒs“rÃÃãÆ7W'&VçEöWö6…öf–ÆUö–çFVw&—G•öæ÷E÷FV×÷&Åö6ö×&&–Æ—G£ƒ#3"ÂÓã#“ss““““““ssSSrÃÃãÆ7W'&VçEöWö6…öf–ÆUö–çFVw&—G•öæ÷E÷FV×÷&Åö6ö×&&–Æ—G£ƒ#32Ãã3s#3###ƒ’ÃÃãÆ7W'&VçEöWö6…öf–ÆUö–çFVw&—G•öæ÷E÷FV×÷&Åö6ö×&&–Æ—G£ƒ#3BÃãƒƒƒ“ScBÃÃãÆ7W'&VçEöWö6…öf–ÆUö–çFVw&—G•öæ÷E÷FV×÷&Åö6ö×&&–Æ—G£ƒ#3RÃã#ss#““““““#ƒƒBÃÃãÆ7W'&VçEöWö6…öf–ÆUö–çFVw&—G•öæ÷E÷FV×÷&Åö6ö×&&–Æ—G£ƒ#3bÃã3ƒcs“““““““#“CS#2ÃÃãÆ7W'&VçEöWö6…öf–ÆUö–çFVw&—G•öæ÷E÷FV×÷&Åö6ö×&&–Æ—G£ƒ#3rÂÓãCCC#3#s2ÃÃãÆ7W'&VçEöWö6…öf–ÆUö–çFVw&—G•öæ÷E÷FV×÷&Åö6ö×&&–Æ—G£ƒ#3‚ÂÓãCc#ccS“ƒrÃÃãÆ7W'&VçEöWö6…öf–ÆUö–çFVw&—G•öæ÷E÷FV×÷&Åö6ö×&&–Æ—G£ƒ#3’ÃãcSsc“S#’ÃÃãÆ7W'&VçEöWö6…öf–ÆUö–çFVw&—G•öæ÷E÷FV×÷&Åö6ö×&&–Æ—G£ƒ#CÂÓãƒ“3#s#ƒssRÃÃãÆ7W'&VçEöWö6…öf–ÆUö–çFVw&—G•öæ÷E÷FV×÷&Åö6ö×&&–Æ—G£ƒ#CÂÓã#3s3“““““““ƒccBÃÃãÆ7W'&VçEöWö6…öf–ÆUö–çFVw&—G•öæ÷E÷FV×÷&Åö6ö×&&–Æ—G£ƒ#C"Ãã#“C“““““““s#c2ÃÃãÆ7W'&VçEöWö6…öf–ÆUö–çFVw&—G•öæ÷E÷FV×÷&Åö6ö×&&–Æ—G£ƒ#C2ÃãCƒc“““““““CsCsBÃÃãÆ7W'&VçEöWö6…öf–ÆUö–çFVw&—G•öæ÷E÷FV×÷&Åö6ö×&&–Æ—G£ƒ#CBÂÓãCcƒS#cssSRÃÃãÆ7W'&VçEöWö6…öf–ÆUö–çFVw&—G•öæ÷E÷FV×÷&Åö6ö×&&–Æ—G£ƒ#CRÂÓã#C#“““““““3CƒRÃÃãÆ7W'&VçEöWö6…öf–ÆUö–çFVw&—G•öæ÷E÷FV×÷&Åö6ö×&&–Æ—G£ƒ#CbÂÓã“#Ss#’ÃÃãÆ7W'&VçEöWö6…öf–ÆUö–çFVw&—G•öæ÷E÷FV×÷&Åö6ö×&&–Æ—G£ƒ#CrÃã3#Css““““““S3s2ÃÃãÆ7W'&VçEöWö6…öf–ÆUö–çFVw&—G•öæ÷E÷FV×÷&Åö6ö×&&–Æ—G£ƒ#C‚Ãã3““3CSƒcsbÃÃãÆ7W'&VçEöWö6…öf–ÆUö–çFVw&—G•öæ÷E÷FV×÷&Åö6ö×&&–Æ—G£ƒ#C’ÂÓãc###ƒsBÃÃãÆ7W'&VçEöWö6…öf–ÆUö–çFVw&—G•öæ÷E÷FV×÷&Åö6ö×&&–Æ—G£ƒ#SÃãCƒCsƒƒCsbÃÃãÆ7W'&VçEöWö6…öf–ÆUö–çFVw&—G•öæ÷E÷FV×÷&Åö6ö×&&–Æ—G£ƒ#SÂÓã#3S“““““““s#2ÃÃãÆ7W'&VçEöWö6…öf–ÆUö–çFVw&—G•öæ÷E÷FV×÷&Åö6ö×&&–Æ—G£ƒ#S"ÂÓãC“CC“s‚ÃÃãÆ7W'&VçEöWö6…öf–ÆUö–çFVw&—G•öæ÷E÷FV×÷&Åö6ö×&&–Æ—G£ƒ#S2Ãã3CC3CCrÃÃãÆ7W'&VçEöWö6…öf–ÆUö–çFVw&—G•öæ÷E÷FV×÷&Åö6ö×&&–Æ—G£ƒ#SBÃã#Sƒƒ“““““““3SsBÃÃãÆ7W'&VçEöWö6…öf–ÆUö–çFVw&—G•öæ÷E÷FV×÷&Åö6ö×&&–Æ—G£ƒ#SRÃãccCcs#’ÃÃãÆ7W'&VçEöWö6…öf–ÆUö–çFVw&—G•öæ÷E÷FV×÷&Åö6ö×&&–Æ—G£ƒ#SbÃãCs#c3RÃÃãÆ7W'&VçEöWö6…öf–ÆUö–çFVw&—G•öæ÷E÷FV×÷&Åö6ö×&&–Æ—G£ƒ#SrÃã3C##““““““ƒsc“BÃÃãÆ7W'&VçEöWö6…öf–ÆUö–çFVw&—G•öæ÷E÷FV×÷&Åö6ö×&&–Æ—G£ƒ#S‚ÃãCƒCs#3#SÃÃãÆ7W'&VçEöWö6…öf–ÆUö–çFVw&—G•öæ÷E÷FV×÷&Åö6ö×&&–Æ—G£ƒ#S’Ãã#cƒ“““““““#s“‚ÃÃãÆ7W'&VçEöWö6…öf–ÆUö–çFVw&—G•öæ÷E÷FV×÷&Åö6ö×&&–Æ—G£ƒ#cÂÓãCC“““““““cc33#rÃÃãÆ7W'&VçEöWö6…öf–ÆUö–çFVw&—G•öæ÷E÷FV×÷&Åö6ö×&&–Æ—G£ƒ#cÂÓãSCƒ““““““S#ƒsSÃÃãÆ7W'&VçEöWö6…öf–ÆUö–çFVw&—G•öæ÷E÷FV×÷&Åö6ö×&&–Æ—G£ƒ#c"ÃãC3#“““““““#csc‚ÃÃãÆ7W'&VçEöWö6…öf–ÆUö–çFVw&—G•öæ÷E÷FV×÷&Åö6ö×&&–Æ—G£ƒ#c2ÂÓã#ƒcScC3ƒRÃÃãÆ7W'&VçEöWö6…öf–ÆUö–çFVw&—G•öæ÷E÷FV×÷&Åö6ö×&&–Æ—G£ƒ#cBÃã333C3ccRÃÃãÆ7W'&VçEöWö6…öf–ÆUö–çFVw&—G•öæ÷E÷FV×÷&Åö6ö×&&–Æ—G£ƒ#cRÂÓã““c“““““““s3“#2ÃÃãÆ7W'&VçEöWö6…öf–ÆUö–çFVw&—G•öæ÷E÷FV×÷&Åö6ö×&&–Æ—G£ƒ#cbÃã“SS“3’ÃÃãÆ7W'&VçEöWö6…öf–ÆUö–çFVw&—G•öæ÷E÷FV×÷&Åö6ö×&&–Æ—G£ƒ#crÃã“sCƒccbÃÃãÆ7W'&VçEöWö6…öf–ÆUö–çFVw&—G•öæ÷E÷FV×÷&Åö6ö×&&–Æ—G£ƒ#c‚ÂÓã“““““““C3“S3SRÃÃãÆ7W'&VçEöWö6…öf–ÆUö–çFVw&—G•öæ÷E÷FV×÷&Åö6ö×&&–Æ—G£ƒ#c’Ãã3CS““““““33#sÃÃãÆ7W'&VçEöWö6…öf–ÆUö–çFVw&—G•öæ÷E÷FV×÷&Åö6ö×&&–Æ—G£ƒ#sÂÓã3C“SsSƒrÃÃãÆ7W'&VçEöWö6…öf–ÆUö–çFVw&—G•öæ÷E÷FV×÷&Åö6ö×&&–Æ—G£ƒ#sÃãSc“““““““#S#ƒRÃÃãÆ7W'&VçEöWö6…öf–ÆUö–çFVw&—G•öæ÷E÷FV×÷&Åö6ö×&&–Æ—G£ƒ#s"Ãã3ƒcC“““““““3#Cs’ÃÃãÆ7W'&VçEöWö6…öf–ÆUö–çFVw&—G•öæ÷E÷FV×÷&Åö6ö×&&–Æ—G£ƒ#s2ÃãSs““““““3#bÃÃãÆ7W'&VçEöWö6…öf–ÆUö–çFVw&—G•öæ÷E÷FV×÷&Åö6ö×&&–Æ—G£ƒ#sBÂÓã#3s3“SRÃÃãÆ7W'&VçEöWö6…öf–ÆUö–çFVw&—G•öæ÷E÷FV×÷&Åö6ö×&&–Æ—G£ƒ#sRÃã“““““““c“ƒCƒC2ÃÃãÆ7W'&VçEöWö6…öf–ÆUö–çFVw&—G•öæ÷E÷FV×÷&Åö6ö×&&–Æ—G£ƒ#sbÃãƒƒ““““““C3“c’ÃÃãÆ7W'&VçEöWö6…öf–ÆUö–çFVw&—G•öæ÷E÷FV×÷&Åö6ö×&&–Æ—G£ƒ#srÂÓã#sc“““““““3ccrÃÃãÆ7W'&VçEöWö6…öf–ÆUö–çFVw&—G•öæ÷E÷FV×÷&Åö6ö×&&–Æ—G£ƒ#s‚ÃãCƒcs““““““ƒC#BÃÃãÆ7W'&VçEöWö6…öf–ÆUö–çFVw&—G•öæ÷E÷FV×÷&Åö6ö×&&–Æ—G£ƒ#s’ÂÓã#C#s#SCSrÃÃãÆ7W'&VçEöWö6…öf–ÆUö–çFVw&—G•öæ÷E÷FV×÷&Åö6ö×&&–Æ—G£ƒ#ƒÃã3ƒC#“sƒ3RÃÃãÆ7W'&VçEöWö6…öf–ÆUö–çFVw&—G•öæ÷E÷FV×÷&Åö6ö×&&–Æ—G£ƒ#ƒÃã3SSsc“ƒRÃÃãÆ7W'&VçEöWö6…öf–ÆUö–çFVw&—G•öæ÷E÷FV×÷&Åö6ö×&&–Æ—G£ƒ#ƒ"ÃãSs3““““““ƒC3S3‚ÃÃãÆ7W'&VçEöWö6…öf–ÆUö–çFVw&—G•öæ÷E÷FV×÷&Åö6ö×&&–Æ—G£ƒ#ƒ2ÃãcSC“““““““c“s3"ÃÃãÆ7W'&VçEöWö6…öf–ÆUö–çFVw&—G•öæ÷E÷FV×÷&Åö6ö×&&–Æ—G£ƒ#ƒBÂÓã#sC3ƒscrÃÃãÆ7W'&VçEöWö6…öf–ÆUö–çFVw&—G•öæ÷E÷FV×÷&Åö6ö×&&–Æ—G£ƒ#ƒRÂÓãCƒƒ“““““““C3ƒ“2ÃÃãÆ7W'&VçEöWö6…öf–ÆUö–çFVw&—G•öæ÷E÷FV×÷&Åö6ö×&&–Æ—G£ƒ#ƒbÂÓã3#““““““ƒc“C“‚ÃÃãÆ7W'&VçEöWö6…öf–ÆUö–çFVw&—G•öæ÷E÷FV×÷&Åö6ö×&&–Æ—G£ƒ#ƒrÃãCCƒs33sccbÃÃãÆ7W'&VçEöWö6…öf–ÆUö–çFVw&—G•öæ÷E÷FV×÷&Åö6ö×&&–Æ—G£ƒ#ƒ‚Ãã#c“CCcs“’ÃÃãÆ7W'&VçEöWö6…öf–ÆUö–çFVw&—G•öæ÷E÷FV×÷&Åö6ö×&&–Æ—G£ƒ#ƒ’ÃãC#“““““““CsƒBÃÃãÆ7W'&VçEöWö6…öf–ÆUö–çFVw&—G•öæ÷E÷FV×÷&Åö6ö×&&–Æ—G£ƒ#“ÃãC#3ƒ#“““““““s#S#bÃÃãÆ7W'&VçEöWö6…öf–ÆUö–çFVw&—G•öæ÷E÷FV×÷&Åö6ö×&&–Æ—G£ƒ#“ÃãC“s3s“SBÃÃãÆ7W'&VçEöWö6…öf–ÆUö–çFVw&—G•öæ÷E÷FV×÷&Åö6ö×&&–Æ—G£ƒ#“"ÂÓã#SC##““““““ƒcC#bÃÃãÆ7W'&VçEöWö6…öf–ÆUö–çFVw&—G•öæ÷E÷FV×÷&Åö6ö×&&–Æ—G£ƒ#“2ÃãCS3s“““““““3s‚ÃÃãÆ7W'&VçEöWö6…öf–ÆUö–çFVw&—G•öæ÷E÷FV×÷&Åö6ö×&&–Æ—G£ƒ#“BÃã3ƒs#““““““C3“3CBÃÃãÆ7W'&VçEöWö6…öf–ÆUö–çFVw&—G•öæ÷E÷FV×÷&Åö6ö×&&–Æ—G£ƒ#“RÂÓã“Cc#S3sƒRÃÃãÆ7W'&VçEöWö6…öf–ÆUö–çFVw&—G•öæ÷E÷FV×÷&Åö6ö×&&–Æ—G£ƒ#“bÂÓãcC3““““““#ƒ3ƒ2ÃÃãÆ7W'&VçEöWö6…öf–ÆUö–çFVw&—G•öæ÷E÷FV×÷&Åö6ö×&&–Æ—G£ƒ#“rÂÓãCC“sscS3s’ÃÃãÆ7W'&VçEöWö6…öf–ÆUö–çFVw&—G•öæ÷E÷FV×÷&Åö6ö×&&–Æ—G£ƒ#“‚ÂÓãC#SSƒ#‚ÃÃãÆ7W'&VçEöWö6…öf–ÆUö–çFVw&—G•öæ÷E÷FV×÷&Åö6ö×&&–Æ—G£ƒ#“’ÂÓãc“SƒSƒs’ÃÃãÆ7W'&VçEöWö6…öf–ÆUö–çFVw&—G•öæ÷E÷FV×÷&Åö6ö×&&–Æ—G£ƒ3Ãã33C#ScBÃÃãÆ7W'&VçEöWö6…öf–ÆUö–çFVw&—G•öæ÷E÷FV×÷&Åö6ö×&&–Æ—G£ƒ3Ãã“#“ƒsƒ#rÃÃãÆ7W'&VçEöWö6…öf–ÆUö–çFVw&—G•öæ÷E÷FV×÷&Åö6ö×&&–Æ—G£ƒ3"ÃãCSC“CcS#"ÃÃãÆ7W'&VçEöWö6…öf–ÆUö–çFVw&—G•öæ÷E÷FV×÷&Åö6ö×&&–Æ—G£ƒ32ÂÓã3ƒs“““““““#cC#bÃÃãÆ7W'&VçEöWö6…öf–ÆUö–çFVw&—G•öæ÷E÷FV×÷&Åö6ö×&&–Æ—G£ƒ3BÃãCS““““““s“#3RÃÃãÆ7W'&VçEöWö6…öf–ÆUö–çFVw&—G•öæ÷E÷FV×÷&Åö6ö×&&–Æ—G£ƒ3RÃãCC““““““s“S“2ÃÃãÆ7W'&VçEöWö6…öf–ÆUö–çFVw&—G•öæ÷E÷FV×÷&Åö6ö×&&–Æ—G£ƒ3bÃã#Cc“““““““C3#crÃÃãÆ7W'&VçEöWö6…öf–ÆUö–çFVw&—G•öæ÷E÷FV×÷&Åö6ö×&&–Æ—G£ƒ3rÂÓã3sCc““““““ƒSsSsbÃÃãÆ7W'&VçEöWö6…öf–ÆUö–çFVw&—G•öæ÷E÷FV×÷&Åö6ö×&&–Æ—G£ƒ3‚Ãã#ƒS#s““““““cC“bÃÃãÆ7W'&VçEöWö6…öf–ÆUö–çFVw&—G•öæ÷E÷FV×÷&Åö6ö×&&–Æ—G£ƒ3’Ããs“ƒcCSCrÃÃãÆ7W'&VçEöWö6…öf–ÆUö–çFVw&—G•öæ÷E÷FV×÷&Åö6ö×&&–Æ—G£ƒ3Ãã#sƒƒCcSrÃÃãÆ7W'&VçEöWö6…öf–ÆUö–çFVw&—G•öæ÷E÷FV×÷&Åö6ö×&&–Æ—G£ƒ3Ããc3C“““““““sC3ƒƒbÃÃãÆ7W'&VçEöWö6…öf–ÆUö–çFVw&—G•öæ÷E÷FV×÷&Åö6ö×&&–Æ—G£ƒ3"ÂÓã3S3#“CSRÃÃãÆ7W'&VçEöWö6…öf–ÆUö–çFVw&—G•öæ÷E÷FV×÷&Åö6ö×&&–Æ—G£ƒ32ÂÓãcS““““““CCcs“CBÃÃãÆ7W'&VçEöWö6…öf–ÆUö–çFVw&—G•öæ÷E÷FV×÷&Åö6ö×&&–Æ—G£ƒ3BÂÓãs#s3s"ÃÃãÆ7W'&VçEöWö6…öf–ÆUö–çFVw&—G•öæ÷E÷FV×÷&Åö6ö×&&–Æ—G£ƒ3RÃãƒ#3s3s#c2ÃÃãÆ7W'&VçEöWö6…öf–ÆUö–çFVw&—G•öæ÷E÷FV×÷&Åö6ö×&&–Æ—G£ƒ3bÃã##sƒ“““““““ƒCC#"ÃÃãÆ7W'&VçEöWö6…öf–ÆUö–çFVw&—G•öæ÷E÷FV×÷&Åö6ö×&&–Æ—G£ƒ3rÂÓãCS3“###SƒbÃÃãÆ7W'&VçEöWö6…öf–ÆUö–çFVw&—G•öæ÷E÷FV×÷&Åö6ö×&&–Æ—G£ƒ3‚Ãã#“#S““““““ƒc#32ÃÃãÆ7W'&VçEöWö6…öf–ÆUö–çFVw&—G•öæ÷E÷FV×÷&Åö6ö×&&–Æ—G£ƒ3’ÂÓãcs#“SRÃÃãÆ7W'&VçEöWö6…öf–ÆUö–çFVw&—G•öæ÷E÷FV×÷&Åö6ö×&&–Æ—G£ƒ3#ÂÓã#C#cc“““““““c3CCbÃÃãÆ7W'&VçEöWö6…öf–ÆUö–çFVw&—G•öæ÷E÷FV×÷&Åö6ö×&&–Æ—G£ƒ3#ÂÓã#“CCS““ss"ÃÃãÆ7W'&VçEöWö6…öf–ÆUö–çFVw&—G•öæ÷E÷FV×÷&Åö6ö×&&–Æ—G£ƒ3#"ÂÓã##c#C3S““SbÃÃãÆ7W'&VçEöWö6…öf–ÆUö–çFVw&—G•öæ÷E÷FV×÷&Åö6ö×&&–Æ—G£ƒ3#2ÂÓãc#C#s“rÃÃãÆ7W'&VçEöWö6…öf–ÆUö–çFVw&—G•öæ÷E÷FV×÷&Åö6ö×&&–Æ—G£ƒ3#BÂÓã#3c3“““““““C3ƒ“2ÃÃãÆ7W'&VçEöWö6…öf–ÆUö–çFVw&—G•öæ÷E÷FV×÷&Åö6ö×&&–Æ—G£ƒ3#RÃãƒ3S““““““““#sƒ"ÃÃãÆ7W'&VçEöWö6…öf–ÆUö–çFVw&—G•öæ÷E÷FV×÷&Åö6ö×&&–Æ—G£ƒ3#bÃã#RÃÃãÆ7W'&VçEöWö6…öf–ÆUö–çFVw&—G•öæ÷E÷FV×÷&Åö6ö×&&–Æ—G£ƒ3#rÂÓãCs“C“s‚ÃÃãÆ7W'&VçEöWö6…öf–ÆUö–çFVw&—G•öæ÷E÷FV×÷&Åö6ö×&&–Æ—G£ƒ3#‚Ãã3Sss““““““cƒƒCs2ÃÃãÆ7W'&VçEöWö6…öf–ÆUö–çFVw&—G•öæ÷E÷FV×÷&Åö6ö×&&–Æ—G£ƒ3#’ÂÓã#CS“C““““““cƒ#"ÃÃãÆ7W'&VçEöWö6…öf–ÆUö–çFVw&—G•öæ÷E÷FV×÷&Åö6ö×&&–Æ—G£ƒ33Ãã3Cs3SsCRÃÃãÆ7W'&VçEöWö6…öf–ÆUö–çFVw&—G•öæ÷E÷FV×÷&Åö6ö×&&–Æ—G£ƒ33Ãã“sC3ss#bÃÃãÆ7W'&VçEöWö6…öf–ÆUö–çFVw&—G•öæ÷E÷FV×÷&Åö6ö×&&–Æ—G£ƒ33"ÂÓãCSsSƒc#cCRÃÃãÆ7W'&VçEöWö6…öf–ÆUö–çFVw&—G•öæ÷E÷FV×÷&Åö6ö×&&–Æ—G£ƒ332ÂÓãƒ““c3“sÃÃãÆ7W'&VçEöWö6…öf–ÆUö–çFVw&—G•öæ÷E÷FV×÷&Åö6ö×&&–Æ—G£ƒ33BÃãcƒ#ƒƒÃÃãÆ7W'&VçEöWö6…öf–ÆUö–çFVw&—G•öæ÷E÷FV×÷&Åö6ö×&&–Æ—G£ƒ33RÃã#CcC3c3#bÃÃãÆ7W'&VçEöWö6…öf–ÆUö–çFVw&—G•öæ÷E÷FV×÷&Åö6ö×&&–Æ—G£ƒ33bÂÓã#CSs#ƒS“bÃÃãÆ7W'&VçEöWö6…öf–ÆUö–çFVw&—G•öæ÷E÷FV×÷&Åö6ö×&&–Æ—G£ƒ33rÂÓãC“ƒƒ#rÃÃãÆ7W'&VçEöWö6…öf–ÆUö–çFVw&—G•öæ÷E÷FV×÷&Åö6ö×&&–Æ—G£ƒ33‚Ãã#s3““““““ƒCss#’ÃÃãÆ7W'&VçEöWö6…öf–ÆUö–çFVw&—G•öæ÷E÷FV×÷&Åö6ö×&&–Æ—G£ƒ33’ÂÓãc““ƒ#C"ÃÃãÆ7W'&VçEöWö6…öf–ÆUö–çFVw&—G•öæ÷E÷FV×÷&Åö6ö×&&–Æ—G£ƒ3CÃãC##Cƒcc32ÃÃãÆ7W'&VçEöWö6…öf–ÆUö–çFVw&—G•öæ÷E÷FV×÷&Åö6ö×&&–Æ—G£ƒ3CÂÓãCS3SƒSbÃÃãÆ7W'&VçEöWö6…öf–ÆUö–çFVw&—G•öæ÷E÷FV×÷&Åö6ö×&&–Æ—G£ƒ3C"ÂÓã3ƒcS##3SsBÃÃãÆ7W'&VçEöWö6…öf–ÆUö–çFVw&—G•öæ÷E÷FV×÷&Åö6ö×&&–Æ—G£ƒ3C2ÃãC3“““““““33ƒrÃÃãÆ7W'&VçEöWö6…öf–ÆUö–çFVw&—G•öæ÷E÷FV×÷&Åö6ö×&&–Æ—G£ƒ3CBÂÓã#sCƒS#bÃÃãÆ7W'&VçEöWö6…öf–ÆUö–çFVw&—G•öæ÷E÷FV×÷&Åö6ö×&&–Æ—G£ƒ3CRÃã3cC“““““““3#Cs’ÃÃãÆ7W'&VçEöWö6…öf–ÆUö–çFVw&—G•öæ÷E÷FV×÷&Åö6ö×&&–Æ—G£ƒ3CbÂÓã3“Cƒc33S2ÃÃãÆ7W'&VçEöWö6…öf–ÆUö–çFVw&—G•öæ÷E÷FV×÷&Åö6ö×&&–Æ—G£ƒ3CrÂÓãC3Sƒs“’ÃÃãÆ7W'&VçEöWö6…öf–ÆUö–çFVw&—G•öæ÷E÷FV×÷&Åö6ö×&&–Æ—G£ƒ3C‚Ãã“C“““““““##s"ÃÃãÆ7W'&VçEöWö6…öf–ÆUö–çFVw&—G•öæ÷E÷FV×÷&Åö6ö×&&–Æ—G£ƒ3C’Ããƒ““““““sƒSSc2ÃÃãÆ7W'&VçEöWö6…öf–ÆUö–çFVw&—G•öæ÷E÷FV×÷&Åö6ö×&&–Æ—G£ƒ3SÃãscS““““““s###2ÃÃãÆ7W'&VçEöWö6…öf–ÆUö–çFVw&—G•öæ÷E÷FV×÷&Åö6ö×&&–Æ—G£ƒ3SÃãC##ƒSrÃÃãÆ7W'&VçEöWö6…öf–ÆUö–çFVw&—G•öæ÷E÷FV×÷&Åö6ö×&&–Æ—G£ƒ3S"ÃãC“C#rÃÃãÆ7W'&VçEöWö6…öf–ÆUö–çFVw&—G•öæ÷E÷FV×÷&Åö6ö×&&–Æ—G£ƒ3S2ÃãCScSSƒs“BÃÃãÆ7W'&VçEöWö6…öf–ÆUö–çFVw&—G•öæ÷E÷FV×÷&Åö6ö×&&–Æ—G£ƒ3SBÃã3ƒsC3#C“S“BÃÃãÆ7W'&VçEöWö6…öf–ÆUö–çFVw&—G•öæ÷E÷FV×÷&Åö6ö×&&–Æ—G£ƒ3SRÃãCcƒ##“ƒ#2ÃÃãÆ7W'&VçEöWö6…öf–ÆUö–çFVw&—G•öæ÷E÷FV×÷&Åö6ö×&&–Æ—G£ƒ3SbÃãCƒ“ssƒ’ÃÃãÆ7W'&VçEöWö6…öf–ÆUö–çFVw&—G•öæ÷E÷FV×÷&Åö6ö×&&–Æ—G£ƒ3SrÃãCSƒS““““““s“#bÃÃãÆ7W'&VçEöWö6…öf–ÆUö–çFVw&—G•öæ÷E÷FV×÷&Åö6ö×&&–Æ—G£ƒ3S‚ÂÓãƒ“““““““ƒƒcƒCC2ÃÃãÆ7W'&VçEöWö6…öf–ÆUö–çFVw&—G•öæ÷E÷FV×÷&Åö6ö×&&–Æ—G£ƒ3S’Ãã3SsCƒc3C“rÃÃãÆ7W'&VçEöWö6…öf–ÆUö–çFVw&—G•öæ÷E÷FV×÷&Åö6ö×&&–Æ—G£ƒ3cÃã##3ƒ““““““ƒs“bÃÃãÆ7W'&VçEöWö6…öf–ÆUö–çFVw&—G•öæ÷E÷FV×÷&Åö6ö×&&–Æ—G£ƒ3cÂÓã#ƒC“““““““3CƒsBÃÃãÆ7W'&VçEöWö6…öf–ÆUö–çFVw&—G•öæ÷E÷FV×÷&Åö6ö×&&–Æ—G£ƒ3c"Ãã#c3#“““““““C3ƒ2ÃÃãÆ7W'&VçEöWö6…öf–ÆUö–çFVw&—G•öæ÷E÷FV×÷&Åö6ö×&&–Æ—G£ƒ3c2ÂÓãCC#3“SSRÃÃãÆ7W'&VçEöWö6…öf–ÆUö–çFVw&—G•öæ÷E÷FV×÷&Åö6ö×&&–Æ—G£ƒ3cBÂÓã#CCsc#SƒRÃÃãÆ7W'&VçEöWö6…öf–ÆUö–çFVw&—G•öæ÷E÷FV×÷&Åö6ö×&&–Æ—G£ƒ3cRÃã3CC3SS##sBÃÃãÆ7W'&VçEöWö6…öf–ÆUö–çFVw&—G•öæ÷E÷FV×÷&Åö6ö×&&–Æ—G£ƒ3cbÃãCC#3“““““““““cƒrÃÃãÆ7W'&VçEöWö6…öf–ÆUö–çFVw&—G•öæ÷E÷FV×÷&Åö6ö×&&–Æ—G£ƒ3crÂÓãCscS“3’ÃÃãÆ7W'&VçEöWö6…öf–ÆUö–çFVw&—G•öæ÷E÷FV×÷&Åö6ö×&&–Æ—G£ƒ3c‚ÂÓã“3sScs‚ÃÃãÆ7W'&VçEöWö6…öf–ÆUö–çFVw&—G•öæ÷E÷FV×÷&Åö6ö×&&–Æ—G£ƒ3c’Ããs3C3““““““ƒcc3SRÃÃãÆ7W'&VçEöWö6…öf–ÆUö–çFVw&—G•öæ÷E÷FV×÷&Åö6ö×&&–Æ—G£ƒ3sÂÓã3#“““““““ƒS33crÃÃãÆ7W'&VçEöWö6…öf–ÆUö–çFVw&—G•öæ÷E÷FV×÷&Åö6ö×&&–Æ—G£ƒ3sÂÓã33““CS#“#BÃÃãÆ7W'&VçEöWö6…öf–ÆUö–çFVw&—G•öæ÷E÷FV×÷&Åö6ö×&&–Æ—G£ƒ3s"ÂÓã3S##“““RÃÃãÆ7W'&VçEöWö6…öf–ÆUö–çFVw&—G•öæ÷E÷FV×÷&Åö6ö×&&–Æ—G£ƒ3s2Ãã3C#s“““““““ƒS33rÃÃãÆ7W'&VçEöWö6…öf–ÆUö–çFVw&—G•öæ÷E÷FV×÷&Åö6ö×&&–Æ—G£ƒ3sBÂÓã#Cƒ“S“cCbÃÃãÆ7W'&VçEöWö6…öf–ÆUö–çFVw&—G•öæ÷E÷FV×÷&Åö6ö×&&–Æ—G£ƒ3sRÂÓãs“##SCC3S‚ÃÃãÆ7W'&VçEöWö6…öf–ÆUö–çFVw&—G•öæ÷E÷FV×÷&Åö6ö×&&–Æ—G£ƒ3sbÂÓã3“ƒ“BÃÃãÆ7W'&VçEöWö6…öf–ÆUö–çFVw&—G•öæ÷E÷FV×÷&Åö6ö×&&–Æ—G£ƒ3srÃã3ss““““““““c“s3"ÃÃãÆ7W'&VçEöWö6…öf–ÆUö–çFVw&—G•öæ÷E÷FV×÷&Åö6ö×&&–Æ—G£ƒ3s‚ÂÓã#SsCc“sSbÃÃãÆ7W'&VçEöWö6…öf–ÆUö–çFVw&—G•öæ÷E÷FV×÷&Åö6ö×&&–Æ—G£ƒ3s’ÃãCcsccCsBÃÃãÆ7W'&VçEöWö6…öf–ÆUö–çFVw&—G•öæ÷E÷FV×÷&Åö6ö×&&–Æ—G£ƒ3ƒÃãƒs3““““““sCƒssSrÃÃãÆ7W'&VçEöWö6…öf–ÆUö–çFVw&—G•öæ÷E÷FV×÷&Åö6ö×&&–Æ—G£ƒ3ƒÃã“cs““““““CCBÃÃãÆ7W'&VçEöWö6…öf–ÆUö–çFVw&—G•öæ÷E÷FV×÷&Åö6ö×&&–Æ—G£ƒ3ƒ"Ãã3ƒs3#C#BÃÃãÆ7W'&VçEöWö6…öf–ÆUö–çFVw&—G•öæ÷E÷FV×÷&Åö6ö×&&–Æ—G£ƒ3ƒ2ÃãCCS#S3c‚ÃÃãÆ7W'&VçEöWö6…öf–ÆUö–çFVw&—G•öæ÷E÷FV×÷&Åö6ö×&&–Æ—G£ƒ3ƒBÂÓãScs““““““3#““2ÃÃãÆ7W'&VçEöWö6…öf–ÆUö–çFVw&—G•öæ÷E÷FV×÷&Åö6ö×&&–Æ—G£ƒ3ƒRÂÓãS#“s““““““ƒ“33cBÃÃãÆ7W'&VçEöWö6…öf–ÆUö–çFVw&—G•öæ÷E÷FV×÷&Åö6ö×&&–Æ—G£ƒ3ƒbÃã“scCc#“rÃÃãÆ7W'&VçEöWö6…öf–ÆUö–çFVw&—G•öæ÷E÷FV×÷&Åö6ö×&&–Æ—G£ƒ3ƒrÂÓã3s“““““““ƒ“sRÃÃãÆ7W'&VçEöWö6…öf–ÆUö–çFVw&—G•öæ÷E÷FV×÷&Åö6ö×&&–Æ—G£ƒ3ƒ‚ÂÓãs“““““““C3ƒ3#2ÃÃãÆ7W'&VçEöWö6…öf–ÆUö–çFVw&—G•öæ÷E÷FV×÷&Åö6ö×&&–Æ—G£ƒ3ƒ’Ãã#““““““““ƒ#ƒƒrÃÃãÆ7W'&VçEöWö6…öf–ÆUö–çFVw&—G•öæ÷E÷FV×÷&Åö6ö×&&–Æ—G£ƒ3“ÂÓãƒSC“““““““#3cbÃÃãÆ7W'&VçEöWö6…öf–ÆUö–çFVw&—G•öæ÷E÷FV×÷&Åö6ö×&&–Æ—G£ƒ3“Ãã33“##ccÃÃãÆ7W'&VçEöWö6…öf–ÆUö–çFVw&—G•öæ÷E÷FV×÷&Åö6ö×&&–Æ—G£ƒ3“"Ãã3S“ccSƒ“bÃÃãÆ7W'&VçEöWö6…öf–ÆUö–çFVw&—G•öæ÷E÷FV×÷&Åö6ö×&&–Æ—G£ƒ3“2ÂÓã3Scƒ3“CCBÃÃãÆ7W'&VçEöWö6…öf–ÆUö–çFVw&—G•öæ÷E÷FV×÷&Åö6ö×&&–Æ—G£ƒ3“BÃã#sS#3csƒrÃÃãÆ7W'&VçEöWö6…öf–ÆUö–çFVw&—G•öæ÷E÷FV×÷&Åö6ö×&&–Æ—G£ƒ3“RÂÓãC33s#3#bÃÃãÆ7W'&VçEöWö6…öf–ÆUö–çFVw&—G•öæ÷E÷FV×÷&Åö6ö×&&–Æ—G£ƒ3“bÂÓãC“#C#s“rÃÃãÆ7W'&VçEöWö6…öf–ÆUö–çFVw&—G•öæ÷E÷FV×÷&Åö6ö×&&–Æ—G£ƒ3“rÂÓãCsc33C“c3“RÃÃãÆ7W'&VçEöWö6…öf–ÆUö–çFVw&—G•öæ÷E÷FV×÷&Åö6ö×&&–Æ—G£ƒ3“‚ÂÓãCƒ3sCSbÃÃãÆ7W'&VçEöWö6…öf–ÆUö–çFVw&—G•öæ÷E÷FV×÷&Åö6ö×&&–Æ—G£ƒ3“’ÂÓã#“sC3“CƒƒÃÃãÆ7W'&VçEöWö6…öf–ÆUö–çFVw&—G•öæ÷E÷FV×÷&Åö6ö×&&–Æ—G£ƒCÂÓã3“ƒ“““““““ƒS“’ÃÃãÆ7W'&VçEöWö6…öf–ÆUö–çFVw&—G•öæ÷E÷FV×÷&Åö6ö×&&–Æ—G£ƒCÃã#“ƒ“““““““““cƒrÃÃãÆ7W'&VçEöWö6…öf–ÆUö–çFVw&—G•öæ÷E÷FV×÷&Åö6ö×&&–Æ—G£ƒC"Ãã#SCƒƒ“CBÃÃãÆ7W'&VçEöWö6…öf–ÆUö–çFVw&—G•öæ÷E÷FV×÷&Åö6ö×&&–Æ—G£ƒC2ÃãssCƒC#ƒsrÃÃãÆ7W'&VçEöWö6…öf–ÆUö–çFVw&—G•öæ÷E÷FV×÷&Åö6ö×&&–Æ—G£ƒCBÃãCƒ“““““““cS3ƒ"ÃÃãÆ7W'&VçEöWö6…öf–ÆUö–çFVw&—G•öæ÷E÷FV×÷&Åö6ö×&&–Æ—G£ƒCRÂÓã#33ssƒSbÃÃãÆ7W'&VçEöWö6…öf–ÆUö–çFVw&—G•öæ÷E÷FV×÷&Åö6ö×&&–Æ—G£ƒCbÃãCss3s““““““cc#ƒbÃÃãÆ7W'&VçEöWö6…öf–ÆUö–çFVw&—G•öæ÷E÷FV×÷&Åö6ö×&&–Æ—G£ƒC‚ÃãCc##“3###bÃÃãÆ7W'&VçEöWö6…öf–ÆUö–çFVw&—G•öæ÷E÷FV×÷&Åö6ö×&&–Æ—G£ƒC’ÃãCS“32ÃÃãÆ7W'&VçEöWö6…öf–ÆUö–çFVw&—G•öæ÷E÷FV×÷&Åö6ö×&&–Æ—G£ƒCÂÓã#“cC3#CcrÃÃãÆ7W'&VçEöWö6…öf–ÆUö–çFVw&—G•öæ÷E÷FV×÷&Åö6ö×&&–Æ—G£ƒCÃã##s““““““s#“#‚ÃÃãÆ7W'&VçEöWö6…öf–ÆUö–çFVw&—G•öæ÷E÷FV×÷&Åö6ö×&&–Æ—G£ƒC"ÂÓãC“ƒCc“S#3"ÃÃãÆ7W'&VçEöWö6…öf–ÆUö–çFVw&—G•öæ÷E÷FV×÷&Åö6ö×&&–Æ—G£ƒC2Ãã“#cC“ÃÃãÆ7W'&VçEöWö6…öf–ÆUö–çFVw&—G•öæ÷E÷FV×÷&Åö6ö×&&–Æ—G£ƒCBÃã#C#ƒc#bÃÃãÆ7W'&VçEöWö6…öf–ÆUö–çFVw&—G•öæ÷E÷FV×÷&Åö6ö×&&–Æ—G£ƒCRÃãƒsc33bÃÃãÆ7W'&VçEöWö6…öf–ÆUö–çFVw&—G•öæ÷E÷FV×÷&Åö6ö×&&–Æ—G£ƒCbÃã3“#ƒCC33bÃÃãÆ7W'&VçEöWö6…öf–ÆUö–çFVw&—G•öæ÷E÷FV×÷&Åö6ö×&&–Æ—G£ƒCrÃã3ScS#cSRÃÃãÆ7W'&VçEöWö6…öf–ÆUö–çFVw&—G•öæ÷E÷FV×÷&Åö6ö×&&–Æ—G£ƒC‚ÂÓãCSc“““““““3ccrÃÃãÆ7W'&VçEöWö6…öf–ÆUö–çFVw&—G•öæ÷E÷FV×÷&Åö6ö×&&–Æ—G£ƒC’ÃãSs3“““““““S“3cBÃÃãÆ7W'&VçEöWö6…öf–ÆUö–çFVw&—G•öæ÷E÷FV×÷&Åö6ö×&&–Æ—G£ƒC#ÃãC#c“sC3srÃÃãÆ7W'&VçEöWö6…öf–ÆUö–çFVw&—G•öæ÷E÷FV×÷&Åö6ö×&&–Æ—G£ƒC#"Ããs“cSSScƒ2ÃÃãÆ7W'&VçEöWö6…öf–ÆUö–çFVw&—G•öæ÷E÷FV×÷&Åö6ö×&&–Æ—G£ƒC#2ÂÓãs“Ss3“3RÃÃãÆ7W'&VçEöWö6…öf–ÆUö–çFVw&—G•öæ÷E÷FV×÷&Åö6ö×&&–Æ—G£ƒC#BÃãƒCcssscSBÃÃãÆ7W'&VçEöWö6…öf–ÆUö–çFVw&—G•öæ÷E÷FV×÷&Åö6ö×&&–Æ—G£ƒC#RÃãC“sƒscSCbÃÃãÆ7W'&VçEöWö6…öf–ÆUö–çFVw&—G•öæ÷E÷FV×÷&Åö6ö×&&–Æ—G£ƒC#bÂÓã#S““CSc3RÃÃãÆ7W'&VçEöWö6…öf–ÆUö–çFVw&—G•öæ÷E÷FV×÷&Åö6ö×&&–Æ—G£ƒC#rÂÓã#3s3““““““ƒ3cƒs"ÃÃãÆ7W'&VçEöWö6…öf–ÆUö–çFVw&—G•öæ÷E÷FV×÷&Åö6ö×&&–Æ—G£ƒC#‚ÂÓã“#““““““““3CƒsBÃÃãÆ7W'&VçEöWö6…öf–ÆUö–çFVw&—G•öæ÷E÷FV×÷&Åö6ö×&&–Æ—G£ƒC#’Ãã3#s3CCs3RÃÃãÆ7W'&VçEöWö6…öf–ÆUö–çFVw&—G•öæ÷E÷FV×÷&Åö6ö×&&–Æ—G£ƒC3Ãã#3“c##ƒc3‚ÃÃãÆ7W'&VçEöWö6…öf–ÆUö–çFVw&—G•öæ÷E÷FV×÷&Åö6ö×&&–Æ—G£ƒC3ÂÓãƒ#3#SsS’ÃÃãÆ7W'&VçEöWö6…öf–ÆUö–çFVw&—G•öæ÷E÷FV×÷&Åö6ö×&&–Æ—G£ƒC3"ÂÓãSS“““““““sscCƒ#bÃÃãÆ7W'&VçEöWö6…öf–ÆUö–çFVw&—G•öæ÷E÷FV×÷&Åö6ö×&&–Æ—G£ƒC32ÂÓã3Sƒc3S“C“RÃÃãÆ7W'&VçEöWö6…öf–ÆUö–çFVw&—G•öæ÷E÷FV×÷&Åö6ö×&&–Æ—G£ƒC3BÂÓãc#3CCSƒ“3RÃÃãÆ7W'&VçEöWö6…öf–ÆUö–çFVw&—G•öæ÷E÷FV×÷&Åö6ö×&&–Æ—G£ƒC3RÃã3cSCSc3CƒbÃÃãÆ7W'&VçEöWö6…öf–ÆUö–çFVw&—G•öæ÷E÷FV×÷&Åö6ö×&&–Æ—G£ƒC3bÃã3Sƒ2ÃÃãÆ7W'&VçEöWö6…öf–ÆUö–çFVw&—G•öæ÷E÷FV×÷&Åö6ö×&&–Æ—G£ƒC3rÂÓã3cƒ3Sƒ3bÃÃãÆ7W'&VçEöWö6…öf–ÆUö–çFVw&—G•öæ÷E÷FV×÷&Åö6ö×&&–Æ—G£ƒC3‚ÂÓ2ã““““““ƒ“ƒ“SSvRÓRÃÃãÆ7W'&VçEöWö6…öf–ÆUö–çFVw&—G•öæ÷E÷FV×÷&Åö6ö×&&–Æ—G£ƒC3’ÂÓãƒ“C3BÃÃãÆ7W'&VçEöWö6…öf–ÆUö–çFVw&—G•öæ÷E÷FV×÷&Åö6ö×&&–Æ—G£ƒCCÂÓãssc#3“ƒbÃÃãÆ7W'&VçEöWö6…öf–ÆUö–çFVw&—G•öæ÷E÷FV×÷&Åö6ö×&&–Æ—G£ƒCCÃã#3#S““““““ƒƒCSbÃÃãÆ7W'&VçEöWö6…öf–ÆUö–çFVw&—G•öæ÷E÷FV×÷&Åö6ö×&&–Æ—G£ƒCC"Ãã####c##s“BÃÃãÆ7W'&VçEöWö6…öf–ÆUö–çFVw&—G•öæ÷E÷FV×÷&Åö6ö×&&–Æ—G£ƒCC2Ãã#““sƒ“#ÃÃãÆ7W'&VçEöWö6…öf–ÆUö–çFVw&—G•öæ÷E÷FV×÷&Åö6ö×&&–Æ—G£ƒCCBÃãS#CƒC#ƒƒsBÃÃãÆ7W'&VçEöWö6…öf–ÆUö–çFVw&—G•öæ÷E÷FV×÷&Åö6ö×&&–Æ—G£ƒCCRÂÓãC“#s““““““sƒcRÃÃãÆ7W'&VçEöWö6…öf–ÆUö–çFVw&—G•öæ÷E÷FV×÷&Åö6ö×&&–Æ—G£ƒCCbÂÓãCƒƒS3““““““ƒCcScRÃÃãÆ7W'&VçEöWö6…öf–ÆUö–çFVw&—G•öæ÷E÷FV×÷&Åö6ö×&&–Æ—G£ƒCCrÃã“sCCSc3C‚ÃÃãÆ7W'&VçEöWö6…öf–ÆUö–çFVw&—G•öæ÷E÷FV×÷&Åö6ö×&&–Æ—G£ƒCC‚Ãã3ƒ3ƒ““““““ƒcc“ƒbÃÃãÆ7W'&VçEöWö6…öf–ÆUö–çFVw&—G•öæ÷E÷FV×÷&Åö6ö×&&–Æ—G£ƒCC’Ãã#CcS“““““““cƒ33RÃÃãÆ7W'&VçEöWö6…öf–ÆUö–çFVw&—G•öæ÷E÷FV×÷&Åö6ö×&&–Æ—G£ƒCSÃãCCc“““ƒbÃÃãÆ7W'&VçEöWö6…öf–ÆUö–çFVw&—G•öæ÷E÷FV×÷&Åö6ö×&&–Æ—G£ƒCSÂÓãS3C33S2ÃÃãÆ7W'&VçEöWö6…öf–ÆUö–çFVw&—G•öæ÷E÷FV×÷&Åö6ö×&&–Æ—G£ƒCS"ÂÓãC#s“3S#ƒ“’ÃÃãÆ7W'&VçEöWö6…öf–ÆUö–çFVw&—G•öæ÷E÷FV×÷&Åö6ö×&&–Æ—G£ƒCS2Ãã“CsCccƒ2ÃÃãÆ7W'&VçEöWö6…öf–ÆUö–çFVw&—G•öæ÷E÷FV×÷&Åö6ö×&&–Æ—G£ƒCSBÂÓã#“ƒSCC#3‚ÃÃãÆ7W'&VçEöWö6…öf–ÆUö–çFVw&—G•öæ÷E÷FV×÷&Åö6ö×&&–Æ—G£ƒCSRÂÓã“CCsS“#‚ÃÃãÆ7W'&VçEöWö6…öf–ÆUö–çFVw&—G•öæ÷E÷FV×÷&Åö6ö×&&–Æ—G£ƒCSbÂÓã3#S“““““““Scc“3RÃÃãÆ7W'&VçEöWö6…öf–ÆUö–çFVw&—G•öæ÷E÷FV×÷&Åö6ö×&&–Æ—G£ƒCSrÂÓãCS#““““““scƒ‚ÃÃãÆ7W'&VçEöWö6…öf–ÆUö–çFVw&—G•öæ÷E÷FV×÷&Åö6ö×&&–Æ—G£ƒCS‚ÂÓã3C33““““““““Cƒ‚ÃÃãÆ7W'&VçEöWö6…öf–ÆUö–çFVw&—G•öæ÷E÷FV×÷&Åö6ö×&&–Æ—G£ƒCS’ÃãCcƒs““““““s“’ÃÃãÆ7W'&VçEöWö6…öf–ÆUö–çFVw&—G•öæ÷E÷FV×÷&Åö6ö×&&–Æ—G£ƒCcÂÓãC“““““““““Cs“#2ÃÃãÆ7W'&VçEöWö6…öf–ÆUö–çFVw&—G•öæ÷E÷FV×÷&Åö6ö×&&–Æ—G£ƒCcÃãC#“S“““““““cƒ33RÃÃãÆ7W'&VçEöWö6…öf–ÆUö–çFVw&—G•öæ÷E÷FV×÷&Åö6ö×&&–Æ—G£ƒCc"ÂÓã#3sc“““““““ƒsƒ“2ÃÃãÆ7W'&VçEöWö6…öf–ÆUö–çFVw&—G•öæ÷E÷FV×÷&Åö6ö×&&–Æ—G£ƒCc2ÂÓãcc#“““““““s3c‚ÃÃãÆ7W'&VçEöWö6…öf–ÆUö–çFVw&—G•öæ÷E÷FV×÷&Åö6ö×&&–Æ—G£ƒCcBÃãCcsScScS‚ÃÃãÆ7W'&VçEöWö6…öf–ÆUö–çFVw&—G•öæ÷E÷FV×÷&Åö6ö×&&–Æ—G£ƒCcRÃã3“ccs3ÃÃãÆ7W'&VçEöWö6…öf–ÆUö–çFVw&—G•öæ÷E÷FV×÷&Åö6ö×&&–Æ—G£ƒCcbÃã#ƒ##“ƒ#2ÃÃãÆ7W'&VçEöWö6…öf–ÆUö–çFVw&—G•öæ÷E÷FV×÷&Åö6ö×&&–Æ—G£ƒCcrÃã3ƒc#ƒ#RÃÃãÆ7W'&VçEöWö6…öf–ÆUö–çFVw&—G•öæ÷E÷FV×÷&Åö6ö×&&–Æ—G£ƒCc‚Ãã“ƒs3ƒ3sRÃÃãÆ7W'&VçEöWö6…öf–ÆUö–çFVw&—G•öæ÷E÷FV×÷&Åö6ö×&&–Æ—G£ƒCc’ÂÓã#Cƒ3““““““cSSƒRÃÃãÆ7W'&VçEöWö6…öf–ÆUö–çFVw&—G•öæ÷E÷FV×÷&Åö6ö×&&–Æ—G£ƒCsÃãƒƒ““““““““3“CcBÃÃãÆ7W'&VçEöWö6…öf–ÆUö–çFVw&—G•öæ÷E÷FV×÷&Åö6ö×&&–Æ—G£ƒCsÃãC3C“““““““SSbÃÃãÆ7W'&VçEöWö6…öf–ÆUö–çFVw&—G•öæ÷E÷FV×÷&Åö6ö×&&–Æ—G£ƒCs"ÂÓã3s###S#c2ÃÃãÆ7W'&VçEöWö6…öf–ÆUö–çFVw&—G•öæ÷E÷FV×÷&Åö6ö×&&–Æ—G£ƒCs2ÂÓã#s3““““““cƒssbÃÃãÆ7W'&VçEöWö6…öf–ÆUö–çFVw&—G•öæ÷E÷FV×÷&Åö6ö×&&–Æ—G£ƒCsBÂÓãsC3S““““““ƒsSCbÃÃãÆ7W'&VçEöWö6…öf–ÆUö–çFVw&—G•öæ÷E÷FV×÷&Åö6ö×&&–Æ—G£ƒCsRÃãCSs##“3CbÃÃãÆ7W'&VçEöWö6…öf–ÆUö–çFVw&—G•öæ÷E÷FV×÷&Åö6ö×&&–Æ—G£ƒCsbÃãC3s3SS#BÃÃãÆ7W'&VçEöWö6…öf–ÆUö–çFVw&—G•öæ÷E÷FV×÷&Åö6ö×&&–Æ—G£ƒCsrÂÓã#C3“““““““ƒ“sSSRÃÃãÆ7W'&VçEöWö6…öf–ÆUö–çFVw&—G•öæ÷E÷FV×÷&Åö6ö×&&–Æ—G£ƒCs‚ÂÓã##“““““““ƒcC“Sƒ#2ÃÃãÆ7W'&VçEöWö6…öf–ÆUö–çFVw&—G•öæ÷E÷FV×÷&Åö6ö×&&–Æ—G£ƒCs’ÂÓãCƒ#“#cccbÃÃãÆ7W'&VçEöWö6…öf–ÆUö–çFVw&—G•öæ÷E÷FV×÷&Åö6ö×&&–Æ—G£ƒCƒÂÓãCCCs“““““““sCƒSC2ÃÃãÆ7W'&VçEöWö6…öf–ÆUö–çFVw&—G•öæ÷E÷FV×÷&Åö6ö×&&–Æ—G£ƒCƒÃã#“““““““s3“##“rÃÃãÆ7W'&VçEöWö6…öf–ÆUö–çFVw&—G•öæ÷E÷FV×÷&Åö6ö×&&–Æ—G£ƒCƒ"ÂÓãC3s#CCcRÃÃãÆ7W'&VçEöWö6…öf–ÆUö–çFVw&—G•öæ÷E÷FV×÷&Åö6ö×&&–Æ—G£ƒCƒ2ÂÓã33c““““““ƒ“CscRÃÃãÆ7W'&VçEöWö6…öf–ÆUö–çFVw&—G•öæ÷E÷FV×÷&Åö6ö×&&–Æ—G£ƒCƒBÃãƒ“ccSƒ“bÃÃãÆ7W'&VçEöWö6…öf–ÆUö–çFVw&—G•öæ÷E÷FV×÷&Åö6ö×&&–Æ—G£ƒCƒRÃã#S3cSCSsSRÃÃãÆ7W'&VçEöWö6…öf–ÆUö–çFVw&—G•öæ÷E÷FV×÷&Åö6ö×&&–Æ—G£ƒCƒbÂÓãc#cCsC“sRÃÃãÆ7W'&VçEöWö6…öf–ÆUö–çFVw&—G•öæ÷E÷FV×÷&Åö6ö×&&–Æ—G£ƒCƒrÂÓãCƒ33sCs’ÃÃãÆ7W'&VçEöWö6…öf–ÆUö–çFVw&—G•öæ÷E÷FV×÷&Åö6ö×&&–Æ—G£ƒCƒ‚ÂÓãCƒsc33#cC2ÃÃãÆ7W'&VçEöWö6…öf–ÆUö–çFVw&—G•öæ÷E÷FV×÷&Åö6ö×&&–Æ—G£ƒCƒ’ÂÓã3S#c““““““333sÃÃãÆ7W'&VçEöWö6…öf–ÆUö–çFVw&—G•öæ÷E÷FV×÷&Åö6ö×&&–Æ—G£ƒC“Ãã3C#3“““““““CƒcÃÃãÆ7W'&VçEöWö6…öf–ÆUö–çFVw&—G•öæ÷E÷FV×÷&Åö6ö×&&–Æ—G£ƒC“ÂÓãSsc““““““Ccc3S"ÃÃãÆ7W'&VçEöWö6…öf–ÆUö–çFVw&—G•öæ÷E÷FV×÷&Åö6ö×&&–Æ—G£ƒC“"ÂÓãCCcs##“RÃÃãÆ7W'&VçEöWö6…öf–ÆUö–çFVw&—G•öæ÷E÷FV×÷&Åö6ö×&&–Æ—G£ƒC“2ÂÓãs“#sƒBÃÃãÆ7W'&VçEöWö6…öf–ÆUö–çFVw&—G•öæ÷E÷FV×÷&Åö6ö×&&–Æ—G£ƒC“BÂÓã3CCC““““““““cs3BÃÃãÆ7W'&VçEöWö6…öf–ÆUö–çFVw&—G•öæ÷E÷FV×÷&Åö6ö×&&–Æ—G£ƒC“RÂÓãCC#c3““““““3ƒC3“bÃÃãÆ7W'&VçEöWö6…öf–ÆUö–çFVw&—G•öæ÷E÷FV×÷&Åö6ö×&&–Æ—G£ƒC“bÃãCSsC““““““ƒ“S##bÃÃãÆ7W'&VçEöWö6…öf–ÆUö–çFVw&—G•öæ÷E÷FV×÷&Åö6ö×&&–Æ—G£ƒC“rÂÓã#ƒ#cS“#bÃÃãÆ7W'&VçEöWö6…öf–ÆUö–çFVw&—G•öæ÷E÷FV×÷&Åö6ö×&&–Æ—G£ƒC“‚Ãã3ƒ“#CcƒRÃÃãÆ7W'&VçEöWö6…öf–ÆUö–çFVw&—G•öæ÷E÷FV×÷&Åö6ö×&&–Æ—G£ƒC“’Ãã#3ƒ#cƒ##ÃÃãÆ7W'&VçEöWö6…öf–ÆUö–çFVw&—G•öæ÷E÷FV×÷&Åö6ö×&&–Æ—G£ƒSÂÓã3cƒs“““““““cSSCÃÃãÆ7W'&VçEöWö6…öf–ÆUö–çFVw&—G•öæ÷E÷FV×÷&Åö6ö×&&–Æ—G£ƒSÂÓã3s#CCCs"ÃÃãÆ7W'&VçEöWö6…öf–ÆUö–çFVw&—G•öæ÷E÷FV×÷&Åö6ö×&&–Æ—G£ƒS"ÂÓãC#“3s#S2ÃÃãÆ7W'&VçEöWö6…öf–ÆUö–çFVw&—G•öæ÷E÷FV×÷&Åö6ö×&&–Æ—G£ƒS2ÂÓãCƒCCs3C‚ÃÃãÆ7W'&VçEöWö6…öf–ÆUö–çFVw&—G•öæ÷E÷FV×÷&Åö6ö×&&–Æ—G£ƒSBÂÓã#sc“““““““S#“rÃÃãÆ7W'&VçEöWö6…öf–ÆUö–çFVw&—G•öæ÷E÷FV×÷&Åö6ö×&&–Æ—G£ƒSRÃã#Sƒs““““““CcsC‚ÃÃãÆ7W'&VçEöWö6…öf–ÆUö–çFVw&—G•öæ÷E÷FV×÷&Åö6ö×&&–Æ—G£ƒSbÃãs“#““““““ƒ3C““2ÃÃãÆ7W'&VçEöWö6…öf–ÆUö–çFVw&—G•öæ÷E÷FV×÷&Åö6ö×&&–Æ—G£ƒSrÃã#scƒS#ƒ“’ÃÃãÆ7W'&VçEöWö6…öf–ÆUö–çFVw&—G•öæ÷E÷FV×÷&Åö6ö×&&–Æ—G£ƒS‚ÂÓãccCcs‚ÃÃãÆ7W'&VçEöWö6…öf–ÆUö–çFVw&—G•öæ÷E÷FV×÷&Åö6ö×&&–Æ—G£ƒS’ÂÓãCCƒ3“S“ƒ2ÃÃãÆ7W'&VçEöWö6…öf–ÆUö–çFVw&—G•öæ÷E÷FV×÷&Åö6ö×&&–Æ—G£ƒSÂÓã3ƒC“CSc3RÃÃãÆ7W'&VçEöWö6…öf–ÆUö–çFVw&—G•öæ÷E÷FV×÷&Åö6ö×&&–Æ—G£ƒSÃã3#3S#S3s3s2ÃÃãÆ7W'&VçEöWö6…öf–ÆUö–çFVw&—G•öæ÷E÷FV×÷&Åö6ö×&&–Æ—G£ƒS"ÃãCSs“““““““C3ƒ2ÃÃãÆ7W'&VçEöWö6…öf–ÆUö–çFVw&—G•öæ÷E÷FV×÷&Åö6ö×&&–Æ—G£ƒS2ÃãS#s“SScRÃÃãÆ7W'&VçEöWö6…öf–ÆUö–çFVw&—G•öæ÷E÷FV×÷&Åö6ö×&&–Æ—G£ƒSBÃã3sc““““““ƒc#cC#bÃÃãÆ7W'&VçEöWö6…öf–ÆUö–çFVw&—G•öæ÷E÷FV×÷&Åö6ö×&&–Æ—G£ƒSRÂÓãsC““““““cc33#rÃÃãÆ7W'&VçEöWö6…öf–ÆUö–çFVw&—G•öæ÷E÷FV×÷&Åö6ö×&&–Æ—G£ƒSbÃã33cs2ÃÃãÆ7W'&VçEöWö6…öf–ÆUö–çFVw&—G•öæ÷E÷FV×÷&Åö6ö×&&–Æ—G£ƒSrÂÓã3S“C“““““““3ƒS#rÃÃãÆ7W'&VçEöWö6…öf–ÆUö–çFVw&—G•öæ÷E÷FV×÷&Åö6ö×&&–Æ—G£ƒS‚ÃãSC3““““““““CC"ÃÃãÆ7W'&VçEöWö6…öf–ÆUö–çFVw&—G•öæ÷E÷FV×÷&Åö6ö×&&–Æ—G£ƒS’ÂÓã“C“““““““Cƒsss#bÃÃãÆ7W'&VçEöWö6…öf–ÆUö–çFVw&—G•öæ÷E÷FV×÷&Åö6ö×&&–Æ—G£ƒS#Ãã“C#““““““#“#cbÃÃãÆ7W'&VçEöWö6…öf–ÆUö–çFVw&—G•öæ÷E÷FV×÷&Åö6ö×&&–Æ—G£ƒS#ÂÓãƒ3“““““““SCƒ3’ÃÃãÆ7W'&VçEöWö6…öf–ÆUö–çFVw&—G•öæ÷E÷FV×÷&Åö6ö×&&–Æ—G£ƒS#"ÂÓãcƒ““““““ƒƒ“c3‚ÃÃãÆ7W'&VçEöWö6…öf–ÆUö–çFVw&—G•öæ÷E÷FV×÷&Åö6ö×&&–Æ—G£ƒS#2ÂÓã3#3CS“““““““c3RÃÃãÆ7W'&VçEöWö6…öf–ÆUö–çFVw&—G•öæ÷E÷FV×÷&Åö6ö×&&–Æ—G£ƒS#BÃã3#c“ƒC’ÃÃãÆ7W'&VçEöWö6…öf–ÆUö–çFVw&—G•öæ÷E÷FV×÷&Åö6ö×&&–Æ—G£ƒS#RÃãS#CSc2ÃÃãÆ7W'&VçEöWö6…öf–ÆUö–çFVw&—G•öæ÷E÷FV×÷&Åö6ö×&&–Æ—G£ƒS#bÂÓã3“““““““cCcÃÃãÆ7W'&VçEöWö6…öf–ÆUö–çFVw&—G•öæ÷E÷FV×÷&Åö6ö×&&–Æ—G£ƒS#rÂÓãC#“3C#C#ÃÃãÆ7W'&VçEöWö6…öf–ÆUö–çFVw&—G•öæ÷E÷FV×÷&Åö6ö×&&–Æ—G£ƒS#‚ÂÓãCcc#ƒ““““““ccc"ÃÃãÆ7W'&VçEöWö6…öf–ÆUö–çFVw&—G•öæ÷E÷FV×÷&Åö6ö×&&–Æ—G£ƒS#’ÃãsSss“““““““#32ÃÃãÆ7W'&VçEöWö6…öf–ÆUö–çFVw&—G•öæ÷E÷FV×÷&Åö6ö×&&–Æ—G£ƒS3Ãã3#“CCCsrÃÃãÆ7W'&VçEöWö6…öf–ÆUö–çFVw&—G•öæ÷E÷FV×÷&Åö6ö×&&–Æ—G£ƒS3ÂÓã#“““““““ƒ333bÃÃãÆ7W'&VçEöWö6…öf–ÆUö–çFVw&—G•öæ÷E÷FV×÷&Åö6ö×&&–Æ—G£ƒS3"ÂÓãCCCC“““““““ssƒƒÃÃãÆ7W'&VçEöWö6…öf–ÆUö–çFVw&—G•öæ÷E÷FV×÷&Åö6ö×&&–Æ—G£ƒS32ÂÓã“S#““““““cC“bÃÃãÆ7W'&VçEöWö6…öf–ÆUö–çFVw&—G•öæ÷E÷FV×÷&Åö6ö×&&–Æ—G£ƒS3BÂÓãccs#““““““sƒsBÃÃãÆ7W'&VçEöWö6…öf–ÆUö–çFVw&—G•öæ÷E÷FV×÷&Åö6ö×&&–Æ—G£ƒS3RÂÓãC33c2ÃÃãÆ7W'&VçEöWö6…öf–ÆUö–çFVw&—G•öæ÷E÷FV×÷&Åö6ö×&&–Æ—G£ƒS3bÂÓã#s3S#CCSRÃÃãÆ7W'&VçEöWö6…öf–ÆUö–çFVw&—G•öæ÷E÷FV×÷&Åö6ö×&&–Æ—G£ƒS3rÃã3S“S“““““““c3RÃÃãÆ7W'&VçEöWö6…öf–ÆUö–çFVw&—G•öæ÷E÷FV×÷&Åö6ö×&&–Æ—G£ƒS3‚Ãã#cS“ƒ“““““““ƒsC#rÃÃãÆ7W'&VçEöWö6…öf–ÆUö–çFVw&—G•öæ÷E÷FV×÷&Åö6ö×&&–Æ—G£ƒS3’Ãã3#“ƒ““““““#ƒƒ“3RÃÃãÆ7W'&VçEöWö6…öf–ÆUö–çFVw&—G•öæ÷E÷FV×÷&Åö6ö×&&–Æ—G£ƒSCÃã#sƒ3SCcrÃÃãÆ7W'&VçEöWö6…öf–ÆUö–çFVw&—G•öæ÷E÷FV×÷&Åö6ö×&&–Æ—G£ƒSCÃã#scs3’ÃÃãÆ7W'&VçEöWö6…öf–ÆUö–çFVw&—G•öæ÷E÷FV×÷&Åö6ö×&&–Æ—G£ƒSC"ÂÓã3“s“SS‚ÃÃãÆ7W'&VçEöWö6…öf–ÆUö–çFVw&—G•öæ÷E÷FV×÷&Åö6ö×&&–Æ—G£ƒSC2Ãã#Cƒ#““““““ssCc"ÃÃãÆ7W'&VçEöWö6…öf–ÆUö–çFVw&—G•öæ÷E÷FV×÷&Åö6ö×&&–Æ—G£ƒSCBÂÓã3cc“““““““c“#cc3bÃÃãÆ7W'&VçEöWö6…öf–ÆUö–çFVw&—G•öæ÷E÷FV×÷&Åö6ö×&&–Æ—G£ƒSCRÃãs#ƒ#sSÃÃãÆ7W'&VçEöWö6…öf–ÆUö–çFVw&—G•öæ÷E÷FV×÷&Åö6ö×&&–Æ—G£ƒSCbÂÓã333CccSsrÃÃãÆ7W'&VçEöWö6…öf–ÆUö–çFVw&—G•öæ÷E÷FV×÷&Åö6ö×&&–Æ—G£ƒSCrÃã#c#ssƒƒBÃÃãÆ7W'&VçEöWö6…öf–ÆUö–çFVw&—G•öæ÷E÷FV×÷&Åö6ö×&&–Æ—G£ƒSC‚ÂÓãs3C#“#2ÃÃãÆ7W'&VçEöWö6…öf–ÆUö–çFVw&—G•öæ÷E÷FV×÷&Åö6ö×&&–Æ—G£ƒSC’ÂÓã#““3““““““SC3“"ÃÃãÆ7W'&VçEöWö6…öf–ÆUö–çFVw&—G•öæ÷E÷FV×÷&Åö6ö×&&–Æ—G£ƒSSÂÓã#“#3“ss’ÃÃãÆ7W'&VçEöWö6…öf–ÆUö–çFVw&—G•öæ÷E÷FV×÷&Åö6ö×&&–Æ—G£ƒSSÂÓãSS#“““““““ƒS33rÃÃãÆ7W'&VçEöWö6…öf–ÆUö–çFVw&—G•öæ÷E÷FV×÷&Åö6ö×&&–Æ—G£ƒSS"ÃãcƒS###rÃÃãÆ7W'&VçEöWö6…öf–ÆUö–çFVw&—G•öæ÷E÷FV×÷&Åö6ö×&&–Æ—G£ƒSS2ÂÓãCSs““““““ƒs“3“BÃÃãÆ7W'&VçEöWö6…öf–ÆUö–çFVw&—G•öæ÷E÷FV×÷&Åö6ö×&&–Æ—G£ƒSSBÂÓã#s“Sƒ““““““ƒ#s“BÃÃãÆ7W'&VçEöWö6…öf–ÆUö–çFVw&—G•öæ÷E÷FV×÷&Åö6ö×&&–Æ—G£ƒSSRÃã“ƒsƒ#csrÃÃãÆ7W'&VçEöWö6…öf–ÆUö–çFVw&—G•öæ÷E÷FV×÷&Åö6ö×&&–Æ—G£ƒSSbÂÓã3C#3““““““cC“ƒ##rÃÃãÆ7W'&VçEöWö6…öf–ÆUö–çFVw&—G•öæ÷E÷FV×÷&Åö6ö×&&–Æ—G£ƒSSrÃã33Cs3Sc’ÃÃãÆ7W'&VçEöWö6…öf–ÆUö–çFVw&—G•öæ÷E÷FV×÷&Åö6ö×&&–Æ—G£ƒSS‚Ãã#3“#3#rÃÃãÆ7W'&VçEöWö6…öf–ÆUö–çFVw&—G•öæ÷E÷FV×÷&Åö6ö×&&–Æ—G£ƒSS’ÂÓã3cƒc“““““““ƒC3bÃÃãÆ7W'&VçEöWö6…öf–ÆUö–çFVw&—G•öæ÷E÷FV×÷&Åö6ö×&&–Æ—G£ƒScÂÓãCcCs#CbÃÃãÆ7W'&VçEöWö6…öf–ÆUö–çFVw&—G•öæ÷E÷FV×÷&Åö6ö×&&–Æ—G£ƒSc"ÂÓãc“ƒ““““““ƒ#ƒBÃÃãÆ7W'&VçEöWö6…öf–ÆUö–çFVw&—G•öæ÷E÷FV×÷&Åö6ö×&&–Æ—G£ƒSc2ÂÓãSsc“32ÃÃãÆ7W'&VçEöWö6…öf–ÆUö–çFVw&—G•öæ÷E÷FV×÷&Åö6ö×&&–Æ—G£ƒScBÂÓã33ƒ“““““““““c#bÃÃãÆ7W'&VçEöWö6…öf–ÆUö–çFVw&—G•öæ÷E÷FV×÷&Åö6ö×&&–Æ—G£ƒScRÃãCs#csSS"ÃÃãÆ7W'&VçEöWö6…öf–ÆUö–çFVw&—G•öæ÷E÷FV×÷&Åö6ö×&&–Æ—G£ƒScbÂÓã#““3ƒƒBÃÃãÆ7W'&VçEöWö6…öf–ÆUö–çFVw&—G•öæ÷E÷FV×÷&Åö6ö×&&–Æ—G£ƒScrÃã3ƒ33“#c“RÃÃãÆ7W'&VçEöWö6…öf–ÆUö–çFVw&—G•öæ÷E÷FV×÷&Åö6ö×&&–Æ—G£ƒSc‚ÂÓã#“s3c“CC"ÃÃãÆ7W'&VçEöWö6…öf–ÆUö–çFVw&—G•öæ÷E÷FV×÷&Åö6ö×&&–Æ—G£ƒSc’Ãã#C3C“3bÃÃãÆ7W'&VçEöWö6…öf–ÆUö–çFVw&—G•öæ÷E÷FV×÷&Åö6ö×&&–Æ—G£ƒSsÃãsC“““““““s““scbÃÃãÆ7W'&VçEöWö6…öf–ÆUö–çFVw&—G•öæ÷E÷FV×÷&Åö6ö×&&–Æ—G£ƒSsÂÓã“Cc3““““““SscbÃÃãÆ7W'&VçEöWö6…öf–ÆUö–çFVw&—G•öæ÷E÷FV×÷&Åö6ö×&&–Æ—G£ƒSs"Ããss#SCSrÃÃãÆ7W'&VçEöWö6…öf–ÆUö–çFVw&—G•öæ÷E÷FV×÷&Åö6ö×&&–Æ—G£ƒSs2ÃãC“sC“““““““c“#cbÃÃãÆ7W'&VçEöWö6…öf–ÆUö–çFVw&—G•öæ÷E÷FV×÷&Åö6ö×&&–Æ—G£ƒSsBÂÓã##3ƒ““““““ƒ#cssBÃÃãÆ7W'&VçEöWö6…öf–ÆUö–çFVw&—G•öæ÷E÷FV×÷&Åö6ö×&&–Æ—G£ƒSsRÂÓãCssSC#C“RÃÃãÆ7W'&VçEöWö6…öf–ÆUö–çFVw&—G•öæ÷E÷FV×÷&Åö6ö×&&–Æ—G£ƒSsbÃã3CCsCS##bÃÃãÆ7W'&VçEöWö6…öf–ÆUö–çFVw&—G•öæ÷E÷FV×÷&Åö6ö×&&–Æ—G£ƒSsrÃã“c#3#ƒ33SRÃÃãÆ7W'&VçEöWö6…öf–ÆUö–çFVw&—G•öæ÷E÷FV×÷&Åö6ö×&&–Æ—G£ƒSs‚Ãã#ƒS3C““““““ƒ#ƒƒrÃÃãÆ7W'&VçEöWö6…öf–ÆUö–çFVw&—G•öæ÷E÷FV×÷&Åö6ö×&&–Æ—G£ƒSs’Ãã3#C#ƒbÃÃãÆ7W'&VçEöWö6…öf–ÆUö–çFVw&—G•öæ÷E÷FV×÷&Åö6ö×&&–Æ—G£ƒSƒÂÓã#C3ƒ3BÃÃãÆ7W'&VçEöWö6…öf–ÆUö–çFVw&—G•öæ÷E÷FV×÷&Åö6ö×&&–Æ—G£ƒSƒÂÓã3S#s"ÃÃãÆ7W'&VçEöWö6…öf–ÆUö–çFVw&—G•öæ÷E÷FV×÷&Åö6ö×&&–Æ—G£ƒSƒ"Ãã#33ccƒCS#"ÃÃãÆ7W'&VçEöWö6…öf–ÆUö–çFVw&—G•öæ÷E÷FV×÷&Åö6ö×&&–Æ—G£ƒSƒ2ÂÓãCsS“““““““ss““rÃÃãÆ7W'&VçEöWö6…öf–ÆUö–çFVw&—G•öæ÷E÷FV×÷&Åö6ö×&&–Æ—G£ƒSƒBÃã#3s““““““ƒ“Sc“ƒrÃÃãÆ7W'&VçEöWö6…öf–ÆUö–çFVw&—G•öæ÷E÷FV×÷&Åö6ö×&&–Æ—G£ƒSƒRÂÓãC3“ƒs#"ÃÃãÆ7W'&VçEöWö6…öf–ÆUö–çFVw&—G•öæ÷E÷FV×÷&Åö6ö×&&–Æ—G£ƒSƒbÂÓã#s3c“ƒcsrÃÃãÆ7W'&VçEöWö6…öf–ÆUö–çFVw&—G•öæ÷E÷FV×÷&Åö6ö×&&–Æ—G£ƒSƒrÂÓã3#CCSSrÃÃãÆ7W'&VçEöWö6…öf–ÆUö–çFVw&—G•öæ÷E÷FV×÷&Åö6ö×&&–Æ—G£ƒSƒ‚ÂÓã#“SS“““““““scCƒBÃÃãÆ7W'&VçEöWö6…öf–ÆUö–çFVw&—G•öæ÷E÷FV×÷&Åö6ö×&&–Æ—G£ƒSƒ’ÃãCS““““““““sC3ƒƒbÃÃãÆ7W'&VçEöWö6…öf–ÆUö–çFVw&—G•öæ÷E÷FV×÷&Åö6ö×&&–Æ—G£ƒS“ÂÓã#““““““““##ÃÃãÆ7W'&VçEöWö6…öf–ÆUö–çFVw&—G•öæ÷E÷FV×÷&Åö6ö×&&–Æ—G£ƒS“Ãã#ƒ3c““““““c“cƒSRÃÃãÆ7W'&VçEöWö6…öf–ÆUö–çFVw&—G•öæ÷E÷FV×÷&Åö6ö×&&–Æ—G£ƒS“"ÃãC“#Cƒs“c2ÃÃãÆ7W'&VçEöWö6…öf–ÆUö–çFVw&—G•öæ÷E÷FV×÷&Åö6ö×&&–Æ—G£ƒS“2Ãã3cS3ƒ#“SBÃÃãÆ7W'&VçEöWö6…öf–ÆUö–çFVw&—G•öæ÷E÷FV×÷&Åö6ö×&&–Æ—G£ƒS“BÃã“ƒ#3““““““sƒ“S"ÃÃãÆ7W'&VçEöWö6…öf–ÆUö–çFVw&—G•öæ÷E÷FV×÷&Åö6ö×&&–Æ—G£ƒS“RÂÓãS3ƒ#““cSRÃÃãÆ7W'&VçEöWö6…öf–ÆUö–çFVw&—G•öæ÷E÷FV×÷&Åö6ö×&&–Æ—G£ƒS“bÃãCƒs“““““““c“’ÃÃãÆ7W'&VçEöWö6…öf–ÆUö–çFVw&—G•öæ÷E÷FV×÷&Åö6ö×&&–Æ—G£ƒS“rÂÓã3ƒs“““““““#cC#SRÃÃãÆ7W'&VçEöWö6…öf–ÆUö–çFVw&—G•öæ÷E÷FV×÷&Åö6ö×&&–Æ—G£ƒS“‚ÃãCC““““““““s““scbÃÃãÆ7W'&VçEöWö6…öf–ÆUö–çFVw&—G•öæ÷E÷FV×÷&Åö6ö×&&–Æ—G£ƒS“’ÂÓã#CSS3SSÃÃãÆ7W'&VçEöWö6…öf–ÆUö–çFVw&—G•öæ÷E÷FV×÷&Åö6ö×&&–Æ—G£ƒcÃãCs#ƒ“““““““33ƒsbÃÃãÆ7W'&VçEöWö6…öf–ÆUö–çFVw&—G•öæ÷E÷FV×÷&Åö6ö×&&–Æ—G£ƒcÃãs“cƒ#SSCRÃÃãÆ7W'&VçEöWö6…öf–ÆUö–çFVw&—G•öæ÷E÷FV×÷&Åö6ö×&&–Æ—G£ƒc"ÂÓã3s“S3cc‚ÃÃãÆ7W'&VçEöWö6…öf–ÆUö–çFVw&—G•öæ÷E÷FV×÷&Åö6ö×&&–Æ—G£ƒc2Ãã3S##“#’ÃÃãÆ7W'&VçEöWö6…öf–ÆUö–çFVw&—G•öæ÷E÷FV×÷&Åö6ö×&&–Æ—G£ƒcBÃã3sc““cbÃÃãÆ7W'&VçEöWö6…öf–ÆUö–çFVw&—G•öæ÷E÷FV×÷&Åö6ö×&&–Æ—G£ƒcRÂÓã#C#sCCÃÃãÆ7W'&VçEöWö6…öf–ÆUö–çFVw&—G•öæ÷E÷FV×÷&Åö6ö×&&–Æ—G£ƒcbÂÓãC3ƒ3““““““““““bÃÃãÆ7W'&VçEöWö6…öf–ÆUö–çFVw&—G•öæ÷E÷FV×÷&Åö6ö×&&–Æ—G£ƒcrÂÓãCƒCSc’ÃÃãÆ7W'&VçEöWö6…öf–ÆUö–çFVw&—G•öæ÷E÷FV×÷&Åö6ö×&&–Æ—G£ƒc‚Ãã#cƒsC“sRÃÃãÆ7W'&VçEöWö6…öf–ÆUö–çFVw&—G•öæ÷E÷FV×÷&Åö6ö×&&–Æ—G£ƒc’ÃãC“CCC##C"ÃÃãÆ7W'&VçEöWö6…öf–ÆUö–çFVw&—G•öæ÷E÷FV×÷&Åö6ö×&&–Æ—G£ƒcÃã3ƒƒc““““““sC3C"ÃÃãÆ7W'&VçEöWö6…öf–ÆUö–çFVw&—G•öæ÷E÷FV×÷&Åö6ö×&&–Æ—G£ƒcÂÓãc““““““ƒC3S3s‚ÃÃãÆ7W'&VçEöWö6…öf–ÆUö–çFVw&—G•öæ÷E÷FV×÷&Åö6ö×&&–Æ—G£ƒc"ÂÓãCs“““““““cs2ÃÃãÆ7W'&VçEöWö6…öf–ÆUö–çFVw&—G•öæ÷E÷FV×÷&Åö6ö×&&–Æ—G£ƒc2ÂÓãCCCc“““““““#s3SrÃÃãÆ7W'&VçEöWö6…öf–ÆUö–çFVw&—G•öæ÷E÷FV×÷&Åö6ö×&&–Æ—G£ƒcBÃãCCsC3ss#"ÃÃãÆ7W'&VçEöWö6…öf–ÆUö–çFVw&—G•öæ÷E÷FV×÷&Åö6ö×&&–Æ—G£ƒcRÃã#sSSƒ3SSÃÃãÆ7W'&VçEöWö6…öf–ÆUö–çFVw&—G•öæ÷E÷FV×÷&Åö6ö×&&–Æ—G£ƒcbÂÓãƒS““““““S#3"ÃÃãÆ7W'&VçEöWö6…öf–ÆUö–çFVw&—G•öæ÷E÷FV×÷&Åö6ö×&&–Æ—G£ƒcrÃã3ƒƒ““““““ƒ““ccbÃÃãÆ7W'&VçEöWö6…öf–ÆUö–çFVw&—G•öæ÷E÷FV×÷&Åö6ö×&&–Æ—G£ƒc‚ÂÓãC#ƒ“cCrÃÃãÆ7W'&VçEöWö6…öf–ÆUö–çFVw&—G•öæ÷E÷FV×÷&Åö6ö×&&–Æ—G£ƒc#Ãã##3“#C2ÃÃãÆ7W'&VçEöWö6…öf–ÆUö–çFVw&—G•öæ÷E÷FV×÷&Åö6ö×&&–Æ—G£ƒc#Ãã3C““““““ƒ“ƒCƒSƒBÃÃãÆ7W'&VçEöWö6…öf–ÆUö–çFVw&—G•öæ÷E÷FV×÷&Åö6ö×&&–Æ—G£ƒc#"ÃãC“CC“s‚ÃÃãÆ7W'&VçEöWö6…öf–ÆUö–çFVw&—G•öæ÷E÷FV×÷&Åö6ö×&&–Æ—G£ƒc#2ÂÓãC3C““““““ƒ#ssRÃÃãÆ7W'&VçEöWö6…öf–ÆUö–çFVw&—G•öæ÷E÷FV×÷&Åö6ö×&&–Æ—G£ƒc#BÂÓãCSS###ƒƒrÃÃãÆ7W'&VçEöWö6…öf–ÆUö–çFVw&—G•öæ÷E÷FV×÷&Åö6ö×&&–Æ—G£ƒc#RÂÓãƒ“SsSCsrÃÃãÆ7W'&VçEöWö6…öf–ÆUö–çFVw&—G•öæ÷E÷FV×÷&Åö6ö×&&–Æ—G£ƒc#bÂÓãC#““““““““3CƒsBÃÃãÆ7W'&VçEöWö6…öf–ÆUö–çFVw&—G•öæ÷E÷FV×÷&Åö6ö×&&–Æ—G£ƒc#rÂÓã##3ƒcCrÃÃãÆ7W'&VçEöWö6…öf–ÆUö–çFVw&—G•öæ÷E÷FV×÷&Åö6ö×&&–Æ—G£ƒc#‚ÃãC3ƒc““““““sC#C’ÃÃãÆ7W'&VçEöWö6…öf–ÆUö–çFVw&—G•öæ÷E÷FV×÷&Åö6ö×&&–Æ—G£ƒc#’ÂÓã3#S““““““ss#sSs2ÃÃãÆ7W'&VçEöWö6…öf–ÆUö–çFVw&—G•öæ÷E÷FV×÷&Åö6ö×&&–Æ—G£ƒc3Ãã#Cs““““““ƒƒƒsrÃÃãÆ7W'&VçEöWö6…öf–ÆUö–çFVw&—G•öæ÷E÷FV×÷&Åö6ö×&&–Æ—G£ƒc3ÂÓã#ƒ“cc#ƒc2ÃÃãÆ7W'&VçEöWö6…öf–ÆUö–çFVw&—G•öæ÷E÷FV×÷&Åö6ö×&&–Æ—G£ƒc3"ÂÓã#“33C““““““““ƒRÃÃãÆ7W'&VçEöWö6…öf–ÆUö–çFVw&—G•öæ÷E÷FV×÷&Åö6ö×&&–Æ—G£ƒc32ÂÓãccsSƒ3#RÃÃãÆ7W'&VçEöWö6…öf–ÆUö–çFVw&—G•öæ÷E÷FV×÷&Åö6ö×&&–Æ—G£ƒc3BÂÓã3S3C“#CbÃÃãÆ7W'&VçEöWö6…öf–ÆUö–çFVw&—G•öæ÷E÷FV×÷&Åö6ö×&&–Æ—G£ƒc3RÃãC3cC““ƒ’ÃÃãÆ7W'&VçEöWö6…öf–ÆUö–çFVw&—G•öæ÷E÷FV×÷&Åö6ö×&&–Æ—G£ƒc3bÃãS“c#““““““CcC“SRÃÃãÆ7W'&VçEöWö6…öf–ÆUö–çFVw&—G•öæ÷E÷FV×÷&Åö6ö×&&–Æ—G£ƒc3rÂÓãs#“““““““3C#RÃÃãÆ7W'&VçEöWö6…öf–ÆUö–çFVw&—G•öæ÷E÷FV×÷&Åö6ö×&&–Æ—G£ƒc3‚ÂÓã“3CSBÃÃãÆ7W'&VçEöWö6…öf–ÆUö–çFVw&—G•öæ÷E÷FV×÷&Åö6ö×&&–Æ—G£ƒc3’Ãã#c“““““““sƒSs“bÃÃãÆ7W'&VçEöWö6…öf–ÆUö–çFVw&—G•öæ÷E÷FV×÷&Åö6ö×&&–Æ—G£ƒcCÂÓã#ccs33ƒrÃÃãÆ7W'&VçEöWö6…öf–ÆUö–çFVw&—G•öæ÷E÷FV×÷&Åö6ö×&&–Æ—G£ƒcCÂÓãCCS3c#BÃÃãÆ7W'&VçEöWö6…öf–ÆUö–çFVw&—G•öæ÷E÷FV×÷&Åö6ö×&&–Æ—G£ƒcC"Ãã#“c“““““““ssCSBÃÃãÆ7W'&VçEöWö6…öf–ÆUö–çFVw&—G•öæ÷E÷FV×÷&Åö6ö×&&–Æ—G£ƒcC2ÂÓãCc#s““““““ScCbÃÃãÆ7W'&VçEöWö6…öf–ÆUö–çFVw&—G•öæ÷E÷FV×÷&Åö6ö×&&–Æ—G£ƒcCBÂÓã3#C3C““““““S3#ÃÃãÆ7W'&VçEöWö6…öf–ÆUö–çFVw&—G•öæ÷E÷FV×÷&Åö6ö×&&–Æ—G£ƒcCRÃã##““““““C3“3C3ƒÃÃãÆ7W'&VçEöWö6…öf–ÆUö–çFVw&—G•öæ÷E÷FV×÷&Åö6ö×&&–Æ—G£ƒcCbÃãCS3ƒ“““““““3SC‚ÃÃãÆ7W'&VçEöWö6…öf–ÆUö–çFVw&—G•öæ÷E÷FV×÷&Åö6ö×&&–Æ—G£ƒcCrÃã“c“C““““““ssCSBÃÃãÆ7W'&VçEöWö6…öf–ÆUö–çFVw&—G•öæ÷E÷FV×÷&Åö6ö×&&–Æ—G£ƒcC‚ÃãCCS“C“s3#bÃÃãÆ7W'&VçEöWö6…öf–ÆUö–çFVw&—G•öæ÷E÷FV×÷&Åö6ö×&&–Æ—G£ƒcC’ÃãCSSS““““““ƒcSƒƒ“RÃÃãÆ7W'&VçEöWö6…öf–ÆUö–çFVw&—G•öæ÷E÷FV×÷&Åö6ö×&&–Æ—G£ƒcSÃã3ƒ#““““““ƒ“ƒ#S2ÃÃãÆ7W'&VçEöWö6…öf–ÆUö–çFVw&—G•öæ÷E÷FV×÷&Åö6ö×&&–Æ—G£ƒcSÃã#cSS3C#ƒ’ÃÃãÆ7W'&VçEöWö6…öf–ÆUö–çFVw&—G•öæ÷E÷FV×÷&Åö6ö×&&–Æ—G£ƒcS"ÃãCs#ƒ“““““““33ƒsbÃÃãÆ7W'&VçEöWö6…öf–ÆUö–çFVw&—G•öæ÷E÷FV×÷&Åö6ö×&&–Æ—G£ƒcS2ÂÓãCƒcƒ#C“S“BÃÃãÆ7W'&VçEöWö6…öf–ÆUö–çFVw&—G•öæ÷E÷FV×÷&Åö6ö×&&–Æ—G£ƒcSBÂÓã“ScCRÃÃãÆ7W'&VçEöWö6…öf–ÆUö–çFVw&—G•öæ÷E÷FV×÷&Åö6ö×&&–Æ—G£ƒcSRÃãCS“3##SƒCbÃÃãÆ7W'&VçEöWö6…öf–ÆUö–çFVw&—G•öæ÷E÷FV×÷&Åö6ö×&&–Æ—G£ƒcSbÂÓãCƒƒ3c3s“bÃÃãÆ7W'&VçEöWö6…öf–ÆUö–çFVw&—G•öæ÷E÷FV×÷&Åö6ö×&&–Æ—G£ƒcSrÂÓã3#cC“““““““SSsc"ÃÃãÆ7W'&VçEöWö6…öf–ÆUö–çFVw&—G•öæ÷E÷FV×÷&Åö6ö×&&–Æ—G£ƒcS‚ÂÓãCS3##3BÃÃãÆ7W'&VçEöWö6…öf–ÆUö–çFVw&—G•öæ÷E÷FV×÷&Åö6ö×&&–Æ—G£ƒccÂÓã#3“““““““S“32ÃÃãÆ7W'&VçEöWö6…öf–ÆUö–çFVw&—G•öæ÷E÷FV×÷&Åö6ö×&&–Æ—G£ƒccÂÓãCƒS““““““3ƒ3“2ÃÃãÆ7W'&VçEöWö6…öf–ÆUö–çFVw&—G•öæ÷E÷FV×÷&Åö6ö×&&–Æ—G£ƒcc"ÂÓãC“cSƒ3ƒ’ÃÃãÆ7W'&VçEöWö6…öf–ÆUö–çFVw&—G•öæ÷E÷FV×÷&Åö6ö×&&–Æ—G£ƒcc2Ãã“ƒ3“““““““scCƒBÃÃãÆ7W'&VçEöWö6…öf–ÆUö–çFVw&—G•öæ÷E÷FV×÷&Åö6ö×&&–Æ—G£ƒccBÂÓãƒ#3““““““cCƒ“‚ÃÃãÆ7W'&VçEöWö6…öf–ÆUö–çFVw&—G•öæ÷E÷FV×÷&Åö6ö×&&–Æ—G£ƒccRÃãcCƒ3#“ƒCƒ’ÃÃãÆ7W'&VçEöWö6…öf–ÆUö–çFVw&—G•öæ÷E÷FV×÷&Åö6ö×&&–Æ—G£ƒccbÃã#““““““ƒƒCSbÃÃãÆ7W'&VçEöWö6…öf–ÆUö–çFVw&—G•öæ÷E÷FV×÷&Åö6ö×&&–Æ—G£ƒccrÂÓã3S33““““““3s“sBÃÃãÆ7W'&VçEöWö6…öf–ÆUö–çFVw&—G•öæ÷E÷FV×÷&Åö6ö×&&–Æ—G£ƒcc‚ÂÓã#Sƒ33cCBÃÃãÆ7W'&VçEöWö6…öf–ÆUö–çFVw&—G•öæ÷E÷FV×÷&Åö6ö×&&–Æ—G£ƒcc’Ãã“CScS“#bÃÃãÆ7W'&VçEöWö6…öf–ÆUö–çFVw&—G•öæ÷E÷FV×÷&Åö6ö×&&–Æ—G£ƒcsÃã3SSC3#“c’ÃÃãÆ7W'&VçEöWö6…öf–ÆUö–çFVw&—G•öæ÷E÷FV×÷&Åö6ö×&&–Æ—G£ƒcsÃã3S#sC#ƒcbÃÃãÆ7W'&VçEöWö6…öf–ÆUö–çFVw&—G•öæ÷E÷FV×÷&Åö6ö×&&–Æ—G£ƒcs"Ãã3CC“bÃÃãÆ7W'&VçEöWö6…öf–ÆUö–çFVw&—G•öæ÷E÷FV×÷&Åö6ö×&&–Æ—G£ƒcs2Ãã#3S3“csC2ÃÃãÆ7W'&VçEöWö6…öf–ÆUö–çFVw&—G•öæ÷E÷FV×÷&Åö6ö×&&–Æ—G£ƒcsBÃã#ƒC#““““““““3CƒÃÃãÆ7W'&VçEöWö6…öf–ÆUö–çFVw&—G•öæ÷E÷FV×÷&Åö6ö×&&–Æ—G£ƒcsRÃãC“S3ƒ““““““cCSÃÃãÆ7W'&VçEöWö6…öf–ÆUö–çFVw&—G•öæ÷E÷FV×÷&Åö6ö×&&–Æ—G£ƒcsbÂÓã3scS##Cs"ÃÃãÆ7W'&VçEöWö6…öf–ÆUö–çFVw&—G•öæ÷E÷FV×÷&Åö6ö×&&–Æ—G£ƒcsrÂÓãsƒs“““““““C##S‚ÃÃãÆ7W'&VçEöWö6…öf–ÆUö–çFVw&—G•öæ÷E÷FV×÷&Åö6ö×&&–Æ—G£ƒcs‚ÃãCCSc“““““““cSssBÃÃãÆ7W'&VçEöWö6…öf–ÆUö–çFVw&—G•öæ÷E÷FV×÷&Åö6ö×&&–Æ—G£ƒcs’ÂÓãC3sSS3crÃÃãÆ7W'&VçEöWö6…öf–ÆUö–çFVw&—G•öæ÷E÷FV×÷&Åö6ö×&&–Æ—G£ƒcƒÂÓãCCs““““““sC##3cRÃÃãÆ7W'&VçEöWö6…öf–ÆUö–çFVw&—G•öæ÷E÷FV×÷&Åö6ö×&&–Æ—G£ƒcƒÃãcC“““““““CC#bÃÃãÆ7W'&VçEöWö6…öf–ÆUö–çFVw&—G•öæ÷E÷FV×÷&Åö6ö×&&–Æ—G£ƒcƒ"ÂÓãC“S““““““scƒÃÃãÆ7W'&VçEöWö6…öf–ÆUö–çFVw&—G•öæ÷E÷FV×÷&Åö6ö×&&–Æ—G£ƒcƒ2Ããc3c“““““““ƒ“‚ÃÃãÆ7W'&VçEöWö6…öf–ÆUö–çFVw&—G•öæ÷E÷FV×÷&Åö6ö×&&–Æ—G£ƒcƒBÂÓã3Cc333s3BÃÃãÆ7W'&VçEöWö6…öf–ÆUö–çFVw&—G•öæ÷E÷FV×÷&Åö6ö×&&–Æ—G£ƒcƒRÃãCScSSƒs“BÃÃãÆ7W'&VçEöWö6…öf–ÆUö–çFVw&—G•öæ÷E÷FV×÷&Åö6ö×&&–Æ—G£ƒcƒbÂÓãsSsCSS‚ÃÃãÆ7W'&VçEöWö6…öf–ÆUö–çFVw&—G•öæ÷E÷FV×÷&Åö6ö×&&–Æ—G£ƒcƒrÂÓã#3“S““““““ƒc#3“rÃÃãÆ7W'&VçEöWö6…öf–ÆUö–çFVw&—G•öæ÷E÷FV×÷&Åö6ö×&&–Æ—G£ƒcƒ‚ÂÓãccCƒsccÃÃãÆ7W'&VçEöWö6…öf–ÆUö–çFVw&—G•öæ÷E÷FV×÷&Åö6ö×&&–Æ—G£ƒcƒ’Ãã33#S#“““““““csƒrÃÃãÆ7W'&VçEöWö6…öf–ÆUö–çFVw&—G•öæ÷E÷FV×÷&Åö6ö×&&–Æ—G£ƒc“ÂÓãcCc““““““s3sbÃÃãÆ7W'&VçEöWö6…öf–ÆUö–çFVw&—G•öæ÷E÷FV×÷&Åö6ö×&&–Æ—G£ƒc“ÂÓã#3ƒƒ““““““c3“3CRÃÃãÆ7W'&VçEöWö6…öf–ÆUö–çFVw&—G•öæ÷E÷FV×÷&Åö6ö×&&–Æ—G£ƒc“"ÃãScƒC“ƒ2ÃÃãÆ7W'&VçEöWö6…öf–ÆUö–çFVw&—G•öæ÷E÷FV×÷&Åö6ö×&&–Æ—G£ƒc“2ÂÓãCC3“““““““#s“‚ÃÃãÆ7W'&VçEöWö6…öf–ÆUö–çFVw&—G•öæ÷E÷FV×÷&Åö6ö×&&–Æ—G£ƒc“BÃãCsC#SS3C2ÃÃãÆ7W'&VçEöWö6…öf–ÆUö–çFVw&—G•öæ÷E÷FV×÷&Åö6ö×&&–Æ—G£ƒc“RÂÓãCsƒ3“““““““#cƒ“ÃÃãÆ7W'&VçEöWö6…öf–ÆUö–çFVw&—G•öæ÷E÷FV×÷&Åö6ö×&&–Æ—G£ƒc“bÃãCƒ“33“‚ÃÃãÆ7W'&VçEöWö6…öf–ÆUö–çFVw&—G•öæ÷E÷FV×÷&Åö6ö×&&–Æ—G£ƒc“rÂÓã#3“ƒ““““““ƒS“3s2ÃÃãÆ7W'&VçEöWö6…öf–ÆUö–çFVw&—G•öæ÷E÷FV×÷&Åö6ö×&&–Æ—G£ƒc“‚ÂÓã#3cƒcƒRÃÃãÆ7W'&VçEöWö6…öf–ÆUö–çFVw&—G•öæ÷E÷FV×÷&Åö6ö×&&–Æ—G£ƒc“’Ãã#Sc“““““““ƒc“cRÃÃãÆ7W'&VçEöWö6…öf–ÆUö–çFVw&—G•öæ÷E÷FV×÷&Åö6ö×&&–Æ—G£ƒsÂÓã#ƒSC“““““““ƒ3s3RÃÃãÆ7W'&VçEöWö6…öf–ÆUö–çFVw&—G•öæ÷E÷FV×÷&Åö6ö×&&–Æ—G£ƒsÃãSƒc3S3S“sbÃÃãÆ7W'&VçEöWö6…öf–ÆUö–çFVw&—G•öæ÷E÷FV×÷&Åö6ö×&&–Æ—G£ƒs"ÂÓãC3S#SBÃÃãÆ7W'&VçEöWö6…öf–ÆUö–çFVw&—G•öæ÷E÷FV×÷&Åö6ö×&&–Æ—G£ƒs2ÂÓãCc#c“3ƒ3RÃÃãÆ7W'&VçEöWö6…öf–ÆUö–çFVw&—G•öæ÷E÷FV×÷&Åö6ö×&&–Æ—G£ƒsBÂÓãC3ƒ““““““sSc“#RÃÃãÆ7W'&VçEöWö6…öf–ÆUö–çFVw&—G•öæ÷E÷FV×÷&Åö6ö×&&–Æ—G£ƒsRÃãSsƒc““““““SCSSRÃÃãÆ7W'&VçEöWö6…öf–ÆUö–çFVw&—G•öæ÷E÷FV×÷&Åö6ö×&&–Æ—G£ƒsbÃã#ƒ3c#“sCBÃÃãÆ7W'&VçEöWö6…öf–ÆUö–çFVw&—G•öæ÷E÷FV×÷&Åö6ö×&&–Æ—G£ƒsrÂÓã#3##““““““sS“CƒbÃÃãÆ7W'&VçEöWö6…öf–ÆUö–çFVw&—G•öæ÷E÷FV×÷&Åö6ö×&&–Æ—G£ƒs‚ÂÓã#Sƒs“““““““cƒƒBÃÃãÆ7W'&VçEöWö6…öf–ÆUö–çFVw&—G•öæ÷E÷FV×÷&Åö6ö×&&–Æ—G£ƒs’Ãã3ƒc“““““““C3#crÃÃãÆ7W'&VçEöWö6…öf–ÆUö–çFVw&—G•öæ÷E÷FV×÷&Åö6ö×&&–Æ—G£ƒsÂÓã333#C“2ÃÃãÆ7W'&VçEöWö6…öf–ÆUö–çFVw&—G•öæ÷E÷FV×÷&Åö6ö×&&–Æ—G£ƒsÂÓã3S#sS“BÃÃãÆ7W'&VçEöWö6…öf–ÆUö–çFVw&—G•öæ÷E÷FV×÷&Åö6ö×&&–Æ—G£ƒs"ÃãSCcs3S3C3rÃÃãÆ7W'&VçEöWö6…öf–ÆUö–çFVw&—G•öæ÷E÷FV×÷&Åö6ö×&&–Æ—G£ƒs2ÂÓã3“c““““““ƒ“BÃÃãÆ7W'&VçEöWö6…öf–ÆUö–çFVw&—G•öæ÷E÷FV×÷&Åö6ö×&&–Æ—G£ƒsBÃãC3SSSƒs“BÃÃãÆ7W'&VçEöWö6…öf–ÆUö–çFVw&—G•öæ÷E÷FV×÷&Åö6ö×&&–Æ—G£ƒsRÃãSSS##’ÃÃãÆ7W'&VçEöWö6…öf–ÆUö–çFVw&—G•öæ÷E÷FV×÷&Åö6ö×&&–Æ—G£ƒsbÂÓã3CsS#““““““““cbÃÃãÆ7W'&VçEöWö6…öf–ÆUö–çFVw&—G•öæ÷E÷FV×÷&Åö6ö×&&–Æ—G£ƒsrÂÓã3SS3C““““““s““scbÃÃãÆ7W'&VçEöWö6…öf–ÆUö–çFVw&—G•öæ÷E÷FV×÷&Åö6ö×&&–Æ—G£ƒs‚ÂÓãC3ƒCs33RÃÃãÆ7W'&VçEöWö6…öf–ÆUö–çFVw&—G•öæ÷E÷FV×÷&Åö6ö×&&–Æ—G£ƒs’ÂÓã##3““““““C“3"ÃÃãÆ7W'&VçEöWö6…öf–ÆUö–çFVw&—G•öæ÷E÷FV×÷&Åö6ö×&&–Æ—G£ƒs#Ãã“3c#SCccƒbÃÃãÆ7W'&VçEöWö6…öf–ÆUö–çFVw&—G•öæ÷E÷FV×÷&Åö6ö×&&–Æ—G£ƒs#ÂÓã33s““““““s““2ÃÃãÆ7W'&VçEöWö6…öf–ÆUö–çFVw&—G•öæ÷E÷FV×÷&Åö6ö×&&–Æ—G£ƒs#"ÃãC#C“c3“#ƒrÃÃãÆ7W'&VçEöWö6…öf–ÆUö–çFVw&—G•öæ÷E÷FV×÷&Åö6ö×&&–Æ—G£ƒs#2Ããsƒ“S““““““ƒ“SÃÃãÆ7W'&VçEöWö6…öf–ÆUö–çFVw&—G•öæ÷E÷FV×÷&Åö6ö×&&–Æ—G£ƒs#BÃãcS333CSSRÃÃãÆ7W'&VçEöWö6…öf–ÆUö–çFVw&—G•öæ÷E÷FV×÷&Åö6ö×&&–Æ—G£ƒs#RÂÓãc#3s3rÃÃãÆ7W'&VçEöWö6…öf–ÆUö–çFVw&—G•öæ÷E÷FV×÷&Åö6ö×&&–Æ—G£ƒs#bÃã3c#“SsBÃÃãÆ7W'&VçEöWö6…öf–ÆUö–çFVw&—G•öæ÷E÷FV×÷&Åö6ö×&&–Æ—G£ƒs#rÂÓã“cƒ““““““s3ƒscBÃÃãÆ7W'&VçEöWö6…öf–ÆUö–çFVw&—G•öæ÷E÷FV×÷&Åö6ö×&&–Æ—G£ƒs#‚ÂÓã#3“““““““#CSSc‚ÃÃãÆ7W'&VçEöWö6…öf–ÆUö–çFVw&—G•öæ÷E÷FV×÷&Åö6ö×&&–Æ—G£ƒs#’ÂÓã“ƒ3“““““““3ƒS3#rÃÃãÆ7W'&VçEöWö6…öf–ÆUö–çFVw&—G•öæ÷E÷FV×÷&Åö6ö×&&–Æ—G£ƒs3Ãã3C“““““““3“#3ÃÃãÆ7W'&VçEöWö6…öf–ÆUö–çFVw&—G•öæ÷E÷FV×÷&Åö6ö×&&–Æ—G£ƒs3Ãã“CSs#“2ÃÃãÆ7W'&VçEöWö6…öf–ÆUö–çFVw&—G•öæ÷E÷FV×÷&Åö6ö×&&–Æ—G£ƒs3"ÂÓã3cC3ScCc"ÃÃãÆ7W'&VçEöWö6…öf–ÆUö–çFVw&—G•öæ÷E÷FV×÷&Åö6ö×&&–Æ—G£ƒs32Ãã#sƒCsCsCSÃÃãÆ7W'&VçEöWö6…öf–ÆUö–çFVw&—G•öæ÷E÷FV×÷&Åö6ö×&&–Æ—G£ƒs3BÃãCCsƒ"ÃÃãÆ7W'&VçEöWö6…öf–ÆUö–çFVw&—G•öæ÷E÷FV×÷&Åö6ö×&&–Æ—G£ƒs3RÂÓãSƒscSs3cbÃÃãÆ7W'&VçEöWö6…öf–ÆUö–çFVw&—G•öæ÷E÷FV×÷&Åö6ö×&&–Æ—G£ƒs3bÃã3sSs““““““s“s“2ÃÃãÆ7W'&VçEöWö6…öf–ÆUö–çFVw&—G•öæ÷E÷FV×÷&Åö6ö×&&–Æ—G£ƒs3rÃã#C3“““““““ƒ“sSSRÃÃãÆ7W'&VçEöWö6…öf–ÆUö–çFVw&—G•öæ÷E÷FV×÷&Åö6ö×&&–Æ—G£ƒs3‚ÃãCSsC#sRÃÃãÆ7W'&VçEöWö6…öf–ÆUö–çFVw&—G•öæ÷E÷FV×÷&Åö6ö×&&–Æ—G£ƒs3’ÂÓã3C“““““““cSƒ2ÃÃãÆ7W'&VçEöWö6…öf–ÆUö–çFVw&—G•öæ÷E÷FV×÷&Åö6ö×&&–Æ—G£ƒsCÃãCcssS“““““““SC3cRÃÃãÆ7W'&VçEöWö6…öf–ÆUö–çFVw&—G•öæ÷E÷FV×÷&Åö6ö×&&–Æ—G£ƒsCÃã#“c““““““ƒ#C“BÃÃãÆ7W'&VçEöWö6…öf–ÆUö–çFVw&—G•öæ÷E÷FV×÷&Åö6ö×&&–Æ—G£ƒsC"ÂÓãCC“#SƒCBÃÃãÆ7W'&VçEöWö6…öf–ÆUö–çFVw&—G•öæ÷E÷FV×÷&Åö6ö×&&–Æ—G£ƒsC2Ããsc3“““““““ccCs#BÃÃãÆ7W'&VçEöWö6…öf–ÆUö–çFVw&—G•öæ÷E÷FV×÷&Åö6ö×&&–Æ—G£ƒsCBÃã#cCSSƒ3#RÃÃãÆ7W'&VçEöWö6…öf–ÆUö–çFVw&—G•öæ÷E÷FV×÷&Åö6ö×&&–Æ—G£ƒsCRÂÓãssƒƒ3“3BÃÃãÆ7W'&VçEöWö6…öf–ÆUö–çFVw&—G•öæ÷E÷FV×÷&Åö6ö×&&–Æ—G£ƒsCbÃã3s“S““““““ƒƒCSbÃÃãÆ7W'&VçEöWö6…öf–ÆUö–çFVw&—G•öæ÷E÷FV×÷&Åö6ö×&&–Æ—G£ƒsCrÃã#3css3cƒBÃÃãÆ7W'&VçEöWö6…öf–ÆUö–çFVw&—G•öæ÷E÷FV×÷&Åö6ö×&&–Æ—G£ƒsC‚Ãã##ƒ#ScC"ÃÃãÆ7W'&VçEöWö6…öf–ÆUö–çFVw&—G•öæ÷E÷FV×÷&Åö6ö×&&–Æ—G£ƒsSÃãCc“c““““““c3c3"ÃÃãÆ7W'&VçEöWö6…öf–ÆUö–çFVw&—G•öæ÷E÷FV×÷&Åö6ö×&&–Æ—G£ƒsSÂÓã#s#3CSS#rÃÃãÆ7W'&VçEöWö6…öf–ÆUö–çFVw&—G•öæ÷E÷FV×÷&Åö6ö×&&–Æ—G£ƒsS"ÂÓãCcc#ƒƒbÃÃãÆ7W'&VçEöWö6…öf–ÆUö–çFVw&—G•öæ÷E÷FV×÷&Åö6ö×&&–Æ—G£ƒsS2ÃãSCSc““““““ƒsƒCc"ÃÃãÆ7W'&VçEöWö6…öf–ÆUö–çFVw&—G•öæ÷E÷FV×÷&Åö6ö×&&–Æ—G£ƒsSBÂÓã##““““““““cƒ33RÃÃãÆ7W'&VçEöWö6…öf–ÆUö–çFVw&—G•öæ÷E÷FV×÷&Åö6ö×&&–Æ—G£ƒsSRÂÓã3C“#c““““““ƒs“c#rÃÃãÆ7W'&VçEöWö6…öf–ÆUö–çFVw&—G•öæ÷E÷FV×÷&Åö6ö×&&–Æ—G£ƒsSbÃã“s3“ss’ÃÃãÆ7W'&VçEöWö6…öf–ÆUö–çFVw&—G•öæ÷E÷FV×÷&Åö6ö×&&–Æ—G£ƒsSrÂÓãS#s““““““ƒ##Sƒ2ÃÃãÆ7W'&VçEöWö6…öf–ÆUö–çFVw&—G•öæ÷E÷FV×÷&Åö6ö×&&–Æ—G£ƒsS‚ÃãCsƒ““““““ƒsCc‚ÃÃãÆ7W'&VçEöWö6…öf–ÆUö–çFVw&—G•öæ÷E÷FV×÷&Åö6ö×&&–Æ—G£ƒsS’Ãã3Ss3““““““ƒ#CCCbÃÃãÆ7W'&VçEöWö6…öf–ÆUö–çFVw&—G•öæ÷E÷FV×÷&Åö6ö×&&–Æ—G£ƒscÃã#CS“““““““s#““bÃÃãÆ7W'&VçEöWö6…öf–ÆUö–çFVw&—G•öæ÷E÷FV×÷&Åö6ö×&&–Æ—G£ƒscÃã3#C3S““““““ƒsSCbÃÃãÆ7W'&VçEöWö6…öf–ÆUö–çFVw&—G•öæ÷E÷FV×÷&Åö6ö×&&–Æ—G£ƒsc"Ãã3S3““““““““#ƒ3sbÃÃãÆ7W'&VçEöWö6…öf–ÆUö–çFVw&—G•öæ÷E÷FV×÷&Åö6ö×&&–Æ—G£ƒsc2ÃãC3cSs"ÃÃãÆ7W'&VçEöWö6…öf–ÆUö–çFVw&—G•öæ÷E÷FV×÷&Åö6ö×&&–Æ—G£ƒscBÃãCC3ScscBÃÃãÆ7W'&VçEöWö6…öf–ÆUö–çFVw&—G•öæ÷E÷FV×÷&Åö6ö×&&–Æ—G£ƒscRÃã#c33S#sbÃÃãÆ7W'&VçEöWö6…öf–ÆUö–çFVw&—G•öæ÷E÷FV×÷&Åö6ö×&&–Æ—G£ƒscbÂÓã3SSC3s#S2ÃÃãÆ7W'&VçEöWö6…öf–ÆUö–çFVw&—G•öæ÷E÷FV×÷&Åö6ö×&&–Æ—G£ƒscrÂÓã3“CC“BÃÃãÆ7W'&VçEöWö6…öf–ÆUö–çFVw&—G•öæ÷E÷FV×÷&Åö6ö×&&–Æ—G£ƒsc‚ÂÓãƒ#cCS3sƒBÃÃãÆ7W'&VçEöWö6…öf–ÆUö–çFVw&—G•öæ÷E÷FV×÷&Åö6ö×&&–Æ—G£ƒsc’ÂÓãScƒ““““““ƒ##sBÃÃãÆ7W'&VçEöWö6…öf–ÆUö–çFVw&—G•öæ÷E÷FV×÷&Åö6ö×&&–Æ—G£ƒssÃãCCƒC##“SsÃÃãÆ7W'&VçEöWö6…öf–ÆUö–çFVw&—G•öæ÷E÷FV×÷&Åö6ö×&&–Æ—G£ƒssÃãsC3332ÃÃãÆ7W'&VçEöWö6…öf–ÆUö–çFVw&—G•öæ÷E÷FV×÷&Åö6ö×&&–Æ—G£ƒss"ÂÓã#cs3“ƒƒsÃÃãÆ7W'&VçEöWö6…öf–ÆUö–çFVw&—G•öæ÷E÷FV×÷&Åö6ö×&&–Æ—G£ƒss2ÂÓã3cs““““““c“CS#bÃÃãÆ7W'&VçEöWö6…öf–ÆUö–çFVw&—G•öæ÷E÷FV×÷&Åö6ö×&&–Æ—G£ƒssBÃãCCs“““““““3C#RÃÃãÆ7W'&VçEöWö6…öf–ÆUö–çFVw&—G•öæ÷E÷FV×÷&Åö6ö×&&–Æ—G£ƒssRÃãCSC#Cc3“3S2ÃÃãÆ7W'&VçEöWö6…öf–ÆUö–çFVw&—G•öæ÷E÷FV×÷&Åö6ö×&&–Æ—G£ƒssbÃã#3CC“"ÃÃãÆ7W'&VçEöWö6…öf–ÆUö–çFVw&—G•öæ÷E÷FV×÷&Åö6ö×&&–Æ—G£ƒssrÂÓã#3C3S#BÃÃãÆ7W'&VçEöWö6…öf–ÆUö–çFVw&—G•öæ÷E÷FV×÷&Åö6ö×&&–Æ—G£ƒss‚ÂÓã3sƒ3ƒ““““““ƒ3C’ÃÃãÆ7W'&VçEöWö6…öf–ÆUö–çFVw&—G•öæ÷E÷FV×÷&Åö6ö×&&–Æ—G£ƒss’Ãã#ƒ#ƒ3“““““““ƒSÃÃãÆ7W'&VçEöWö6…öf–ÆUö–çFVw&—G•öæ÷E÷FV×÷&Åö6ö×&&–Æ—G£ƒsƒÃã3“cS““““““sƒ#sRÃÃãÆ7W'&VçEöWö6…öf–ÆUö–çFVw&—G•öæ÷E÷FV×÷&Åö6ö×&&–Æ—G£ƒsƒÂÓã3c“ƒ“““““““S“3cBÃÃãÆ7W'&VçEöWö6…öf–ÆUö–çFVw&—G•öæ÷E÷FV×÷&Åö6ö×&&–Æ—G£ƒsƒ"ÂÓãCƒƒ“““““““c“3ƒ2ÃÃãÆ7W'&VçEöWö6…öf–ÆUö–çFVw&—G•öæ÷E÷FV×÷&Åö6ö×&&–Æ—G£ƒsƒ2ÂÓãCCƒsƒ#RÃÃãÆ7W'&VçEöWö6…öf–ÆUö–çFVw&—G•öæ÷E÷FV×÷&Åö6ö×&&–Æ—G£ƒsƒBÃãƒs3cC““ƒ’ÃÃãÆ7W'&VçEöWö6…öf–ÆUö–çFVw&—G•öæ÷E÷FV×÷&Åö6ö×&&–Æ—G£ƒsƒRÂÓã#sscS“““““““sCSbÃÃãÆ7W'&VçEöWö6…öf–ÆUö–çFVw&—G•öæ÷E÷FV×÷&Åö6ö×&&–Æ—G£ƒsƒbÂÓã##Cƒ#3“"ÃÃãÆ7W'&VçEöWö6…öf–ÆUö–çFVw&—G•öæ÷E÷FV×÷&Åö6ö×&&–Æ—G£ƒsƒrÃã#3““““““cCCsBÃÃãÆ7W'&VçEöWö6…öf–ÆUö–çFVw&—G•öæ÷E÷FV×÷&Åö6ö×&&–Æ—G£ƒsƒ‚Ãã3“Sc3Cc“"ÃÃãÆ7W'&VçEöWö6…öf–ÆUö–çFVw&—G•öæ÷E÷FV×÷&Åö6ö×&&–Æ—G£ƒsƒ’Ãã3#ƒ##3CSRÃÃãÆ7W'&VçEöWö6…öf–ÆUö–çFVw&—G•öæ÷E÷FV×÷&Åö6ö×&&–Æ—G£ƒs“Ãã3c#ƒ““““““c3srÃÃãÆ7W'&VçEöWö6…öf–ÆUö–çFVw&—G•öæ÷E÷FV×÷&Åö6ö×&&–Æ—G£ƒs“ÂÓãC#ƒCC3SRÃÃãÆ7W'&VçEöWö6…öf–ÆUö–çFVw&—G•öæ÷E÷FV×÷&Åö6ö×&&–Æ—G£ƒs“"ÃãC3#SbÃÃãÆ7W'&VçEöWö6…öf–ÆUö–çFVw&—G•öæ÷E÷FV×÷&Åö6ö×&&–Æ—G£ƒs“2ÂÓã#ƒ“s#33crÃÃãÆ7W'&VçEöWö6…öf–ÆUö–çFVw&—G•öæ÷E÷FV×÷&Åö6ö×&&–Æ—G£ƒs“BÂÓãƒsCƒS333"ÃÃãÆ7W'&VçEöWö6…öf–ÆUö–çFVw&—G•öæ÷E÷FV×÷&Åö6ö×&&–Æ—G£ƒs“RÃãcS#SBÃÃãÆ7W'&VçEöWö6…öf–ÆUö–çFVw&—G•öæ÷E÷FV×÷&Åö6ö×&&–Æ—G£ƒs“bÃãCcSS““““““CS3s‚ÃÃãÆ7W'&VçEöWö6…öf–ÆUö–çFVw&—G•öæ÷E÷FV×÷&Åö6ö×&&–Æ—G£ƒs“rÃã3ƒSC#ƒ3#"ÃÃãÆ7W'&VçEöWö6…öf–ÆUö–çFVw&—G•öæ÷E÷FV×÷&Åö6ö×&&–Æ—G£ƒs“’Ãã“c3#ƒ2ÃÃãÆ7W'&VçEöWö6…öf–ÆUö–çFVw&—G•öæ÷E÷FV×÷&Åö6ö×&&–Æ—G£ƒƒÃã#sƒ““““““sCs“ÃÃãÆ7W'&VçEöWö6…öf–ÆUö–çFVw&—G•öæ÷E÷FV×÷&Åö6ö×&&–Æ—G£ƒƒÃã“ƒSc3CRÃÃãÆ7W'&VçEöWö6…öf–ÆUö–çFVw&—G•öæ÷E÷FV×÷&Åö6ö×&&–Æ—G£ƒƒ"ÂÓã3s3c#ƒ#cSbÃÃãÆ7W'&VçEöWö6…öf–ÆUö–çFVw&—G•öæ÷E÷FV×÷&Åö6ö×&&–Æ—G£ƒƒ2ÂÓã“Sƒ“"ÃÃãÆ7W'&VçEöWö6…öf–ÆUö–çFVw&—G•öæ÷E÷FV×÷&Åö6ö×&&–Æ—G£ƒƒBÃã3sc“32ÃÃãÆ7W'&VçEöWö6…öf–ÆUö–çFVw&—G•öæ÷E÷FV×÷&Åö6ö×&&–Æ—G£ƒƒRÃã“c““““““ssƒ3CRÃÃãÆ7W'&VçEöWö6…öf–ÆUö–çFVw&—G•öæ÷E÷FV×÷&Åö6ö×&&–Æ—G£ƒƒbÂÓã3Cƒ“““““““#“#“RÃÃãÆ7W'&VçEöWö6…öf–ÆUö–çFVw&—G•öæ÷E÷FV×÷&Åö6ö×&&–Æ—G£ƒƒrÂÓãsC##3SsBÃÃãÆ7W'&VçEöWö6…öf–ÆUö–çFVw&—G•öæ÷E÷FV×÷&Åö6ö×&&–Æ—G£ƒƒ‚Ãã##3S“““““““SS#“rÃÃãÆ7W'&VçEöWö6…öf–ÆUö–çFVw&—G•öæ÷E÷FV×÷&Åö6ö×&&–Æ—G£ƒƒ’ÃãC#CSs#sc3BÃÃãÆ7W'&VçEöWö6…öf–ÆUö–çFVw&—G•öæ÷E÷FV×÷&Åö6ö×&&–Æ—G£ƒƒÃã#S#““““““ƒ33#“2ÃÃãÆ7W'&VçEöWö6…öf–ÆUö–çFVw&—G•öæ÷E÷FV×÷&Åö6ö×&&–Æ—G£ƒƒÂÓãCƒ“““““““3#s"ÃÃãÆ7W'&VçEöWö6…öf–ÆUö–çFVw&—G•öæ÷E÷FV×÷&Åö6ö×&&–Æ—G£ƒƒ"ÃãC““““““““sC3ƒƒc2ÃÃãÆ7W'&VçEöWö6…öf–ÆUö–çFVw&—G•öæ÷E÷FV×÷&Åö6ö×&&–Æ—G£ƒƒ2Ãã3“S3sƒ3ƒ‚ÃÃãÆ7W'&VçEöWö6…öf–ÆUö–çFVw&—G•öæ÷E÷FV×÷&Åö6ö×&&–Æ—G£ƒƒBÃã3C““““““““c“#ccBÃÃãÆ7W'&VçEöWö6…öf–ÆUö–çFVw&—G•öæ÷E÷FV×÷&Åö6ö×&&–Æ—G£ƒƒRÂÓã3csC“““““““3SÃÃãÆ7W'&VçEöWö6…öf–ÆUö–çFVw&—G•öæ÷E÷FV×÷&Åö6ö×&&–Æ—G£ƒƒbÂÓãsƒ3#s2ÃÃãÆ7W'&VçEöWö6…öf–ÆUö–çFVw&—G•öæ÷E÷FV×÷&Åö6ö×&&–Æ—G£ƒƒrÂÓã#cc3“#srÃÃãÆ7W'&VçEöWö6…öf–ÆUö–çFVw&—G•öæ÷E÷FV×÷&Åö6ö×&&–Æ—G£ƒƒ‚ÂÓãƒc“ccBÃÃãÆ7W'&VçEöWö6…öf–ÆUö–çFVw&—G•öæ÷E÷FV×÷&Åö6ö×&&–Æ—G£ƒƒ’ÂÓã##sC“““““““3S“sbÃÃãÆ7W'&VçEöWö6…öf–ÆUö–çFVw&—G•öæ÷E÷FV×÷&Åö6ö×&&–Æ—G£ƒƒ#ÂÓãCc“ƒ3ƒ#sBÃÃãÆ7W'&VçEöWö6…öf–ÆUö–çFVw&—G•öæ÷E÷FV×÷&Åö6ö×&&–Æ—G£ƒƒ#ÂÓã33Cc“SS‚ÃÃãÆ7W'&VçEöWö6…öf–ÆUö–çFVw&—G•öæ÷E÷FV×÷&Åö6ö×&&–Æ—G£ƒƒ#"ÃãCCƒ““““““““3#Cs’ÃÃãÆ7W'&VçEöWö6…öf–ÆUö–çFVw&—G•öæ÷E÷FV×÷&Åö6ö×&&–Æ—G£ƒƒ#2ÂÓãScs“““““““s“srÃÃãÆ7W'&VçEöWö6…öf–ÆUö–çFVw&—G•öæ÷E÷FV×÷&Åö6ö×&&–Æ—G£ƒƒ#BÂÓã3#3SS#BÃÃãÆ7W'&VçEöWö6…öf–ÆUö–çFVw&—G•öæ÷E÷FV×÷&Åö6ö×&&–Æ—G£ƒƒ#RÃãCCƒc“““““““3SSbÃÃãÆ7W'&VçEöWö6…öf–ÆUö–çFVw&—G•öæ÷E÷FV×÷&Åö6ö×&&–Æ—G£ƒƒ#bÂÓãC#“c“32ÃÃãÆ7W'&VçEöWö6…öf–ÆUö–çFVw&—G•öæ÷E÷FV×÷&Åö6ö×&&–Æ—G£ƒƒ#rÂÓãCcs““““““““3CƒsBÃÃãÆ7W'&VçEöWö6…öf–ÆUö–çFVw&—G•öæ÷E÷FV×÷&Åö6ö×&&–Æ—G£ƒƒ#‚Ããƒ“““““““s“ƒ3bÃÃãÆ7W'&VçEöWö6…öf–ÆUö–çFVw&—G•öæ÷E÷FV×÷&Åö6ö×&&–Æ—G£ƒƒ#’ÂÓãƒCƒS““““““3“3#C2ÃÃãÆ7W'&VçEöWö6…öf–ÆUö–çFVw&—G•öæ÷E÷FV×÷&Åö6ö×&&–Æ—G£ƒƒ3Ãã#Cƒ“““““““scc32ÃÃãÆ7W'&VçEöWö6…öf–ÆUö–çFVw&—G•öæ÷E÷FV×÷&Åö6ö×&&–Æ—G£ƒƒ3ÂÓã3#cc3s“SbÃÃãÆ7W'&VçEöWö6…öf–ÆUö–çFVw&—G•öæ÷E÷FV×÷&Åö6ö×&&–Æ—G£ƒƒ3"ÃãcSƒ3S“S"ÃÃãÆ7W'&VçEöWö6…öf–ÆUö–çFVw&—G•öæ÷E÷FV×÷&Åö6ö×&&–Æ—G£ƒƒ32ÂÓã3ƒCs““““““““ƒ3sBÃÃãÆ7W'&VçEöWö6…öf–ÆUö–çFVw&—G•öæ÷E÷FV×÷&Åö6ö×&&–Æ—G£ƒƒ3BÂÓã3cSƒ2ÃÃãÆ7W'&VçEöWö6…öf–ÆUö–çFVw&—G•öæ÷E÷FV×÷&Åö6ö×&&–Æ—G£ƒƒ3RÃã“#S“““““““CƒSCCBÃÃãÆ7W'&VçEöWö6…öf–ÆUö–çFVw&—G•öæ÷E÷FV×÷&Åö6ö×&&–Æ—G£ƒƒ3bÃã3sC3c3C3rÃÃãÆ7W'&VçEöWö6…öf–ÆUö–çFVw&—G•öæ÷E÷FV×÷&Åö6ö×&&–Æ—G£ƒƒ3rÂÓãƒcC33“ƒÃÃãÆ7W'&VçEöWö6…öf–ÆUö–çFVw&—G•öæ÷E÷FV×÷&Åö6ö×&&–Æ—G£ƒƒ3‚ÂÓã3SCƒ“ss’ÃÃãÆ7W'&VçEöWö6…öf–ÆUö–çFVw&—G•öæ÷E÷FV×÷&Åö6ö×&&–Æ—G£ƒƒ3’Ãã#SsSc“ƒC’ÃÃãÆ7W'&VçEöWö6…öf–ÆUö–çFVw&—G•öæ÷E÷FV×÷&Åö6ö×&&–Æ—G£ƒƒCÂÓãCSSsSƒ“bÃÃãÆ7W'&VçEöWö6…öf–ÆUö–çFVw&—G•öæ÷E÷FV×÷&Åö6ö×&&–Æ—G£ƒƒCÃã3ƒss#““srÃÃãÆ7W'&VçEöWö6…öf–ÆUö–çFVw&—G•öæ÷E÷FV×÷&Åö6ö×&&–Æ—G£ƒƒC"Ãã3c#3“#32ÃÃãÆ7W'&VçEöWö6…öf–ÆUö–çFVw&—G•öæ÷E÷FV×÷&Åö6ö×&&–Æ—G£ƒƒC2ÃãC33s“““““““ƒƒƒ#BÃÃãÆ7W'&VçEöWö6…öf–ÆUö–çFVw&—G•öæ÷E÷FV×÷&Åö6ö×&&–Æ—G£ƒƒCBÃã#s“s3c“CBÃÃãÆ7W'&VçEöWö6…öf–ÆUö–çFVw&—G•öæ÷E÷FV×÷&Åö6ö×&&–Æ—G£ƒƒCRÃã#s““““““““s#c2ÃÃãÆ7W'&VçEöWö6…öf–ÆUö–çFVw&—G•öæ÷E÷FV×÷&Åö6ö×&&–Æ—G£ƒƒCbÃã#“s““““““SCs’ÃÃãÆ7W'&VçEöWö6…öf–ÆUö–çFVw&—G•öæ÷E÷FV×÷&Åö6ö×&&–Æ—G£ƒƒCrÂÓãC“3#ƒ““““““ƒS#3ƒRÃÃãÆ7W'&VçEöWö6…öf–ÆUö–çFVw&—G•öæ÷E÷FV×÷&Åö6ö×&&–Æ—G£ƒƒC‚ÂÓãC3ƒ““““““C#‚ÃÃãÆ7W'&VçEöWö6…öf–ÆUö–çFVw&—G•öæ÷E÷FV×÷&Åö6ö×&&–Æ—G£ƒƒC’Ããs“#CbÃÃãÆ7W'&VçEöWö6…öf–ÆUö–çFVw&—G•öæ÷E÷FV×÷&Åö6ö×&&–Æ—G£ƒƒSÂÓãCs“cS““““““s#3ƒc2ÃÃãÆ7W'&VçEöWö6…öf–ÆUö–çFVw&—G•öæ÷E÷FV×÷&Åö6ö×&&–Æ—G£ƒƒSÃãs3“C““““““cc“3‚ÃÃãÆ7W'&VçEöWö6…öf–ÆUö–çFVw&—G•öæ÷E÷FV×÷&Åö6ö×&&–Æ—G£ƒƒS"ÂÓã#“““““““sƒ#sRÃÃãÆ7W'&VçEöWö6…öf–ÆUö–çFVw&—G•öæ÷E÷FV×÷&Åö6ö×&&–Æ—G£ƒƒS2ÂÓã#ƒƒ““““““sƒ#‚ÃÃãÆ7W'&VçEöWö6…öf–ÆUö–çFVw&—G•öæ÷E÷FV×÷&Åö6ö×&&–Æ—G£ƒƒSBÃã3Ss3““““““cC’ÃÃãÆ7W'&VçEöWö6…öf–ÆUö–çFVw&—G•öæ÷E÷FV×÷&Åö6ö×&&–Æ—G£ƒƒSRÃãCcƒc“““““““sc#SÃÃãÆ7W'&VçEöWö6…öf–ÆUö–çFVw&—G•öæ÷E÷FV×÷&Åö6ö×&&–Æ—G£ƒƒSbÂÓã#C“““““““sƒ“crÃÃãÆ7W'&VçEöWö6…öf–ÆUö–çFVw&—G•öæ÷E÷FV×÷&Åö6ö×&&–Æ—G£ƒƒSrÃãC“3s““““““ƒSsSÃÃãÆ7W'&VçEöWö6…öf–ÆUö–çFVw&—G•öæ÷E÷FV×÷&Åö6ö×&&–Æ—G£ƒƒS‚ÂÓã#SsC“““““““#C32ÃÃãÆ7W'&VçEöWö6…öf–ÆUö–çFVw&—G•öæ÷E÷FV×÷&Åö6ö×&&–Æ—G£ƒƒS’Ãã#Cƒ“““““““S#S#RÃÃãÆ7W'&VçEöWö6…öf–ÆUö–çFVw&—G•öæ÷E÷FV×÷&Åö6ö×&&–Æ—G£ƒƒcÃã#“C““C“#bÃÃãÆ7W'&VçEöWö6…öf–ÆUö–çFVw&—G•öæ÷E÷FV×÷&Åö6ö×&&–Æ—G£ƒƒc"Ããcc3Sƒcs32ÃÃãÆ7W'&VçEöWö6…öf–ÆUö–çFVw&—G•öæ÷E÷FV×÷&Åö6ö×&&–Æ—G£ƒƒc2ÂÓãƒ“““““““““cSsSBÃÃãÆ7W'&VçEöWö6…öf–ÆUö–çFVw&—G•öæ÷E÷FV×÷&Åö6ö×&&–Æ—G£ƒƒcBÃã3“CC#ƒSCRÃÃãÆ7W'&VçEöWö6…öf–ÆUö–çFVw&—G•öæ÷E÷FV×÷&Åö6ö×&&–Æ—G£ƒƒcRÂÓã3s““““““ƒƒCSbÃÃãÆ7W'&VçEöWö6…öf–ÆUö–çFVw&—G•öæ÷E÷FV×÷&Åö6ö×&&–Æ—G£ƒƒcbÃãCƒ“S““““““scƒs‚ÃÃãÆ7W'&VçEöWö6…öf–ÆUö–çFVw&—G•öæ÷E÷FV×÷&Åö6ö×&&–Æ—G£ƒƒcrÃãCSC“““““““SSsc"ÃÃãÆ7W'&VçEöWö6…öf–ÆUö–çFVw&—G•öæ÷E÷FV×÷&Åö6ö×&&–Æ—G£ƒƒc‚Ãã##ccS“ƒrÃÃãÆ7W'&VçEöWö6…öf–ÆUö–çFVw&—G•öæ÷E÷FV×÷&Åö6ö×&&–Æ—G£ƒƒc’ÃãCC#c““““““ƒ#3“‚ÃÃãÆ7W'&VçEöWö6…öf–ÆUö–çFVw&—G•öæ÷E÷FV×÷&Åö6ö×&&–Æ—G£ƒƒsÂÓã3s#CcsccbÃÃãÆ7W'&VçEöWö6…öf–ÆUö–çFVw&—G•öæ÷E÷FV×÷&Åö6ö×&&–Æ—G£ƒƒsÃã3ƒ3“S3“ccRÃÃãÆ7W'&VçEöWö6…öf–ÆUö–çFVw&—G•öæ÷E÷FV×÷&Åö6ö×&&–Æ—G£ƒƒs"ÂÓãC““#SsScrÃÃãÆ7W'&VçEöWö6…öf–ÆUö–çFVw&—G•öæ÷E÷FV×÷&Åö6ö×&&–Æ—G£ƒƒs2ÂÓãC3cCƒ““““““#ss#“BÃÃãÆ7W'&VçEöWö6…öf–ÆUö–çFVw&—G•öæ÷E÷FV×÷&Åö6ö×&&–Æ—G£ƒƒsBÃãC““SS3SSÃÃãÆ7W'&VçEöWö6…öf–ÆUö–çFVw&—G•öæ÷E÷FV×÷&Åö6ö×&&–Æ—G£ƒƒsRÂÓãsScC““““““ƒƒS“2ÃÃãÆ7W'&VçEöWö6…öf–ÆUö–çFVw&—G•öæ÷E÷FV×÷&Åö6ö×&&–Æ—G£ƒƒsbÃã3cs“#C#3#ƒbÃÃãÆ7W'&VçEöWö6…öf–ÆUö–çFVw&—G•öæ÷E÷FV×÷&Åö6ö×&&–Æ—G£ƒƒsrÂÓãC#33““““““ƒS#"ÃÃãÆ7W'&VçEöWö6…öf–ÆUö–çFVw&—G•öæ÷E÷FV×÷&Åö6ö×&&–Æ—G£ƒƒs‚ÃãCcCƒ““““““scc#BÃÃãÆ7W'&VçEöWö6…öf–ÆUö–çFVw&—G•öæ÷E÷FV×÷&Åö6ö×&&–Æ—G£ƒƒs’Ãã3ƒ““#ÃÃãÆ7W'&VçEöWö6…öf–ÆUö–çFVw&—G•öæ÷E÷FV×÷&Åö6ö×&&–Æ—G£ƒƒƒÃãC#ƒC““““““s““scSbÃÃãÆ7W'&VçEöWö6…öf–ÆUö–çFVw&—G•öæ÷E÷FV×÷&Åö6ö×&&–Æ—G£ƒƒƒÃã#s“#ƒƒCsrÃÃãÆ7W'&VçEöWö6…öf–ÆUö–çFVw&—G•öæ÷E÷FV×÷&Åö6ö×&&–Æ—G£ƒƒƒ"ÂÓã3#3C“““““““ƒc2ÃÃãÆ7W'&VçEöWö6…öf–ÆUö–çFVw&—G•öæ÷E÷FV×÷&Åö6ö×&&–Æ—G£ƒƒƒ2ÂÓã##c““““““ssCƒS2ÃÃãÆ7W'&VçEöWö6…öf–ÆUö–çFVw&—G•öæ÷E÷FV×÷&Åö6ö×&&–Æ—G£ƒƒƒBÂÓãCCsC3cscBÃÃãÆ7W'&VçEöWö6…öf–ÆUö–çFVw&—G•öæ÷E÷FV×÷&Åö6ö×&&–Æ—G£ƒƒƒRÃã3“#““““““““S#BÃÃãÆ7W'&VçEöWö6…öf–ÆUö–çFVw&—G•öæ÷E÷FV×÷&Åö6ö×&&–Æ—G£ƒƒƒbÃã#33sƒ3SsBÃÃãÆ7W'&VçEöWö6…öf–ÆUö–çFVw&—G•öæ÷E÷FV×÷&Åö6ö×&&–Æ—G£ƒƒƒrÃãCƒƒcC“““““““3#C‚ÃÃãÆ7W'&VçEöWö6…öf–ÆUö–çFVw&—G•öæ÷E÷FV×÷&Åö6ö×&&–Æ—G£ƒƒƒ‚ÃãCCƒcƒ33‚ÃÃãÆ7W'&VçEöWö6…öf–ÆUö–çFVw&—G•öæ÷E÷FV×÷&Åö6ö×&&–Æ—G£ƒƒƒ’Ãã#ƒƒƒ“3CCƒ"ÃÃãÆ7W'&VçEöWö6…öf–ÆUö–çFVw&—G•öæ÷E÷FV×÷&Åö6ö×&&–Æ—G£ƒƒ“Ãã#3“C“““““““cCƒ‚ÃÃãÆ7W'&VçEöWö6…öf–ÆUö–çFVw&—G•öæ÷E÷FV×÷&Åö6ö×&&–Æ—G£ƒƒ“ÃãC“cSƒ3ƒ’ÃÃãÆ7W'&VçEöWö6…öf–ÆUö–çFVw&—G•öæ÷E÷FV×÷&Åö6ö×&&–Æ—G£ƒƒ“"ÂÓãc#Sƒ“““““““““"ÃÃãÆ7W'&VçEöWö6…öf–ÆUö–çFVw&—G•öæ÷E÷FV×÷&Åö6ö×&&–Æ—G£ƒƒ“2ÂÓã3cS“““““““““scrÃÃãÆ7W'&VçEöWö6…öf–ÆUö–çFVw&—G•öæ÷E÷FV×÷&Åö6ö×&&–Æ—G£ƒƒ“BÃã#3“3ScCc"ÃÃãÆ7W'&VçEöWö6…öf–ÆUö–çFVw&—G•öæ÷E÷FV×÷&Åö6ö×&&–Æ—G£ƒƒ“RÂÓã33“““““““ƒS“ƒƒBÃÃãÆ7W'&VçEöWö6…öf–ÆUö–çFVw&—G•öæ÷E÷FV×÷&Åö6ö×&&–Æ—G£ƒƒ“bÂÓãCS““3“#SRÃÃãÆ7W'&VçEöWö6…öf–ÆUö–çFVw&—G•öæ÷E÷FV×÷&Åö6ö×&&–Æ—G£ƒƒ“rÂÓãCƒS#““““““ƒSs#sRÃÃãÆ7W'&VçEöWö6…öf–ÆUö–çFVw&—G•öæ÷E÷FV×÷&Åö6ö×&&–Æ—G£ƒƒ“‚Ãã“ss#“““RÃÃãÆ7W'&VçEöWö6…öf–ÆUö–çFVw&—G•öæ÷E÷FV×÷&Åö6ö×&&–Æ—G£ƒƒ“’ÃãCƒs““““““s“SƒÃÃãÆ7W'&VçEöWö6…öf–ÆUö–çFVw&—G•öæ÷E÷FV×÷&Åö6ö×&&–Æ—G£ƒ“Ãã3Cc“““““““““S3C2ÃÃãÆ7W'&VçEöWö6…öf–ÆUö–çFVw&—G•öæ÷E÷FV×÷&Åö6ö×&&–Æ—G£ƒ“ÂÓã#SSs#“ƒ"ÃÃãÆ7W'&VçEöWö6…öf–ÆUö–çFVw&—G•öæ÷E÷FV×÷&Åö6ö×&&–Æ—G£ƒ“"ÂÓãCc#ccbÃÃãÆ7W'&VçEöWö6…öf–ÆUö–çFVw&—G•öæ÷E÷FV×÷&Åö6ö×&&–Æ—G£ƒ“2Ãã3scS33ƒRÃÃãÆ7W'&VçEöWö6…öf–ÆUö–çFVw&—G•öæ÷E÷FV×÷&Åö6ö×&&–Æ—G£ƒ“BÂÓã#c““““““ƒccƒ#ÃÃãÆ7W'&VçEöWö6…öf–ÆUö–çFVw&—G•öæ÷E÷FV×÷&Åö6ö×&&–Æ—G£ƒ“RÃã#33““““““““csC3rÃÃãÆ7W'&VçEöWö6…öf–ÆUö–çFVw&—G•öæ÷E÷FV×÷&Åö6ö×&&–Æ—G£ƒ“bÃã##ƒsC““““““Csc2ÃÃãÆ7W'&VçEöWö6…öf–ÆUö–çFVw&—G•öæ÷E÷FV×÷&Åö6ö×&&–Æ—G£ƒ“rÃãCcsSƒ3#RÃÃãÆ7W'&VçEöWö6…öf–ÆUö–çFVw&—G•öæ÷E÷FV×÷&Åö6ö×&&–Æ—G£ƒ“‚Ãã#ƒcc3#“#"ÃÃãÆ7W'&VçEöWö6…öf–ÆUö–çFVw&—G•öæ÷E÷FV×÷&Åö6ö×&&–Æ—G£ƒ“’Ãã3Sƒ““““““S3““#cbÃÃãÆ7W'&VçEöWö6…öf–ÆUö–çFVw&—G•öæ÷E÷FV×÷&Åö6ö×&&–Æ—G£ƒ“ÂÓã3ƒS#ƒ##3“ƒ2ÃÃãÆ7W'&VçEöWö6…öf–ÆUö–çFVw&—G•öæ÷E÷FV×÷&Åö6ö×&&–Æ—G£ƒ“Ãã#3cS3c#bÃÃãÆ7W'&VçEöWö6…öf–ÆUö–çFVw&—G•öæ÷E÷FV×÷&Åö6ö×&&–Æ—G£ƒ“"Ãã#“#“ƒsBÃÃãÆ7W'&VçEöWö6…öf–ÆUö–çFVw&—G•öæ÷E÷FV×÷&Åö6ö×&&–Æ—G£ƒ“2Ãã#C3““““““ƒss““crÃÃãÆ7W'&VçEöWö6…öf–ÆUö–çFVw&—G•öæ÷E÷FV×÷&Åö6ö×&&–Æ—G£ƒ“BÂÓã3C“c“““““““SsRÃÃãÆ7W'&VçEöWö6…öf–ÆUö–çFVw&—G•öæ÷E÷FV×÷&Åö6ö×&&–Æ—G£ƒ“RÃãs#CcS“#SbÃÃãÆ7W'&VçEöWö6…öf–ÆUö–çFVw&—G•öæ÷E÷FV×÷&Åö6ö×&&–Æ—G£ƒ“bÂÓãCcS#“““““““3ƒscbÃÃãÆ7W'&VçEöWö6…öf–ÆUö–çFVw&—G•öæ÷E÷FV×÷&Åö6ö×&&–Æ—G£ƒ“rÃãcƒC“““““““3“CcBÃÃãÆ7W'&VçEöWö6…öf–ÆUö–çFVw&—G•öæ÷E÷FV×÷&Åö6ö×&&–Æ—G£ƒ“‚ÂÓãC##““““““sƒƒS’ÃÃãÆ7W'&VçEöWö6…öf–ÆUö–çFVw&—G•öæ÷E÷FV×÷&Åö6ö×&&–Æ—G£ƒ“’ÃãCC#c“““““““CSRÃÃãÆ7W'&VçEöWö6…öf–ÆUö–çFVw&—G•öæ÷E÷FV×÷&Åö6ö×&&–Æ—G£ƒ“#ÂÓãC#Sƒ““““““s#ƒ“ƒRÃÃãÆ7W'&VçEöWö6…öf–ÆUö–çFVw&—G•öæ÷E÷FV×÷&Åö6ö×&&–Æ—G£ƒ“#Ãã#Ssc3c#ƒbÃÃãÆ7W'&VçEöWö6…öf–ÆUö–çFVw&—G•öæ÷E÷FV×÷&Åö6ö×&&–Æ—G£ƒ“#"ÃãCs3C“““““““#sƒ##RÃÃãÆ7W'&VçEöWö6…öf–ÆUö–çFVw&—G•öæ÷E÷FV×÷&Åö6ö×&&–Æ—G£ƒ“#2ÃãCcs3###BÃÃãÆ7W'&VçEöWö6…öf–ÆUö–çFVw&—G•öæ÷E÷FV×÷&Åö6ö×&&–Æ—G£ƒ“#BÃãCƒC3s#S2ÃÃãÆ7W'&VçEöWö6…öf–ÆUö–çFVw&—G•öæ÷E÷FV×÷&Åö6ö×&&–Æ—G£ƒ“#RÂÓã3s3CSƒ‚ÃÃãÆ7W'&VçEöWö6…öf–ÆUö–çFVw&—G•öæ÷E÷FV×÷&Åö6ö×&&–Æ—G£ƒ“#bÃã3#SSCsRÃÃãÆ7W'&VçEöWö6…öf–ÆUö–çFVw&—G•öæ÷E÷FV×÷&Åö6ö×&&–Æ—G£ƒ“#rÃãƒƒc#ƒ#RÃÃãÆ7W'&VçEöWö6…öf–ÆUö–çFVw&—G•öæ÷E÷FV×÷&Åö6ö×&&–Æ—G£ƒ“#‚ÂÓãS“C##crÃÃãÆ7W'&VçEöWö6…öf–ÆUö–çFVw&—G•öæ÷E÷FV×÷&Åö6ö×&&–Æ—G£ƒ“#’ÂÓã#ƒc#cc3S‚ÃÃãÆ7W'&VçEöWö6…öf–ÆUö–çFVw&—G•öæ÷E÷FV×÷&Åö6ö×&&–Æ—G£ƒ“3ÂÓãCcssSC’ÃÃãÆ7W'&VçEöWö6…öf–ÆUö–çFVw&—G•öæ÷E÷FV×÷&Åö6ö×&&–Æ—G£ƒ“3ÃãCccS“SCcbÃÃãÆ7W'&VçEöWö6…öf–ÆUö–çFVw&—G•öæ÷E÷FV×÷&Åö6ö×&&–Æ—G£ƒ“3"Ãã3#C#Cs3c’ÃÃãÆ7W'&VçEöWö6…öf–ÆUö–çFVw&—G•öæ÷E÷FV×÷&Åö6ö×&&–Æ—G£ƒ“32ÂÓã3“SS““““““S#ƒ#ƒRÃÃãÆ7W'&VçEöWö6…öf–ÆUö–çFVw&—G•öæ÷E÷FV×÷&Åö6ö×&&–Æ—G£ƒ“3BÃãcƒ““““““ScCCÃÃãÆ7W'&VçEöWö6…öf–ÆUö–çFVw&—G•öæ÷E÷FV×÷&Åö6ö×&&–Æ—G£ƒ“3RÃã#Cƒ3ƒCSCCƒRÃÃãÆ7W'&VçEöWö6…öf–ÆUö–çFVw&—G•öæ÷E÷FV×÷&Åö6ö×&&–Æ—G£ƒ“3bÃã3s#ccrÃÃãÆ7W'&VçEöWö6…öf–ÆUö–çFVw&—G•öæ÷E÷FV×÷&Åö6ö×&&–Æ—G£ƒ“3rÂÓãCsS3“““““““SsS’ÃÃãÆ7W'&VçEöWö6…öf–ÆUö–çFVw&—G•öæ÷E÷FV×÷&Åö6ö×&&–Æ—G£ƒ“3‚Ãã#s“3““““““““CC"ÃÃãÆ7W'&VçEöWö6…öf–ÆUö–çFVw&—G•öæ÷E÷FV×÷&Åö6ö×&&–Æ—G£ƒ“3’ÂÓãCsCC““““““s#sS’ÃÃãÆ7W'&VçEöWö6…öf–ÆUö–çFVw&—G•öæ÷E÷FV×÷&Åö6ö×&&–Æ—G£ƒ“CÂÓã##“3ƒC3#"ÃÃãÆ7W'&VçEöWö6…öf–ÆUö–çFVw&—G•öæ÷E÷FV×÷&Åö6ö×&&–Æ—G£ƒ“CÃãCS3“s““““““ƒC“srÃÃãÆ7W'&VçEöWö6…öf–ÆUö–çFVw&—G•öæ÷E÷FV×÷&Åö6ö×&&–Æ—G£ƒ“C"ÂÓã3cC#ƒ“cRÃÃãÆ7W'&VçEöWö6…öf–ÆUö–çFVw&—G•öæ÷E÷FV×÷&Åö6ö×&&–Æ—G£ƒ“C2ÂÓã3#s““““““sSƒ3#"ÃÃãÆ7W'&VçEöWö6…öf–ÆUö–çFVw&—G•öæ÷E÷FV×÷&Åö6ö×&&–Æ—G£ƒ“CBÃãC3“#33S“#RÃÃãÆ7W'&VçEöWö6…öf–ÆUö–çFVw&—G•öæ÷E÷FV×÷&Åö6ö×&&–Æ—G£ƒ“CRÃãCssƒRÃÃãÆ7W'&VçEöWö6…öf–ÆUö–çFVw&—G•öæ÷E÷FV×÷&Åö6ö×&&–Æ—G£ƒ“CbÂÓã3#cS#CcƒRÃÃãÆ7W'&VçEöWö6…öf–ÆUö–çFVw&—G•öæ÷E÷FV×÷&Åö6ö×&&–Æ—G£ƒ“CrÂÓãS#Ss#ƒRÃÃãÆ7W'&VçEöWö6…öf–ÆUö–çFVw&—G•öæ÷E÷FV×÷&Åö6ö×&&–Æ—G£ƒ“C‚ÂÓã3cc#c““““““ƒc#cBÃÃãÆ7W'&VçEöWö6…öf–ÆUö–çFVw&—G•öæ÷E÷FV×÷&Åö6ö×&&–Æ—G£ƒ“C’ÂÓã#CC3C#3rÃÃãÆ7W'&VçEöWö6…öf–ÆUö–çFVw&—G•öæ÷E÷FV×÷&Åö6ö×&&–Æ—G£ƒ“SÂÓãccs#Cƒcc3ÃÃãÆ7W'&VçEöWö6…öf–ÆUö–çFVw&—G•öæ÷E÷FV×÷&Åö6ö×&&–Æ—G£ƒ“SÂÓã33c“““““““ƒsƒ“2ÃÃãÆ7W'&VçEöWö6…öf–ÆUö–çFVw&—G•öæ÷E÷FV×÷&Åö6ö×&&–Æ—G£ƒ“S"ÂÓã#sSc“““““““ƒ3#3bÃÃãÆ7W'&VçEöWö6…öf–ÆUö–çFVw&—G•öæ÷E÷FV×÷&Åö6ö×&&–Æ—G£ƒ“S2ÂÓã3s#“““““““ƒƒƒ#BÃÃãÆ7W'&VçEöWö6…öf–ÆUö–çFVw&—G•öæ÷E÷FV×÷&Åö6ö×&&–Æ—G£ƒ“SBÂÓã##“““““““ƒƒƒ#C2ÃÃãÆ7W'&VçEöWö6…öf–ÆUö–çFVw&—G•öæ÷E÷FV×÷&Åö6ö×&&–Æ—G£ƒ“SRÃãCC3c““““““CS#3ƒ"ÃÃãÆ7W'&VçEöWö6…öf–ÆUö–çFVw&—G•öæ÷E÷FV×÷&Åö6ö×&&–Æ—G£ƒ“SbÃã“3#s33“CcrÃÃãÆ7W'&VçEöWö6…öf–ÆUö–çFVw&—G•öæ÷E÷FV×÷&Åö6ö×&&–Æ—G£ƒ“SrÂÓãC“ƒ“““““““ƒsC#rÃÃãÆ7W'&VçEöWö6…öf–ÆUö–çFVw&—G•öæ÷E÷FV×÷&Åö6ö×&&–Æ—G£ƒ“S‚ÃãCsCc““““““3S“#RÃÃãÆ7W'&VçEöWö6…öf–ÆUö–çFVw&—G•öæ÷E÷FV×÷&Åö6ö×&&–Æ—G£ƒ“S’ÃãC#“3s#S2ÃÃãÆ7W'&VçEöWö6…öf–ÆUö–çFVw&—G•öæ÷E÷FV×÷&Åö6ö×&&–Æ—G£ƒ“cÂÓã#ScCssƒ‚ÃÃãÆ7W'&VçEöWö6…öf–ÆUö–çFVw&—G•öæ÷E÷FV×÷&Åö6ö×&&–Æ—G£ƒ“cÂÓãƒccs““““““ƒƒƒsrÃÃãÆ7W'&VçEöWö6…öf–ÆUö–çFVw&—G•öæ÷E÷FV×÷&Åö6ö×&&–Æ—G£ƒ“c"Ãã3s#3cƒƒBÃÃãÆ7W'&VçEöWö6…öf–ÆUö–çFVw&—G•öæ÷E÷FV×÷&Åö6ö×&&–Æ—G£ƒ“c2ÂÓã3#cC“““““““SSsc"ÃÃãÆ7W'&VçEöWö6…öf–ÆUö–çFVw&—G•öæ÷E÷FV×÷&Åö6ö×&&–Æ—G£ƒ“cBÂÓã#3ƒ#s"ÃÃãÆ7W'&VçEöWö6…öf–ÆUö–çFVw&—G•öæ÷E÷FV×÷&Åö6ö×&&–Æ—G£ƒ“cRÂÓã“s3ƒcS#3“ÃÃãÆ7W'&VçEöWö6…öf–ÆUö–çFVw&—G•öæ÷E÷FV×÷&Åö6ö×&&–Æ—G£ƒ“cbÃãS“““““““““scsc“BÃÃãÆ7W'&VçEöWö6…öf–ÆUö–çFVw&—G•öæ÷E÷FV×÷&Åö6ö×&&–Æ—G£ƒ“c‚ÂÓãƒs3“““““““““rÃÃãÆ7W'&VçEöWö6…öf–ÆUö–çFVw&—G•öæ÷E÷FV×÷&Åö6ö×&&–Æ—G£ƒ“c’Ãã3cSs3C“ƒs#2ÃÃãÆ7W'&VçEöWö6…öf–ÆUö–çFVw&—G•öæ÷E÷FV×÷&Åö6ö×&&–Æ—G£ƒ“sÂÓã#“c“““““““Cs3‚ÃÃãÆ7W'&VçEöWö6…öf–ÆUö–çFVw&—G•öæ÷E÷FV×÷&Åö6ö×&&–Æ—G£ƒ“sÂÓãs#3“““““““S“2ÃÃãÆ7W'&VçEöWö6…öf–ÆUö–çFVw&—G•öæ÷E÷FV×÷&Åö6ö×&&–Æ—G£ƒ“s"Ãã“##Cc’ÃÃãÆ7W'&VçEöWö6…öf–ÆUö–çFVw&—G•öæ÷E÷FV×÷&Åö6ö×&&–Æ—G£ƒ“s2ÂÓã3ƒ#S“““““““sƒ#rÃÃãÆ7W'&VçEöWö6…öf–ÆUö–çFVw&—G•öæ÷E÷FV×÷&Åö6ö×&&–Æ—G£ƒ“sBÃã###s#““““““CCC"ÃÃãÆ7W'&VçEöWö6…öf–ÆUö–çFVw&—G•öæ÷E÷FV×÷&Åö6ö×&&–Æ—G£ƒ“sRÃã#CsC“““““““scsrÃÃãÆ7W'&VçEöWö6…öf–ÆUö–çFVw&—G•öæ÷E÷FV×÷&Åö6ö×&&–Æ—G£ƒ“sbÂÓãƒ#“ƒS#bÃÃãÆ7W'&VçEöWö6…öf–ÆUö–çFVw&—G•öæ÷E÷FV×÷&Åö6ö×&&–Æ—G£ƒ“srÂÓãCƒƒƒS““““““scSsrÃÃãÆ7W'&VçEöWö6…öf–ÆUö–çFVw&—G•öæ÷E÷FV×÷&Åö6ö×&&–Æ—G£ƒ“s‚Ãã#cƒ“““““““csc3rÃÃãÆ7W'&VçEöWö6…öf–ÆUö–çFVw&—G•öæ÷E÷FV×÷&Åö6ö×&&–Æ—G£ƒ“s’ÂÓã#ƒC33cÃÃãÆ7W'&VçEöWö6…öf–ÆUö–çFVw&—G•öæ÷E÷FV×÷&Åö6ö×&&–Æ—G£ƒ“ƒÃãCC#S“““““““CƒSCCBÃÃãÆ7W'&VçEöWö6…öf–ÆUö–çFVw&—G•öæ÷E÷FV×÷&Åö6ö×&&–Æ—G£ƒ“ƒÂÓã3cƒƒSCscsrÃÃãÆ7W'&VçEöWö6…öf–ÆUö–çFVw&—G•öæ÷E÷FV×÷&Åö6ö×&&–Æ—G£ƒ“ƒ"Ããƒ#““““““s3S3’ÃÃãÆ7W'&VçEöWö6…öf–ÆUö–çFVw&—G•öæ÷E÷FV×÷&Åö6ö×&&–Æ—G£ƒ“ƒ2ÂÓã3“ƒ###BÃÃãÆ7W'&VçEöWö6…öf–ÆUö–çFVw&—G•öæ÷E÷FV×÷&Åö6ö×&&–Æ—G£ƒ“ƒBÂÓãƒ““““““““ƒ3“‚ÃÃãÆ7W'&VçEöWö6…öf–ÆUö–çFVw&—G•öæ÷E÷FV×÷&Åö6ö×&&–Æ—G£ƒ“ƒRÂÓã#3sc““““““#ƒƒ‚ÃÃãÆ7W'&VçEöWö6…öf–ÆUö–çFVw&—G•öæ÷E÷FV×÷&Åö6ö×&&–Æ—G£ƒ“ƒbÃã3c“““““““c3csƒBÃÃãÆ7W'&VçEöWö6…öf–ÆUö–çFVw&—G•öæ÷E÷FV×÷&Åö6ö×&&–Æ—G£ƒ“ƒrÃã“c“c““““““s#3c2ÃÃãÆ7W'&VçEöWö6…öf–ÆUö–çFVw&—G•öæ÷E÷FV×÷&Åö6ö×&&–Æ—G£ƒ“ƒ‚Ãã#Sƒs“““““““S“s#2ÃÃãÆ7W'&VçEöWö6…öf–ÆUö–çFVw&—G•öæ÷E÷FV×÷&Åö6ö×&&–Æ—G£ƒ“ƒ’Ãã#““#“““““““ƒscbÃÃãÆ7W'&VçEöWö6…öf–ÆUö–çFVw&—G•öæ÷E÷FV×÷&Åö6ö×&&–Æ—G£ƒ““ÂÓãCssƒ“““““““ƒCC"ÃÃãÆ7W'&VçEöWö6…öf–ÆUö–çFVw&—G•öæ÷E÷FV×÷&Åö6ö×&&–Æ—G£ƒ““ÂÓãCCS3s““““““s3ƒS2ÃÃãÆ7W'&VçEöWö6…öf–ÆUö–çFVw&—G•öæ÷E÷FV×÷&Åö6ö×&&–Æ—G£ƒ““"ÂÓã#“S#S#ƒS#"ÃÃãÆ7W'&VçEöWö6…öf–ÆUö–çFVw&—G•öæ÷E÷FV×÷&Åö6ö×&&–Æ—G£ƒ““2ÂÓã#S“ƒ3ƒ"ÃÃãÆ7W'&VçEöWö6…öf–ÆUö–çFVw&—G•öæ÷E÷FV×÷&Åö6ö×&&–Æ—G£ƒ““BÂÓã3ƒ““““““““SSsc#"ÃÃãÆ7W'&VçEöWö6…öf–ÆUö–çFVw&—G•öæ÷E÷FV×÷&Åö6ö×&&–Æ—G£ƒ““RÃãS“#“““““““3S#s3ÃÃãÆ7W'&VçEöWö6…öf–ÆUö–çFVw&—G•öæ÷E÷FV×÷&Åö6ö×&&–Æ—G£ƒ““bÃã#s3sC““““““3SÃÃãÆ7W'&VçEöWö6…öf–ÆUö–çFVw&—G•öæ÷E÷FV×÷&Åö6ö×&&–Æ—G£ƒ““rÂÓã“c“C3ƒs32ÃÃãÆ7W'&VçEöWö6…öf–ÆUö–çFVw&—G•öæ÷E÷FV×÷&Åö6ö×&&–Æ—G£ƒ““‚ÂÓãS““““““““ƒ#“BÃÃãÆ7W'&VçEöWö6…öf–ÆUö–çFVw&—G•öæ÷E÷FV×÷&Åö6ö×&&–Æ—G£ƒ““’Ããƒ3c“““““““C3#crÃÃãÆ7W'&VçEöWö6…öf–ÆUö–çFVw&—G•öæ÷E÷FV×÷&Åö6ö×&&–Æ—G£“Ãã#c“3““““““ƒC3s"ÃÃãÆ7W'&VçEöWö6…öf–ÆUö–çFVw&—G•öæ÷E÷FV×÷&Åö6ö×&&–Æ—G£“"Ãã3S““““““CC3c’ÃÃãÆ7W'&VçEöWö6…öf–ÆUö–çFVw&—G•öæ÷E÷FV×÷&Åö6ö×&&–Æ—G£“2Ããƒ“3ƒCƒ“CÃÃãÆ7W'&VçEöWö6…öf–ÆUö–çFVw&—G•öæ÷E÷FV×÷&Åö6ö×&&–Æ—G£“BÃãC#“““““““c##ƒCBÃÃãÆ7W'&VçEöWö6…öf–ÆUö–çFVw&—G•öæ÷E÷FV×÷&Åö6ö×&&–Æ—G£“RÂÓãCC3Sƒcs32ÃÃãÆ7W'&VçEöWö6…öf–ÆUö–çFVw&—G•öæ÷E÷FV×÷&Åö6ö×&&–Æ—G£“bÂÓã#cƒ#““““““Cs#CbÃÃãÆ7W'&VçEöWö6…öf–ÆUö–çFVw&—G•öæ÷E÷FV×÷&Åö6ö×&&–Æ—G£“rÃã#S#3csƒs#BÃÃãÆ7W'&VçEöWö6…öf–ÆUö–çFVw&—G•öæ÷E÷FV×÷&Åö6ö×&&–Æ—G£“‚Ãã#s““““““ƒƒ3’ÃÃãÆ7W'&VçEöWö6…öf–ÆUö–çFVw&—G•öæ÷E÷FV×÷&Åö6ö×&&–Æ—G£“’Ãã3cC“Cƒƒ“BÃÃãÆ7W'&VçEöWö6…öf–ÆUö–çFVw&—G•öæ÷E÷FV×÷&Åö6ö×&&–Æ—G£“Ãã3#CScÃÃãÆ7W'&VçEöWö6…öf–ÆUö–çFVw&—G•öæ÷E÷FV×÷&Åö6ö×&&–Æ—G£“ÂÓã33#rÃÃãÆ7W'&VçEöWö6…öf–ÆUö–çFVw&—G•öæ÷E÷FV×÷&Åö6ö×&&–Æ—G£“"ÂÓã#Cs##S#c2ÃÃãÆ7W'&VçEöWö6…öf–ÆUö–çFVw&—G•öæ÷E÷FV×÷&Åö6ö×&&–Æ—G£“2ÂÓãƒC#““““““ƒsscSBÃÃãÆ7W'&VçEöWö6…öf–ÆUö–çFVw&—G•öæ÷E÷FV×÷&Åö6ö×&&–Æ—G£“BÃãCscSC3#“c’ÃÃãÆ7W'&VçEöWö6…öf–ÆUö–çFVw&—G•öæ÷E÷FV×÷&Åö6ö×&&–Æ—G£“RÂÓã#“Sc33srÃÃãÆ7W'&VçEöWö6…öf–ÆUö–çFVw&—G•öæ÷E÷FV×÷&Åö6ö×&&–Æ—G£“bÂÓã3s“Sc““““““s3#“C2ÃÃãÆ7W'&VçEöWö6…öf–ÆUö–çFVw&—G•öæ÷E÷FV×÷&Åö6ö×&&–Æ—G£“rÂÓãs“““““““#s3ScƒBÃÃãÆ7W'&VçEöWö6…öf–ÆUö–çFVw&—G•öæ÷E÷FV×÷&Åö6ö×&&–Æ—G£“‚Ãã#“““““““#3s"ÃÃãÆ7W'&VçEöWö6…öf–ÆUö–çFVw&—G•öæ÷E÷FV×÷&Åö6ö×&&–Æ—G£“’ÂÓã3c33S#sbÃÃãÆ7W'&VçEöWö6…öf–ÆUö–çFVw&—G•öæ÷E÷FV×÷&Åö6ö×&&–Æ—G£“#Ããƒ3s#cC3"ÃÃãÆ7W'&VçEöWö6…öf–ÆUö–çFVw&—G•öæ÷E÷FV×÷&Åö6ö×&&–Æ—G£“#Ãã#CƒSS3BÃÃãÆ7W'&VçEöWö6…öf–ÆUö–çFVw&—G•öæ÷E÷FV×÷&Åö6ö×&&–Æ—G£“#"ÂÓãS3“Cs“c2ÃÃãÆ7W'&VçEöWö6…öf–ÆUö–çFVw&—G•öæ÷E÷FV×÷&Åö6ö×&&–Æ—G£“#2Ããc3s““““““ƒ#SS“bÃÃãÆ7W'&VçEöWö6…öf–ÆUö–çFVw&—G•öæ÷E÷FV×÷&Åö6ö×&&–Æ—G£“#BÂÓã#CsssscSBÃÃãÆ7W'&VçEöWö6…öf–ÆUö–çFVw&—G•öæ÷E÷FV×÷&Åö6ö×&&–Æ—G£“#RÃãCCcs‚ÃÃãÆ7W'&VçEöWö6…öf–ÆUö–çFVw&—G•öæ÷E÷FV×÷&Åö6ö×&&–Æ—G£“#bÃãCƒSc“““““““sCSRÃÃãÆ7W'&VçEöWö6…öf–ÆUö–çFVw&—G•öæ÷E÷FV×÷&Åö6ö×&&–Æ—G£“#rÂÓãCcCSƒc#cRÃÃãÆ7W'&VçEöWö6…öf–ÆUö–çFVw&—G•öæ÷E÷FV×÷&Åö6ö×&&–Æ—G£“#‚ÂÓãsƒ““““““CCC“3rÃÃãÆ7W'&VçEöWö6…öf–ÆUö–çFVw&—G•öæ÷E÷FV×÷&Åö6ö×&&–Æ—G£“#’Ããs“““““““#3c3SRÃÃãÆ7W'&VçEöWö6…öf–ÆUö–çFVw&—G•öæ÷E÷FV×÷&Åö6ö×&&–Æ—G£“3Ãã#3““Cƒƒ“BÃÃãÆ7W'&VçEöWö6…öf–ÆUö–çFVw&—G•öæ÷E÷FV×÷&Åö6ö×&&–Æ—G£“3ÃãsS“s““““““CccÃÃãÆ7W'&VçEöWö6…öf–ÆUö–çFVw&—G•öæ÷E÷FV×÷&Åö6ö×&&–Æ—G£“3"ÃãC#“#3““““““scc#BÃÃãÆ7W'&VçEöWö6…öf–ÆUö–çFVw&—G•öæ÷E÷FV×÷&Åö6ö×&&–Æ—G£“32Ãã#“c“““““““ssCSBÃÃãÆ7W'&VçEöWö6…öf–ÆUö–çFVw&—G•öæ÷E÷FV×÷&Åö6ö×&&–Æ—G£“3BÃã3“s3Sc#2ÃÃãÆ7W'&VçEöWö6…öf–ÆUö–çFVw&—G•öæ÷E÷FV×÷&Åö6ö×&&–Æ—G£“3RÂÓãsC##sƒc“rÃÃãÆ7W'&VçEöWö6…öf–ÆUö–çFVw&—G•öæ÷E÷FV×÷&Åö6ö×&&–Æ—G£“3bÃãscCBÃÃãÆ7W'&VçEöWö6…öf–ÆUö–çFVw&—G•öæ÷E÷FV×÷&Åö6ö×&&–Æ—G£“3rÂÓã“ƒ#ƒƒsÃÃãÆ7W'&VçEöWö6…öf–ÆUö–çFVw&—G•öæ÷E÷FV×÷&Åö6ö×&&–Æ—G£“3‚ÂÓã#3SsC3sS“‚ÃÃãÆ7W'&VçEöWö6…öf–ÆUö–çFVw&—G•öæ÷E÷FV×÷&Åö6ö×&&–Æ—G£“3’Ãã#cc#“#ccrÃÃãÆ7W'&VçEöWö6…öf–ÆUö–çFVw&—G•öæ÷E÷FV×÷&Åö6ö×&&–Æ—G£“CÂÓã3ƒ“C#s3ƒÃÃãÆ7W'&VçEöWö6…öf–ÆUö–çFVw&—G•öæ÷E÷FV×÷&Åö6ö×&&–Æ—G£“CÂÓã#“CSƒc‚ÃÃãÆ7W'&VçEöWö6…öf–ÆUö–çFVw&—G•öæ÷E÷FV×÷&Åö6ö×&&–Æ—G£“C"Ãã3c33S#sbÃÃãÆ7W'&VçEöWö6…öf–ÆUö–çFVw&—G•öæ÷E÷FV×÷&Åö6ö×&&–Æ—G£“C2ÂÓã3#cS“#bÃÃãÆ7W'&VçEöWö6…öf–ÆUö–çFVw&—G•öæ÷E÷FV×÷&Åö6ö×&&–Æ—G£“CBÂÓã3ƒ““““““s“c“srÃÃãÆ7W'&VçEöWö6…öf–ÆUö–çFVw&—G•öæ÷E÷FV×÷&Åö6ö×&&–Æ—G£“CRÂÓã#C3C“3bÃÃãÆ7W'&VçEöWö6…öf–ÆUö–çFVw&—G•öæ÷E÷FV×÷&Åö6ö×&&–Æ—G£“CbÂÓã#3“ss3SBÃÃãÆ7W'&VçEöWö6…öf–ÆUö–çFVw&—G•öæ÷E÷FV×÷&Åö6ö×&&–Æ—G£“CrÂÓã#s“C#S“bÃÃãÆ7W'&VçEöWö6…öf–ÆUö–çFVw&—G•öæ÷E÷FV×÷&Åö6ö×&&–Æ—G£“C‚Ãã#Cc“““““““ƒ3#3bÃÃãÆ7W'&VçEöWö6…öf–ÆUö–çFVw&—G•öæ÷E÷FV×÷&Åö6ö×&&–Æ—G£“C’Ãã#cƒ3Scc“rÃÃãÆ7W'&VçEöWö6…öf–ÆUö–çFVw&—G•öæ÷E÷FV×÷&Åö6ö×&&–Æ—G£“SÃã#sCc3SsbÃÃãÆ7W'&VçEöWö6…öf–ÆUö–çFVw&—G•öæ÷E÷FV×÷&Åö6ö×&&–Æ—G£“SÃãƒ“““““““33ƒrÃÃãÆ7W'&VçEöWö6…öf–ÆUö–çFVw&—G•öæ÷E÷FV×÷&Åö6ö×&&–Æ—G£“S"ÃãCs“C“s‚ÃÃãÆ7W'&VçEöWö6…öf–ÆUö–çFVw&—G•öæ÷E÷FV×÷&Åö6ö×&&–Æ—G£“S2ÂÓã#SC3““““““scSƒBÃÃãÆ7W'&VçEöWö6…öf–ÆUö–çFVw&—G•öæ÷E÷FV×÷&Åö6ö×&&–Æ—G£“SBÃã3ƒ#“““““““C3ƒ2ÃÃãÆ7W'&VçEöWö6…öf–ÆUö–çFVw&—G•öæ÷E÷FV×÷&Åö6ö×&&–Æ—G£“SRÂÓãC“#ƒc#bÃÃãÆ7W'&VçEöWö6…öf–ÆUö–çFVw&—G•öæ÷E÷FV×÷&Åö6ö×&&–Æ—G£“SbÂÓã3C“c“#s3ƒÃÃãÆ7W'&VçEöWö6…öf–ÆUö–çFVw&—G•öæ÷E÷FV×÷&Åö6ö×&&–Æ—G£“SrÂÓãCs“3““““““S#ƒsRÃÃãÆ7W'&VçEöWö6…öf–ÆUö–çFVw&—G•öæ÷E÷FV×÷&Åö6ö×&&–Æ—G£“S‚ÂÓãƒCƒS““““““3“3#C2ÃÃãÆ7W'&VçEöWö6…öf–ÆUö–çFVw&—G•öæ÷E÷FV×÷&Åö6ö×&&–Æ—G£“S’Ãã33SSSƒbÃÃãÆ7W'&VçEöWö6…öf–ÆUö–çFVw&—G•öæ÷E÷FV×÷&Åö6ö×&&–Æ—G£“cÃãCScsSC3rÃÃãÆ7W'&VçEöWö6…öf–ÆUö–çFVw&—G•öæ÷E÷FV×÷&Åö6ö×&&–Æ—G£“cÂÓã3“3Cƒ3ƒ"ÃÃãÆ7W'&VçEöWö6…öf–ÆUö–çFVw&—G•öæ÷E÷FV×÷&Åö6ö×&&–Æ—G£“c"Ãã#CC#“““““““3SBÃÃãÆ7W'&VçEöWö6…öf–ÆUö–çFVw&—G•öæ÷E÷FV×÷&Åö6ö×&&–Æ—G£“c2ÂÓãC3s#CƒSCbÃÃãÆ7W'&VçEöWö6…öf–ÆUö–çFVw&—G•öæ÷E÷FV×÷&Åö6ö×&&–Æ—G£“cBÂÓãC#““““““““S#CBÃÃãÆ7W'&VçEöWö6…öf–ÆUö–çFVw&—G•öæ÷E÷FV×÷&Åö6ö×&&–Æ—G£“cRÂÓã#“cc““““““3sƒ’ÃÃãÆ7W'&VçEöWö6…öf–ÆUö–çFVw&—G•öæ÷E÷FV×÷&Åö6ö×&&–Æ—G£“cbÂÓãCƒsCƒƒCs’ÃÃãÆ7W'&VçEöWö6…öf–ÆUö–çFVw&—G•öæ÷E÷FV×÷&Åö6ö×&&–Æ—G£“crÃã““##c3RÃÃãÆ7W'&VçEöWö6…öf–ÆUö–çFVw&—G•öæ÷E÷FV×÷&Åö6ö×&&–Æ—G£“c‚Ãã3sC“##s#BÃÃãÆ7W'&VçEöWö6…öf–ÆUö–çFVw&—G•öæ÷E÷FV×÷&Åö6ö×&&–Æ—G£“c’ÃãC#“S““““““sCcÃÃãÆ7W'&VçEöWö6…öf–ÆUö–çFVw&—G•öæ÷E÷FV×÷&Åö6ö×&&–Æ—G£“sÃã#CƒC“’ÃÃãÆ7W'&VçEöWö6…öf–ÆUö–çFVw&—G•öæ÷E÷FV×÷&Åö6ö×&&–Æ—G£“sÂÓãcƒs““““““s#ƒSBÃÃãÆ7W'&VçEöWö6…öf–ÆUö–çFVw&—G•öæ÷E÷FV×÷&Åö6ö×&&–Æ—G£“s"ÃãCS3SƒSbÃÃãÆ7W'&VçEöWö6…öf–ÆUö–çFVw&—G•öæ÷E÷FV×÷&Åö6ö×&&–Æ—G£“s2ÂÓãCƒc““““““““3s3bÃÃãÆ7W'&VçEöWö6…öf–ÆUö–çFVw&—G•öæ÷E÷FV×÷&Åö6ö×&&–Æ—G£“sBÃãsss“c"ÃÃãÆ7W'&VçEöWö6…öf–ÆUö–çFVw&—G•öæ÷E÷FV×÷&Åö6ö×&&–Æ—G£“sRÃã#C3s“““““““cSSCÃÃãÆ7W'&VçEöWö6…öf–ÆUö–çFVw&—G•öæ÷E÷FV×÷&Åö6ö×&&–Æ—G£“sbÂÓãC““3“ƒBÃÃãÆ7W'&VçEöWö6…öf–ÆUö–çFVw&—G•öæ÷E÷FV×÷&Åö6ö×&&–Æ—G£“srÃãCsCsƒ““““““#“3S’ÃÃãÆ7W'&VçEöWö6…öf–ÆUö–çFVw&—G•öæ÷E÷FV×÷&Åö6ö×&&–Æ—G£“s‚ÂÓã#3SSSc3CRÃÃãÆ7W'&VçEöWö6…öf–ÆUö–çFVw&—G•öæ÷E÷FV×÷&Åö6ö×&&–Æ—G£“s’ÂÓãSƒ““““““““3ƒ#““’ÃÃãÆ7W'&VçEöWö6…öf–ÆUö–çFVw&—G•öæ÷E÷FV×÷&Åö6ö×&&–Æ—G£“ƒÂÓã#3SC3ƒSBÃÃãÆ7W'&VçEöWö6…öf–ÆUö–çFVw&—G•öæ÷E÷FV×÷&Åö6ö×&&–Æ—G£“ƒÂÓãCC#““““““s“3#CbÃÃãÆ7W'&VçEöWö6…öf–ÆUö–çFVw&—G•öæ÷E÷FV×÷&Åö6ö×&&–Æ—G£“ƒ"Ãã#“#3“ss’ÃÃãÆ7W'&VçEöWö6…öf–ÆUö–çFVw&—G•öæ÷E÷FV×÷&Åö6ö×&&–Æ—G£“ƒ2ÂÓã3ƒ“““““““ƒƒS“2ÃÃãÆ7W'&VçEöWö6…öf–ÆUö–çFVw&—G•öæ÷E÷FV×÷&Åö6ö×&&–Æ—G£“ƒBÂÓã3s3S““““““3s3#"ÃÃãÆ7W'&VçEöWö6…öf–ÆUö–çFVw&—G•öæ÷E÷FV×÷&Åö6ö×&&–Æ—G£“ƒRÂÓãCƒ3#““““““ƒS#’ÃÃãÆ7W'&VçEöWö6…öf–ÆUö–çFVw&—G•öæ÷E÷FV×÷&Åö6ö×&&–Æ—G£“ƒbÂÓãcƒCS#RÃÃãÆ7W'&VçEöWö6…öf–ÆUö–çFVw&—G•öæ÷E÷FV×÷&Åö6ö×&&–Æ—G£“ƒrÃã“ss“““““““CCSƒc2ÃÃãÆ7W'&VçEöWö6…öf–ÆUö–çFVw&—G•öæ÷E÷FV×÷&Åö6ö×&&–Æ—G£“ƒ‚ÂÓã3ƒƒs““““““cƒcCBÃÃãÆ7W'&VçEöWö6…öf–ÆUö–çFVw&—G•öæ÷E÷FV×÷&Åö6ö×&&–Æ—G£“ƒ’ÃãCs##“3CbÃÃãÆ7W'&VçEöWö6…öf–ÆUö–çFVw&—G•öæ÷E÷FV×÷&Åö6ö×&&–Æ—G£““ÂÓãƒCCsƒ"ÃÃãÆ7W'&VçEöWö6…öf–ÆUö–çFVw&—G•öæ÷E÷FV×÷&Åö6ö×&&–Æ—G£““ÂÓãc“““““““ƒ3#3c“BÃÃãÆ7W'&VçEöWö6…öf–ÆUö–çFVw&—G•öæ÷E÷FV×÷&Åö6ö×&&–Æ—G£““"ÂÓã#“#ƒs““““““3c‚ÃÃãÆ7W'&VçEöWö6…öf–ÆUö–çFVw&—G•öæ÷E÷FV×÷&Åö6ö×&&–Æ—G£““2ÂÓã3“sC“““““““ƒS’ÃÃãÆ7W'&VçEöWö6…öf–ÆUö–çFVw&—G•öæ÷E÷FV×÷&Åö6ö×&&–Æ—G£““BÃã##SSCcScbÃÃãÆ7W'&VçEöWö6…öf–ÆUö–çFVw&—G•öæ÷E÷FV×÷&Åö6ö×&&–Æ—G£““RÂÓã#c#c#ƒsrÃÃãÆ7W'&VçEöWö6…öf–ÆUö–çFVw&—G•öæ÷E÷FV×÷&Åö6ö×&&–Æ—G£““bÂÓãC3#“#c#’ÃÃãÆ7W'&VçEöWö6…öf–ÆUö–çFVw&—G•öæ÷E÷FV×÷&Åö6ö×&&–Æ—G£““rÃã3csƒs#cC2ÃÃãÆ7W'&VçEöWö6…öf–ÆUö–çFVw&—G•öæ÷E÷FV×÷&Åö6ö×&&–Æ—G£““‚ÂÓã#S#“C““RÃÃãÆ7W'&VçEöWö6…öf–ÆUö–çFVw&—G•öæ÷E÷FV×÷&Åö6ö×&&–Æ—G£““’ÂÓãƒ#sS““““““cS"ÃÃãÆ7W'&VçEöWö6…öf–ÆUö–çFVw&—G•öæ÷E÷FV×÷&Åö6ö×&&–Æ—G£“ÃãS#““““““““S#CBÃÃãÆ7W'&VçEöWö6…öf–ÆUö–çFVw&—G•öæ÷E÷FV×÷&Åö6ö×&&–Æ—G£“ÂÓãC#cƒCS"ÃÃãÆ7W'&VçEöWö6…öf–ÆUö–çFVw&—G•öæ÷E÷FV×÷&Åö6ö×&&–Æ—G£“"Ãã#“cƒc““s#rÃÃãÆ7W'&VçEöWö6…öf–ÆUö–çFVw&—G•öæ÷E÷FV×÷&Åö6ö×&&–Æ—G£“2ÃãC3sS3#ƒƒÃÃãÆ7W'&VçEöWö6…öf–ÆUö–çFVw&—G•öæ÷E÷FV×÷&Åö6ö×&&–Æ—G£“BÃãScƒ#3#ƒ2ÃÃãÆ7W'&VçEöWö6…öf–ÆUö–çFVw&—G•öæ÷E÷FV×÷&Åö6ö×&&–Æ—G£“RÂÓã#“C““““““““c‚ÃÃãÆ7W'&VçEöWö6…öf–ÆUö–çFVw&—G•öæ÷E÷FV×÷&Åö6ö×&&–Æ—G£“bÃãCC#“““““““CsBÃÃãÆ7W'&VçEöWö6…öf–ÆUö–çFVw&—G•öæ÷E÷FV×÷&Åö6ö×&&–Æ—G£“rÂÓã3#“““““““C3ƒ3"ÃÃãÆ7W'&VçEöWö6…öf–ÆUö–çFVw&—G•öæ÷E÷FV×÷&Åö6ö×&&–Æ—G£“‚Ãã#“ƒ#“#sƒBÃÃãÆ7W'&VçEöWö6…öf–ÆUö–çFVw&—G•öæ÷E÷FV×÷&Åö6ö×&&–Æ—G£“’ÃãSc“““““““ƒ3#3c"ÃÃãÆ7W'&VçEöWö6…öf–ÆUö–çFVw&—G•öæ÷E÷FV×÷&Åö6ö×&&–Æ—G£“ÂÓã““s“““““““3““2ÃÃãÆ7W'&VçEöWö6…öf–ÆUö–çFVw&—G•öæ÷E÷FV×÷&Åö6ö×&&–Æ—G£“ÂÓã3S33SƒsccRÃÃãÆ7W'&VçEöWö6…öf–ÆUö–çFVw&—G•öæ÷E÷FV×÷&Åö6ö×&&–Æ—G£“"ÂÓãS3ƒ3““““““3#S3RÃÃãÆ7W'&VçEöWö6…öf–ÆUö–çFVw&—G•öæ÷E÷FV×÷&Åö6ö×&&–Æ—G£“2ÂÓãSS““““““CC3c“ÃÃãÆ7W'&VçEöWö6…öf–ÆUö–çFVw&—G•öæ÷E÷FV×÷&Åö6ö×&&–Æ—G£“BÂÓã3CSƒƒCsScBÃÃãÆ7W'&VçEöWö6…öf–ÆUö–çFVw&—G•öæ÷E÷FV×÷&Åö6ö×&&–Æ—G£“RÂÓã“ƒcc““““““s“CcC2ÃÃãÆ7W'&VçEöWö6…öf–ÆUö–çFVw&—G•öæ÷E÷FV×÷&Åö6ö×&&–Æ—G£“bÂÓã“CC“““““““ssƒƒÃÃãÆ7W'&VçEöWö6…öf–ÆUö–çFVw&—G•öæ÷E÷FV×÷&Åö6ö×&&–Æ—G£“rÂÓã3#3ƒc““““““#ƒ“BÃÃãÆ7W'&VçEöWö6…öf–ÆUö–çFVw&—G•öæ÷E÷FV×÷&Åö6ö×&&–Æ—G£“‚ÂÓãCS“““““““3#3CRÃÃãÆ7W'&VçEöWö6…öf–ÆUö–çFVw&—G•öæ÷E÷FV×÷&Åö6ö×&&–Æ—G£“’Ãã#3cƒcƒRÃÃãÆ7W'&VçEöWö6…öf–ÆUö–çFVw&—G•öæ÷E÷FV×÷&Åö6ö×&&–Æ—G£“#Ãã3SƒccƒCS"ÃÃãÆ7W'&VçEöWö6…öf–ÆUö–çFVw&—G•öæ÷E÷FV×÷&Åö6ö×&&–Æ—G£“#ÃãC“ƒ3#srÃÃãÆ7W'&VçEöWö6…öf–ÆUö–çFVw&—G•öæ÷E÷FV×÷&Åö6ö×&&–Æ—G£“#"Ãã33cc“c3“"ÃÃãÆ7W'&VçEöWö6…öf–ÆUö–çFVw&—G•öæ÷E÷FV×÷&Åö6ö×&&–Æ—G£“#2ÂÓã#c“3““““““ccƒCRÃÃãÆ7W'&VçEöWö6…öf–ÆUö–çFVw&—G•öæ÷E÷FV×÷&Åö6ö×&&–Æ—G£“#BÃã3csC“““““““3SÃÃãÆ7W'&VçEöWö6…öf–ÆUö–çFVw&—G•öæ÷E÷FV×÷&Åö6ö×&&–Æ—G£“#RÂÓã33S3“#S‚ÃÃãÆ7W'&VçEöWö6…öf–ÆUö–çFVw&—G•öæ÷E÷FV×÷&Åö6ö×&&–Æ—G£“#bÂÓãƒCscsSS"ÃÃãÆ7W'&VçEöWö6…öf–ÆUö–çFVw&—G•öæ÷E÷FV×÷&Åö6ö×&&–Æ—G£“#rÂÓãCC“##3SsBÃÃãÆ7W'&VçEöWö6…öf–ÆUö–çFVw&—G•öæ÷E÷FV×÷&Åö6ö×&&–Æ—G£“#‚Ãã#33“ScCCbÃÃãÆ7W'&VçEöWö6…öf–ÆUö–çFVw&—G•öæ÷E÷FV×÷&Åö6ö×&&–Æ—G£“#’ÂÓã#3c###cSCBÃÃãÆ7W'&VçEöWö6…öf–ÆUö–çFVw&—G•öæ÷E÷FV×÷&Åö6ö×&&–Æ—G£“3ÂÓãƒCcƒSsSSSrÃÃãÆ7W'&VçEöWö6…öf–ÆUö–çFVw&—G•öæ÷E÷FV×÷&Åö6ö×&&–Æ—G£“3ÂÓã3“““““““cCcÃÃãÆ7W'&VçEöWö6…öf–ÆUö–çFVw&—G•öæ÷E÷FV×÷&Åö6ö×&&–Æ—G£“3"Ãã“#CSƒCS2ÃÃãÆ7W'&VçEöWö6…öf–ÆUö–çFVw&—G•öæ÷E÷FV×÷&Åö6ö×&&–Æ—G£“32ÂÓã#3c“““““““#“cƒSÃÃãÆ7W'&VçEöWö6…öf–ÆUö–çFVw&—G•öæ÷E÷FV×÷&Åö6ö×&&–Æ—G£“3BÃã““S#CCCs"ÃÃãÆ7W'&VçEöWö6…öf–ÆUö–çFVw&—G•öæ÷E÷FV×÷&Åö6ö×&&–Æ—G£“3RÃãcccCC“ƒrÃÃãÆ7W'&VçEöWö6…öf–ÆUö–çFVw&—G•öæ÷E÷FV×÷&Åö6ö×&&–Æ—G£“3bÃã3“#3““““““c#ƒƒrÃÃãÆ7W'&VçEöWö6…öf–ÆUö–çFVw&—G•öæ÷E÷FV×÷&Åö6ö×&&–Æ—G£“3rÃã33ƒ3c““““““sccsBÃÃãÆ7W'&VçEöWö6…öf–ÆUö–çFVw&—G•öæ÷E÷FV×÷&Åö6ö×&&–Æ—G£“3‚Ããc“Sc“““““““cSssBÃÃãÆ7W'&VçEöWö6…öf–ÆUö–çFVw&—G•öæ÷E÷FV×÷&Åö6ö×&&–Æ—G£“3’ÂÓã3s“““““““SsS2ÃÃãÆ7W'&VçEöWö6…öf–ÆUö–çFVw&—G•öæ÷E÷FV×÷&Åö6ö×&&–Æ—G£“CÂÓãCsCƒ““““““s“cs"ÃÃãÆ7W'&VçEöWö6…öf–ÆUö–çFVw&—G•öæ÷E÷FV×÷&Åö6ö×&&–Æ—G£“CÂÓãƒSsSC##“rÃÃãÆ7W'&VçEöWö6…öf–ÆUö–çFVw&—G•öæ÷E÷FV×÷&Åö6ö×&&–Æ—G£“C"Ããsss“c"ÃÃãÆ7W'&VçEöWö6…öf–ÆUö–çFVw&—G•öæ÷E÷FV×÷&Åö6ö×&&–Æ—G£“C2ÂÓãS##C3sSrÃÃãÆ7W'&VçEöWö6…öf–ÆUö–çFVw&—G•öæ÷E÷FV×÷&Åö6ö×&&–Æ—G£“CBÃãScsrÃÃãÆ7W'&VçEöWö6…öf–ÆUö–çFVw&—G•öæ÷E÷FV×÷&Åö6ö×&&–Æ—G£“CRÃã3Cc“C“s‚ÃÃãÆ7W'&VçEöWö6…öf–ÆUö–çFVw&—G•öæ÷E÷FV×÷&Åö6ö×&&–Æ—G£“CbÂÓãSs“““““““ƒ““ƒƒ#‚ÃÃãÆ7W'&VçEöWö6…öf–ÆUö–çFVw&—G•öæ÷E÷FV×÷&Åö6ö×&&–Æ—G£“CrÃãC#“““““““c##ƒCBÃÃãÆ7W'&VçEöWö6…öf–ÆUö–çFVw&—G•öæ÷E÷FV×÷&Åö6ö×&&–Æ—G£“C‚ÃãƒsSssC"ÃÃãÆ7W'&VçEöWö6…öf–ÆUö–çFVw&—G•öæ÷E÷FV×÷&Åö6ö×&&–Æ—G£“C’Ãã3cC3ScCc"ÃÃãÆ7W'&VçEöWö6…öf–ÆUö–çFVw&—G•öæ÷E÷FV×÷&Åö6ö×&&–Æ—G£“SÃã3ƒ#ƒ““““““csssc#BÃÃãÆ7W'&VçEöWö6…öf–ÆUö–çFVw&—G•öæ÷E÷FV×÷&Åö6ö×&&–Æ—G£“SÂÓãƒcCS“cCbÃÃãÆ7W'&VçEöWö6…öf–ÆUö–çFVw&—G•öæ÷E÷FV×÷&Åö6ö×&&–Æ—G£“S"ÂÓã##Sc““““““SsSsRÃÃãÆ7W'&VçEöWö6…öf–ÆUö–çFVw&—G•öæ÷E÷FV×÷&Åö6ö×&&–Æ—G£“S2ÂÓã3“cS““““““cS“ƒ3BÃÃãÆ7W'&VçEöWö6…öf–ÆUö–çFVw&—G•öæ÷E÷FV×÷&Åö6ö×&&–Æ—G£“SBÃã3CC“““““““ƒC#ƒBÃÃãÆ7W'&VçEöWö6…öf–ÆUö–çFVw&—G•öæ÷E÷FV×÷&Åö6ö×&&–Æ—G£“SRÂÓãcƒ“““““““3c#CBÃÃãÆ7W'&VçEöWö6…öf–ÆUö–çFVw&—G•öæ÷E÷FV×÷&Åö6ö×&&–Æ—G£“SbÂÓã#ƒCSCbÃÃãÆ7W'&VçEöWö6…öf–ÆUö–çFVw&—G•öæ÷E÷FV×÷&Åö6ö×&&–Æ—G£“SrÂÓã#Ssc#c#ƒcbÃÃãÆ7W'&VçEöWö6…öf–ÆUö–çFVw&—G•öæ÷E÷FV×÷&Åö6ö×&&–Æ—G£“S‚ÂÓã#cƒsS3SRÃÃãÆ7W'&VçEöWö6…öf–ÆUö–çFVw&—G•öæ÷E÷FV×÷&Åö6ö×&&–Æ—G£“S’Ãã3#““““““ƒs“ƒS“BÃÃãÆ7W'&VçEöWö6…öf–ÆUö–çFVw&—G•öæ÷E÷FV×÷&Åö6ö×&&–Æ—G£“cÃãC#3S“C“RÃÃãÆ7W'&VçEöWö6…öf–ÆUö–çFVw&—G•öæ÷E÷FV×÷&Åö6ö×&&–Æ—G£“cÂÓã#ƒ3Ss“c"ÃÃãÆ7W'&VçEöWö6…öf–ÆUö–çFVw&—G•öæ÷E÷FV×÷&Åö6ö×&&–Æ—G£“c"ÃãC“3““““““SS#3BÃÃãÆ7W'&VçEöWö6…öf–ÆUö–çFVw&—G•öæ÷E÷FV×÷&Åö6ö×&&–Æ—G£“c2Ãã3#scss‚ÃÃãÆ7W'&VçEöWö6…öf–ÆUö–çFVw&—G•öæ÷E÷FV×÷&Åö6ö×&&–Æ—G£“cBÂÓãC“3C““““““cCƒC#bÃÃãÆ7W'&VçEöWö6…öf–ÆUö–çFVw&—G•öæ÷E÷FV×÷&Åö6ö×&&–Æ—G£“cRÂÓã3CC““““““ƒsS#2ÃÃãÆ7W'&VçEöWö6…öf–ÆUö–çFVw&—G•öæ÷E÷FV×÷&Åö6ö×&&–Æ—G£“cbÂÓã#3ƒS“““““““ƒc“cÃÃãÆ7W'&VçEöWö6…öf–ÆUö–çFVw&—G•öæ÷E÷FV×÷&Åö6ö×&&–Æ—G£“crÃã“C““ƒSƒRÃÃãÆ7W'&VçEöWö6…öf–ÆUö–çFVw&—G•öæ÷E÷FV×÷&Åö6ö×&&–Æ—G£“c‚ÂÓã33S3““““““ƒsCcÃÃãÆ7W'&VçEöWö6…öf–ÆUö–çFVw&—G•öæ÷E÷FV×÷&Åö6ö×&&–Æ—G£“c’ÂÓã3s“cS#SƒCBÃÃãÆ7W'&VçEöWö6…öf–ÆUö–çFVw&—G•öæ÷E÷FV×÷&Åö6ö×&&–Æ—G£“sÂÓãƒ“##““““““ssc“C‚ÃÃãÆ7W'&VçEöWö6…öf–ÆUö–çFVw&—G•öæ÷E÷FV×÷&Åö6ö×&&–Æ—G£“sÂÓã#“####““ƒƒbÃÃãÆ7W'&VçEöWö6…öf–ÆUö–çFVw&—G•öæ÷E÷FV×÷&Åö6ö×&&–Æ—G£“s"ÂÓã#ƒ3SSƒ‚ÃÃãÆ7W'&VçEöWö6…öf–ÆUö–çFVw&—G•öæ÷E÷FV×÷&Åö6ö×&&–Æ—G£“s2ÂÓãcƒs““““““s#ƒSBÃÃãÆ7W'&VçEöWö6…öf–ÆUö–çFVw&—G•öæ÷E÷FV×÷&Åö6ö×&&–Æ—G£“sBÃã3S#C#“Ss‚ÃÃãÆ7W'&VçEöWö6…öf–ÆUö–çFVw&—G•öæ÷E÷FV×÷&Åö6ö×&&–Æ—G£“sRÂÓã3ƒƒ#ƒCS2ÃÃãÆ7W'&VçEöWö6…öf–ÆUö–çFVw&—G•öæ÷E÷FV×÷&Åö6ö×&&–Æ—G£“sbÂÓãCc#ƒ“““““““ƒc#c2ÃÃãÆ7W'&VçEöWö6…öf–ÆUö–çFVw&—G•öæ÷E÷FV×÷&Åö6ö×&&–Æ—G£“srÃã#c#sscƒRÃÃãÆ7W'&VçEöWö6…öf–ÆUö–çFVw&—G•öæ÷E÷FV×÷&Åö6ö×&&–Æ—G£“s‚ÂÓã33“““““““#ƒSS2ÃÃãÆ7W'&VçEöWö6…öf–ÆUö–çFVw&—G•öæ÷E÷FV×÷&Åö6ö×&&–Æ—G£“s’ÂÓã3sSƒc#CRÃÃãÆ7W'&VçEöWö6…öf–ÆUö–çFVw&—G•öæ÷E÷FV×÷&Åö6ö×&&–Æ—G£“ƒÂÓãCs#““““““““ƒ3s3RÃÃãÆ7W'&VçEöWö6…öf–ÆUö–çFVw&—G•öæ÷E÷FV×÷&Åö6ö×&&–Æ—G£“ƒÃã#“SS““““““sƒCBÃÃãÆ7W'&VçEöWö6…öf–ÆUö–çFVw&—G•öæ÷E÷FV×÷&Åö6ö×&&–Æ—G£“ƒ"ÂÓãccƒ3“3sRÃÃãÆ7W'&VçEöWö6…öf–ÆUö–çFVw&—G•öæ÷E÷FV×÷&Åö6ö×&&–Æ—G£“ƒ2ÃãsSs#3BÃÃãÆ7W'&VçEöWö6…öf–ÆUö–çFVw&—G•öæ÷E÷FV×÷&Åö6ö×&&–Æ—G£“ƒBÃãCcSSC“3cÃÃãÆ7W'&VçEöWö6…öf–ÆUö–çFVw&—G•öæ÷E÷FV×÷&Åö6ö×&&–Æ—G£“ƒRÃã3C#c“ƒbÃÃãÆ7W'&VçEöWö6…öf–ÆUö–çFVw&—G•öæ÷E÷FV×÷&Åö6ö×&&–Æ—G£“ƒbÂÓãC3##CC#S2ÃÃãÆ7W'&VçEöWö6…öf–ÆUö–çFVw&—G•öæ÷E÷FV×÷&Åö6ö×&&–Æ—G£“ƒrÃã#C“cCƒƒBÃÃãÆ7W'&VçEöWö6…öf–ÆUö–çFVw&—G•öæ÷E÷FV×÷&Åö6ö×&&–Æ—G£“ƒ‚ÂÓã3cS“““““““s““scbÃÃãÆ7W'&VçEöWö6…öf–ÆUö–çFVw&—G•öæ÷E÷FV×÷&Åö6ö×&&–Æ—G£“ƒ’ÂÓã#3ƒC##2ÃÃãÆ7W'&VçEöWö6…öf–ÆUö–çFVw&—G•öæ÷E÷FV×÷&Åö6ö×&&–Æ—G£““ÃãCC3S““““““S#2ÃÃãÆ7W'&VçEöWö6…öf–ÆUö–çFVw&—G•öæ÷E÷FV×÷&Åö6ö×&&–Æ—G£““Ãã#s““cƒSsSRÃÃãÆ7W'&VçEöWö6…öf–ÆUö–çFVw&—G•öæ÷E÷FV×÷&Åö6ö×&&–Æ—G£““"ÂÓã#C3“““““““ƒ“sSSRÃÃãÆ7W'&VçEöWö6…öf–ÆUö–çFVw&—G•öæ÷E÷FV×÷&Åö6ö×&&–Æ—G£““2Ãã3CCc3ƒ#rÃÃãÆ7W'&VçEöWö6…öf–ÆUö–çFVw&—G•öæ÷E÷FV×÷&Åö6ö×&&–Æ—G£““BÂÓãS3“““““““ccCs#BÃÃãÆ7W'&VçEöWö6…öf–ÆUö–çFVw&—G•öæ÷E÷FV×÷&Åö6ö×&&–Æ—G£““RÃãs##sc3"ÃÃãÆ7W'&VçEöWö6…öf–ÆUö–çFVw&—G•öæ÷E÷FV×÷&Åö6ö×&&–Æ—G£““bÃã#sSc““““““ƒccƒ"ÃÃãÆ7W'&VçEöWö6…öf–ÆUö–çFVw&—G•öæ÷E÷FV×÷&Åö6ö×&&–Æ—G£““rÂÓãC“S3s#S2ÃÃãÆ7W'&VçEöWö6…öf–ÆUö–çFVw&—G•öæ÷E÷FV×÷&Åö6ö×&&–Æ—G£““‚ÂÓã#ƒƒ“#“C2ÃÃãÆ7W'&VçEöWö6…öf–ÆUö–çFVw&—G•öæ÷E÷FV×÷&Åö6ö×&&–Æ—G£““’ÃãCSs3CƒCRÃÃãÆ7W'&VçEöWö6…öf–ÆUö–çFVw&—G•öæ÷E÷FV×÷&Åö6ö×&&–Æ—G£“#ÂÓã#ƒƒƒ““““““ƒ3ƒCbÃÃãÆ7W'&VçEöWö6…öf–ÆUö–çFVw&—G•öæ÷E÷FV×÷&Åö6ö×&&–Æ—G£“#ÂÓã##C3‚ÃÃãÆ7W'&VçEöWö6…öf–ÆUö–çFVw&—G•öæ÷E÷FV×÷&Åö6ö×&&–Æ—G£“#"ÂÓã3ƒ““““““ƒ33sSƒ’ÃÃãÆ7W'&VçEöWö6…öf–ÆUö–çFVw&—G•öæ÷E÷FV×÷&Åö6ö×&&–Æ—G£“#2ÂÓã3“Sƒcƒ32ÃÃãÆ7W'&VçEöWö6…öf–ÆUö–çFVw&—G•öæ÷E÷FV×÷&Åö6ö×&&–Æ—G£“#BÂÓãcS““““““CssrÃÃãÆ7W'&VçEöWö6…öf–ÆUö–çFVw&—G•öæ÷E÷FV×÷&Åö6ö×&&–Æ—G£“#RÃãC#s“““““““#S“bÃÃãÆ7W'&VçEöWö6…öf–ÆUö–çFVw&—G•öæ÷E÷FV×÷&Åö6ö×&&–Æ—G£“#bÃã#“ccSsSBÃÃãÆ7W'&VçEöWö6…öf–ÆUö–çFVw&—G•öæ÷E÷FV×÷&Åö6ö×&&–Æ—G£“#rÃãCSsƒC““““““ƒƒssrÃÃãÆ7W'&VçEöWö6…öf–ÆUö–çFVw&—G•öæ÷E÷FV×÷&Åö6ö×&&–Æ—G£“#‚ÂÓãCSc““““““s“c“rÃÃãÆ7W'&VçEöWö6…öf–ÆUö–çFVw&—G•öæ÷E÷FV×÷&Åö6ö×&&–Æ—G£“#’ÂÓãC“ƒƒ#““““““cƒC’ÃÃãÆ7W'&VçEöWö6…öf–ÆUö–çFVw&—G•öæ÷E÷FV×÷&Åö6ö×&&–Æ—G£“#Ããsƒs#sS“"ÃÃãÆ7W'&VçEöWö6…öf–ÆUö–çFVw&—G•öæ÷E÷FV×÷&Åö6ö×&&–Æ—G£“#ÂÓãCSsƒ3SCsBÃÃãÆ7W'&VçEöWö6…öf–ÆUö–çFVw&—G•öæ÷E÷FV×÷&Åö6ö×&&–Æ—G£“#"Ãã“ƒ“333‚ÃÃãÆ7W'&VçEöWö6…öf–ÆUö–çFVw&—G•öæ÷E÷FV×÷&Åö6ö×&&–Æ—G£“#2ÂÓã33c#cc3bÃÃãÆ7W'&VçEöWö6…öf–ÆUö–çFVw&—G•öæ÷E÷FV×÷&Åö6ö×&&–Æ—G£“#BÃã#CS#““““““sCcc‚ÃÃãÆ7W'&VçEöWö6…öf–ÆUö–çFVw&—G•öæ÷E÷FV×÷&Åö6ö×&&–Æ—G£“#RÂÓã3sƒs““““““CscS“crÃÃãÆ7W'&VçEöWö6…öf–ÆUö–çFVw&—G•öæ÷E÷FV×÷&Åö6ö×&&–Æ—G£“#bÂÓãCƒSS“““““““““scrÃÃãÆ7W'&VçEöWö6…öf–ÆUö–çFVw&—G•öæ÷E÷FV×÷&Åö6ö×&&–Æ—G£“#rÃãC3cs“““““““SƒSSbÃÃãÆ7W'&VçEöWö6…öf–ÆUö–çFVw&—G•öæ÷E÷FV×÷&Åö6ö×&&–Æ—G£“#‚Ãã#c#ƒ““““““s#C3#ƒRÃÃãÆ7W'&VçEöWö6…öf–ÆUö–çFVw&—G•öæ÷E÷FV×÷&Åö6ö×&&–Æ—G£“#’ÂÓã3sCs3“““““““#“#"ÃÃãÆ7W'&VçEöWö6…öf–ÆUö–çFVw&—G•öæ÷E÷FV×÷&Åö6ö×&&–Æ—G£“##ÂÓã“s3“““““““ƒsC#sÃÃãÆ7W'&VçEöWö6…öf–ÆUö–çFVw&—G•öæ÷E÷FV×÷&Åö6ö×&&–Æ—G£“##ÂÓãCsc“s33CƒÃÃãÆ7W'&VçEöWö6…öf–ÆUö–çFVw&—G•öæ÷E÷FV×÷&Åö6ö×&&–Æ—G£“##"ÂÓãCCc“““““““ƒSScCRÃÃãÆ7W'&VçEöWö6…öf–ÆUö–çFVw&—G•öæ÷E÷FV×÷&Åö6ö×&&–Æ—G£“##2ÂÓã3cCƒ#CƒC2ÃÃãÆ7W'&VçEöWö6…öf–ÆUö–çFVw&—G•öæ÷E÷FV×÷&Åö6ö×&&–Æ—G£“##BÃã3c““““““““c3c‚ÃÃãÆ7W'&VçEöWö6…öf–ÆUö–çFVw&—G•öæ÷E÷FV×÷&Åö6ö×&&–Æ—G£“##RÂÓãCcC“SCÃÃãÆ7W'&VçEöWö6…öf–ÆUö–çFVw&—G•öæ÷E÷FV×÷&Åö6ö×&&–Æ—G£“##bÃãC##S““““““s33sbÃÃãÆ7W'&VçEöWö6…öf–ÆUö–çFVw&—G•öæ÷E÷FV×÷&Åö6ö×&&–Æ—G£“##rÂÓã#3Cc““““““ssƒ“2ÃÃãÆ7W'&VçEöWö6…öf–ÆUö–çFVw&—G•öæ÷E÷FV×÷&Åö6ö×&&–Æ—G£“##‚Ãã#C““““““3s##ƒƒbÃÃãÆ7W'&VçEöWö6…öf–ÆUö–çFVw&—G•öæ÷E÷FV×÷&Åö6ö×&&–Æ—G£“##’ÂÓã3#ƒ“““““““S“32ÃÃãÆ7W'&VçEöWö6…öf–ÆUö–çFVw&—G•öæ÷E÷FV×÷&Åö6ö×&&–Æ—G£“#3Ãã3“““““““S“#ƒrÃÃãÆ7W'&VçEöWö6…öf–ÆUö–çFVw&—G•öæ÷E÷FV×÷&Åö6ö×&&–Æ—G£“#3ÂÓã#CƒSS#C"ÃÃãÆ7W'&VçEöWö6…öf–ÆUö–çFVw&—G•öæ÷E÷FV×÷&Åö6ö×&&–Æ—G£“#3"ÃãCsCC““““““ss‚ÃÃãÆ7W'&VçEöWö6…öf–ÆUö–çFVw&—G•öæ÷E÷FV×÷&Åö6ö×&&–Æ—G£“#32ÃãcCS#ƒc2ÃÃãÆ7W'&VçEöWö6…öf–ÆUö–çFVw&—G•öæ÷E÷FV×÷&Åö6ö×&&–Æ—G£“#3BÂÓã“CS“““““““#rÃÃãÆ7W'&VçEöWö6…öf–ÆUö–çFVw&—G•öæ÷E÷FV×÷&Åö6ö×&&–Æ—G£“#3RÃã3#C#S“ƒ3’ÃÃãÆ7W'&VçEöWö6…öf–ÆUö–çFVw&—G•öæ÷E÷FV×÷&Åö6ö×&&–Æ—G£“#3bÂÓã3“c#sCSs2ÃÃãÆ7W'&VçEöWö6…öf–ÆUö–çFVw&—G•öæ÷E÷FV×÷&Åö6ö×&&–Æ—G£“#3rÂÓã#ƒ#“““““““ƒCcsRÃÃãÆ7W'&VçEöWö6…öf–ÆUö–çFVw&—G•öæ÷E÷FV×÷&Åö6ö×&&–Æ—G£“#3‚ÃãSc#“““““““cSSCbÃÃãÆ7W'&VçEöWö6…öf–ÆUö–çFVw&—G•öæ÷E÷FV×÷&Åö6ö×&&–Æ—G£“#3’ÂÓãC“ScC““““““s#’ÃÃãÆ7W'&VçEöWö6…öf–ÆUö–çFVw&—G•öæ÷E÷FV×÷&Åö6ö×&&–Æ—G£“#CÂÓãSƒ“#“““““““#3c3RÃÃãÆ7W'&VçEöWö6…öf–ÆUö–çFVw&—G•öæ÷E÷FV×÷&Åö6ö×&&–Æ—G£“#CÃãc#S““““““CcSC#‚ÃÃãÆ7W'&VçEöWö6…öf–ÆUö–çFVw&—G•öæ÷E÷FV×÷&Åö6ö×&&–Æ—G£“#C"ÂÓãc#RÃÃãÆ7W'&VçEöWö6…öf–ÆUö–çFVw&—G•öæ÷E÷FV×÷&Åö6ö×&&–Æ—G£“#C2ÃãCss##33crÃÃãÆ7W'&VçEöWö6…öf–ÆUö–çFVw&—G•öæ÷E÷FV×÷&Åö6ö×&&–Æ—G£“#CBÂÓãC““““““sc“3"ÃÃãÆ7W'&VçEöWö6…öf–ÆUö–çFVw&—G•öæ÷E÷FV×÷&Åö6ö×&&–Æ—G£“#CRÂÓãCCc#““““““CcscBÃÃãÆ7W'&VçEöWö6…öf–ÆUö–çFVw&—G•öæ÷E÷FV×÷&Åö6ö×&&–Æ—G£“#CbÃãsssƒcƒ“cCBÃÃãÆ7W'&VçEöWö6…öf–ÆUö–çFVw&—G•öæ÷E÷FV×÷&Åö6ö×&&–Æ—G£“#C‚Ããcƒ3#c““‚ÃÃãÆ7W'&VçEöWö6…öf–ÆUö–çFVw&—G•öæ÷E÷FV×÷&Åö6ö×&&–Æ—G£“#C’ÂÓã3ScCƒsccRÃÃãÆ7W'&VçEöWö6…öf–ÆUö–çFVw&—G•öæ÷E÷FV×÷&Åö6ö×&&–Æ—G£“#SÂÓã3S#s"ÃÃãÆ7W'&VçEöWö6…öf–ÆUö–çFVw&—G•öæ÷E÷FV×÷&Åö6ö×&&–Æ—G£“#SÂÓãƒ“33ƒS"ÃÃãÆ7W'&VçEöWö6…öf–ÆUö–çFVw&—G•öæ÷E÷FV×÷&Åö6ö×&&–Æ—G£“#S"Ãã#sSC#cbÃÃãÆ7W'&VçEöWö6…öf–ÆUö–çFVw&—G•öæ÷E÷FV×÷&Åö6ö×&&–Æ—G£“#S2ÂÓã3ƒs“S3crÃÃãÆ7W'&VçEöWö6…öf–ÆUö–çFVw&—G•öæ÷E÷FV×÷&Åö6ö×&&–Æ—G£“#SBÃãC#S“““““““sƒSs“bÃÃãÆ7W'&VçEöWö6…öf–ÆUö–çFVw&—G•öæ÷E÷FV×÷&Åö6ö×&&–Æ—G£“#SRÂÓãc3C“““““““SSbÃÃãÆ7W'&VçEöWö6…öf–ÆUö–çFVw&—G•öæ÷E÷FV×÷&Åö6ö×&&–Æ—G£“#SbÂÓãScƒC“““““““3“CcBÃÃãÆ7W'&VçEöWö6…öf–ÆUö–çFVw&—G•öæ÷E÷FV×÷&Åö6ö×&&–Æ—G£“#SrÃãC##“““““““S#3rÃÃãÆ7W'&VçEöWö6…öf–ÆUö–çFVw&—G•öæ÷E÷FV×÷&Åö6ö×&&–Æ—G£“#S‚ÂÓã3sƒssbÃÃãÆ7W'&VçEöWö6…öf–ÆUö–çFVw&—G•öæ÷E÷FV×÷&Åö6ö×&&–Æ—G£“#S’Ãã3#S““““““ƒ#c3‚ÃÃãÆ7W'&VçEöWö6…öf–ÆUö–çFVw&—G•öæ÷E÷FV×÷&Åö6ö×&&–Æ—G£“#cÃã3ƒ““““““ƒccƒ#ÃÃãÆ7W'&VçEöWö6…öf–ÆUö–çFVw&—G•öæ÷E÷FV×÷&Åö6ö×&&–Æ—G£“#c"ÂÓãs3“cS3C3RÃÃãÆ7W'&VçEöWö6…öf–ÆUö–çFVw&—G•öæ÷E÷FV×÷&Åö6ö×&&–Æ—G£“#c2Ãã33#C““““““ƒ“S##bÃÃãÆ7W'&VçEöWö6…öf–ÆUö–çFVw&—G•öæ÷E÷FV×÷&Åö6ö×&&–Æ—G£“#cBÂÓã3cƒs“““““““cSSCÃÃãÆ7W'&VçEöWö6…öf–ÆUö–çFVw&—G•öæ÷E÷FV×÷&Åö6ö×&&–Æ—G£“#cRÂÓã##Scc“““““““ƒ“‚ÃÃãÆ7W'&VçEöWö6…öf–ÆUö–çFVw&—G•öæ÷E÷FV×÷&Åö6ö×&&–Æ—G£“#cbÂÓãC33cƒCƒc‚ÃÃãÆ7W'&VçEöWö6…öf–ÆUö–çFVw&—G•öæ÷E÷FV×÷&Åö6ö×&&–Æ—G£“#crÃã#cS#3#ƒ2ÃÃãÆ7W'&VçEöWö6…öf–ÆUö–çFVw&—G•öæ÷E÷FV×÷&Åö6ö×&&–Æ—G£“#c‚ÃãCs#s“““““““CCSƒbÃÃãÆ7W'&VçEöWö6…öf–ÆUö–çFVw&—G•öæ÷E÷FV×÷&Åö6ö×&&–Æ—G£“#c’ÂÓã##c#“cc#c"ÃÃãÆ7W'&VçEöWö6…öf–ÆUö–çFVw&—G•öæ÷E÷FV×÷&Åö6ö×&&–Æ—G£“#sÃãC3c“##CrÃÃãÆ7W'&VçEöWö6…öf–ÆUö–çFVw&—G•öæ÷E÷FV×÷&Åö6ö×&&–Æ—G£“#sÃã33s“““““““ƒƒƒ#C2ÃÃãÆ7W'&VçEöWö6…öf–ÆUö–çFVw&—G•öæ÷E÷FV×÷&Åö6ö×&&–Æ—G£“#s"Ãã#ƒ““33““2ÃÃãÆ7W'&VçEöWö6…öf–ÆUö–çFVw&—G•öæ÷E÷FV×÷&Åö6ö×&&–Æ—G£“#s2ÂÓã3ScS““““““““c‚ÃÃãÆ7W'&VçEöWö6…öf–ÆUö–çFVw&—G•öæ÷E÷FV×÷&Åö6ö×&&–Æ—G£“#sBÂÓãCcSccƒs“rÃÃãÆ7W'&VçEöWö6…öf–ÆUö–çFVw&—G•öæ÷E÷FV×÷&Åö6ö×&&–Æ—G£“#sRÃãS3c“cS’ÃÃãÆ7W'&VçEöWö6…öf–ÆUö–çFVw&—G•öæ÷E÷FV×÷&Åö6ö×&&–Æ—G£“#sbÂÓãCCscCƒ“ƒsbÃÃãÆ7W'&VçEöWö6…öf–ÆUö–çFVw&—G•öæ÷E÷FV×÷&Åö6ö×&&–Æ—G£“#srÃãCƒ““““““cC“ƒ##sÃÃãÆ7W'&VçEöWö6…öf–ÆUö–çFVw&—G•öæ÷E÷FV×÷&Åö6ö×&&–Æ—G£“#s‚Ãã3cƒ““““““““csCBÃÃãÆ7W'&VçEöWö6…öf–ÆUö–çFVw&—G•öæ÷E÷FV×÷&Åö6ö×&&–Æ—G£“#s’Ãã##C#ƒC‚ÃÃãÆ7W'&VçEöWö6…öf–ÆUö–çFVw&—G•öæ÷E÷FV×÷&Åö6ö×&&–Æ—G£“#ƒÃã#CS“““““““““ƒSÃÃãÆ7W'&VçEöWö6…öf–ÆUö–çFVw&—G•öæ÷E÷FV×÷&Åö6ö×&&–Æ—G£“#ƒÃã3ƒc33SSÃÃãÆ7W'&VçEöWö6…öf–ÆUö–çFVw&—G•öæ÷E÷FV×÷&Åö6ö×&&–Æ—G£“#ƒ"Ããƒƒ33s33bÃÃãÆ7W'&VçEöWö6…öf–ÆUö–çFVw&—G•öæ÷E÷FV×÷&Åö6ö×&&–Æ—G£“#ƒ2ÂÓãC““S““““““CƒƒSRÃÃãÆ7W'&VçEöWö6…öf–ÆUö–çFVw&—G•öæ÷E÷FV×÷&Åö6ö×&&–Æ—G£“#ƒBÃã333ssCSs2ÃÃãÆ7W'&VçEöWö6…öf–ÆUö–çFVw&—G•öæ÷E÷FV×÷&Åö6ö×&&–Æ—G£“#ƒRÃã3scCƒ#ƒƒsrÃÃãÆ7W'&VçEöWö6…öf–ÆUö–çFVw&—G•öæ÷E÷FV×÷&Åö6ö×&&–Æ—G£“#ƒbÃã““““““““SƒCbÃÃãÆ7W'&VçEöWö6…öf–ÆUö–çFVw&—G•öæ÷E÷FV×÷&Åö6ö×&&–Æ—G£“#ƒrÃã33#rÃÃãÆ7W'&VçEöWö6…öf–ÆUö–çFVw&—G•öæ÷E÷FV×÷&Åö6ö×&&–Æ—G£“#ƒ‚ÂÓã“s“ƒ““““““CsS"ÃÃãÆ7W'&VçEöWö6…öf–ÆUö–çFVw&—G•öæ÷E÷FV×÷&Åö6ö×&&–Æ—G£“#ƒ’ÃãCc3c“““““““#“cƒRÃÃãÆ7W'&VçEöWö6…öf–ÆUö–çFVw&—G•öæ÷E÷FV×÷&Åö6ö×&&–Æ—G£“#“Ãã3C“““““““#3cbÃÃãÆ7W'&VçEöWö6…öf–ÆUö–çFVw&—G•öæ÷E÷FV×÷&Åö6ö×&&–Æ—G£“#“ÃãC#c3“““““““ccCs#BÃÃãÆ7W'&VçEöWö6…öf–ÆUö–çFVw&—G•öæ÷E÷FV×÷&Åö6ö×&&–Æ—G£“#“"ÂÓã3Scƒs‚ÃÃãÆ7W'&VçEöWö6…öf–ÆUö–çFVw&—G•öæ÷E÷FV×÷&Åö6ö×&&–Æ—G£“#“2ÂÓã#“#s“““““““Sc##‚ÃÃãÆ7W'&VçEöWö6…öf–ÆUö–çFVw&—G•öæ÷E÷FV×÷&Åö6ö×&&–Æ—G£“#“BÂÓã##3S“““““““sS3"ÃÃãÆ7W'&VçEöWö6…öf–ÆUö–çFVw&—G•öæ÷E÷FV×÷&Åö6ö×&&–Æ—G£“#“RÃãC“SCC3SRÃÃãÆ7W'&VçEöWö6…öf–ÆUö–çFVw&—G•öæ÷E÷FV×÷&Åö6ö×&&–Æ—G£“#“bÂÓãC#CC“““““““3s3bÃÃãÆ7W'&VçEöWö6…öf–ÆUö–çFVw&—G•öæ÷E÷FV×÷&Åö6ö×&&–Æ—G£“#“rÂÓã#S“s““““““““ƒ3sBÃÃãÆ7W'&VçEöWö6…öf–ÆUö–çFVw&—G•öæ÷E÷FV×÷&Åö6ö×&&–Æ—G£“#“‚ÂÓã3#css3"ÃÃãÆ7W'&VçEöWö6…öf–ÆUö–çFVw&—G•öæ÷E÷FV×÷&Åö6ö×&&–Æ—G£“#“’Ãã#“Sc##2ÃÃãÆ7W'&VçEöWö6…öf–ÆUö–çFVw&—G•öæ÷E÷FV×÷&Åö6ö×&&–Æ—G£“3ÂÓã3CC“““““““##ÃÃãÆ7W'&VçEöWö6…öf–ÆUö–çFVw&—G•öæ÷E÷FV×÷&Åö6ö×&&–Æ—G£“3ÂÓã“cs““““““sccRÃÃãÆ7W'&VçEöWö6…öf–ÆUö–çFVw&—G•öæ÷E÷FV×÷&Åö6ö×&&–Æ—G£“3"Ãã3“ƒScCS#ƒbÃÃãÆ7W'&VçEöWö6…öf–ÆUö–çFVw&—G•öæ÷E÷FV×÷&Åö6ö×&&–Æ—G£“32ÂÓãccc3““ÃÃãÆ7W'&VçEöWö6…öf–ÆUö–çFVw&—G•öæ÷E÷FV×÷&Åö6ö×&&–Æ—G£“3BÂÓã33SC““““““ƒscbÃÃãÆ7W'&VçEöWö6…öf–ÆUö–çFVw&—G•öæ÷E÷FV×÷&Åö6ö×&&–Æ—G£“3RÃã3Cc3S“s3ÃÃãÆ7W'&VçEöWö6…öf–ÆUö–çFVw&—G•öæ÷E÷FV×÷&Åö6ö×&&–Æ—G£“3bÃã#“c#c#ƒ32ÃÃãÆ7W'&VçEöWö6…öf–ÆUö–çFVw&—G•öæ÷E÷FV×÷&Åö6ö×&&–Æ—G£“3rÃã3““Cc#BÃÃãÆ7W'&VçEöWö6…öf–ÆUö–çFVw&—G•öæ÷E÷FV×÷&Åö6ö×&&–Æ—G£“3‚ÂÓã3#Sc“““““““ƒc“bÃÃãÆ7W'&VçEöWö6…öf–ÆUö–çFVw&—G•öæ÷E÷FV×÷&Åö6ö×&&–Æ—G£“3’Ãã3##s“““““““CCSƒc2ÃÃãÆ7W'&VçEöWö6…öf–ÆUö–çFVw&—G•öæ÷E÷FV×÷&Åö6ö×&&–Æ—G£“3ÂÓã#3“C#3“S“bÃÃãÆ7W'&VçEöWö6…öf–ÆUö–çFVw&—G•öæ÷E÷FV×÷&Åö6ö×&&–Æ—G£“3ÂÓã#“cCcSC#SBÃÃãÆ7W'&VçEöWö6…öf–ÆUö–çFVw&—G•öæ÷E÷FV×÷&Åö6ö×&&–Æ—G£“3"ÂÓã333Ss““““““ƒc“2ÃÃãÆ7W'&VçEöWö6…öf–ÆUö–çFVw&—G•öæ÷E÷FV×÷&Åö6ö×&&–Æ—G£“32Ãã3s“““““““s#S#bÃÃãÆ7W'&VçEöWö6…öf–ÆUö–çFVw&—G•öæ÷E÷FV×÷&Åö6ö×&&–Æ—G£“3BÂÓã#CcC3c3#bÃÃãÆ7W'&VçEöWö6…öf–ÆUö–çFVw&—G•öæ÷E÷FV×÷&Åö6ö×&&–Æ—G£“3RÃã#S““““““ƒSS#2ÃÃãÆ7W'&VçEöWö6…öf–ÆUö–çFVw&—G•öæ÷E÷FV×÷&Åö6ö×&&–Æ—G£“3bÃã#3cC““““““sc“C“‚ÃÃãÆ7W'&VçEöWö6…öf–ÆUö–çFVw&—G•öæ÷E÷FV×÷&Åö6ö×&&–Æ—G£“3rÂÓã##cs““““““c“‚ÃÃãÆ7W'&VçEöWö6…öf–ÆUö–çFVw&—G•öæ÷E÷FV×÷&Åö6ö×&&–Æ—G£“3‚ÃãsCsC###S‚ÃÃãÆ7W'&VçEöWö6…öf–ÆUö–çFVw&—G•öæ÷E÷FV×÷&Åö6ö×&&–Æ—G£“3’ÂÓãsƒccƒ##3“RÃÃãÆ7W'&VçEöWö6…öf–ÆUö–çFVw&—G•öæ÷E÷FV×÷&Åö6ö×&&–Æ—G£“3#ÂÓã3c#“#Cƒ"ÃÃãÆ7W'&VçEöWö6…öf–ÆUö–çFVw&—G•öæ÷E÷FV×÷&Åö6ö×&&–Æ—G£“3#Ãã#CC3C#3rÃÃãÆ7W'&VçEöWö6…öf–ÆUö–çFVw&—G•öæ÷E÷FV×÷&Åö6ö×&&–Æ—G£“3#"ÂÓãs3“““““““3Ss3’ÃÃãÆ7W'&VçEöWö6…öf–ÆUö–çFVw&—G•öæ÷E÷FV×÷&Åö6ö×&&–Æ—G£“3#2ÃãS“““““““““scsrÃÃãÆ7W'&VçEöWö6…öf–ÆUö–çFVw&—G•öæ÷E÷FV×÷&Åö6ö×&&–Æ—G£“3#BÃã3““““““““3CSsCbÃÃãÆ7W'&VçEöWö6…öf–ÆUö–çFVw&—G•öæ÷E÷FV×÷&Åö6ö×&&–Æ—G£“3#RÂÓã#sc“#“““““““““2ÃÃãÆ7W'&VçEöWö6…öf–ÆUö–çFVw&—G•öæ÷E÷FV×÷&Åö6ö×&&–Æ—G£“3#bÂÓã3SSC#BÃÃãÆ7W'&VçEöWö6…öf–ÆUö–çFVw&—G•öæ÷E÷FV×÷&Åö6ö×&&–Æ—G£“3#‚ÂÓã#C“““““““#ƒCƒCbÃÃãÆ7W'&VçEöWö6…öf–ÆUö–çFVw&—G•öæ÷E÷FV×÷&Åö6ö×&&–Æ—G£“3#’Ãã33ƒ“““““““““c#bÃÃãÆ7W'&VçEöWö6…öf–ÆUö–çFVw&—G•öæ÷E÷FV×÷&Åö6ö×&&–Æ—G£“33ÂÓã3S#3““““““sC#“SRÃÃãÆ7W'&VçEöWö6…öf–ÆUö–çFVw&—G•öæ÷E÷FV×÷&Åö6ö×&&–Æ—G£“33ÂÓãSƒcC#“#C3RÃÃãÆ7W'&VçEöWö6…öf–ÆUö–çFVw&—G•öæ÷E÷FV×÷&Åö6ö×&&–Æ—G£“33"ÂÓãCƒ“““““““s#’ÃÃãÆ7W'&VçEöWö6…öf–ÆUö–çFVw&—G•öæ÷E÷FV×÷&Åö6ö×&&–Æ—G£“332ÂÓã“#S3C“#CbÃÃãÆ7W'&VçEöWö6…öf–ÆUö–çFVw&—G•öæ÷E÷FV×÷&Åö6ö×&&–Æ—G£“33BÃãCS“s#C2ÃÃãÆ7W'&VçEöWö6…öf–ÆUö–çFVw&—G•öæ÷E÷FV×÷&Åö6ö×&&–Æ—G£“33RÂÓã3“C#3S33cRÃÃãÆ7W'&VçEöWö6…öf–ÆUö–çFVw&—G•öæ÷E÷FV×÷&Åö6ö×&&–Æ—G£“33bÃã3sScCS2ÃÃãÆ7W'&VçEöWö6…öf–ÆUö–çFVw&—G•öæ÷E÷FV×÷&Åö6ö×&&–Æ—G£“33rÂÓãCcs#S““ÃÃãÆ7W'&VçEöWö6…öf–ÆUö–çFVw&—G•öæ÷E÷FV×÷&Åö6ö×&&–Æ—G£“33‚ÂÓãss3CCs3RÃÃãÆ7W'&VçEöWö6…öf–ÆUö–çFVw&—G•öæ÷E÷FV×÷&Åö6ö×&&–Æ—G£“33’ÂÓã33ƒCCsRÃÃãÆ7W'&VçEöWö6…öf–ÆUö–çFVw&—G•öæ÷E÷FV×÷&Åö6ö×&&–Æ—G£“3CÂÓã#3c““““““ƒCƒ“CBÃÃãÆ7W'&VçEöWö6…öf–ÆUö–çFVw&—G•öæ÷E÷FV×÷&Åö6ö×&&–Æ—G£“3CÃãCss“ƒbÃÃãÆ7W'&VçEöWö6…öf–ÆUö–çFVw&—G•öæ÷E÷FV×÷&Åö6ö×&&–Æ—G£“3C"ÂÓãccƒc332ÃÃãÆ7W'&VçEöWö6…öf–ÆUö–çFVw&—G•öæ÷E÷FV×÷&Åö6ö×&&–Æ—G£“3C2ÂÓãc#“3Sƒs"ÃÃãÆ7W'&VçEöWö6…öf–ÆUö–çFVw&—G•öæ÷E÷FV×÷&Åö6ö×&&–Æ—G£“3CBÂÓã#sƒC““““““ƒƒssrÃÃãÆ7W'&VçEöWö6…öf–ÆUö–çFVw&—G•öæ÷E÷FV×÷&Åö6ö×&&–Æ—G£“3CbÃã3“““““““ƒ#ƒc3ccRÃÃãÆ7W'&VçEöWö6…öf–ÆUö–çFVw&—G•öæ÷E÷FV×÷&Åö6ö×&&–Æ—G£“3CrÃãCcƒ#““““““S““2ÃÃãÆ7W'&VçEöWö6…öf–ÆUö–çFVw&—G•öæ÷E÷FV×÷&Åö6ö×&&–Æ—G£“3C‚Ããƒs3““““““ƒs#cC"ÃÃãÆ7W'&VçEöWö6…öf–ÆUö–çFVw&—G•öæ÷E÷FV×÷&Åö6ö×&&–Æ—G£“3C’Ãã“S““““““ƒs3ƒS‚ÃÃãÆ7W'&VçEöWö6…öf–ÆUö–çFVw&—G•öæ÷E÷FV×÷&Åö6ö×&&–Æ—G£“3SÂÓãSsƒCC3RÃÃãÆ7W'&VçEöWö6…öf–ÆUö–çFVw&—G•öæ÷E÷FV×÷&Åö6ö×&&–Æ—G£“3SÂÓãcCS3SC‚ÃÃãÆ7W'&VçEöWö6…öf–ÆUö–çFVw&—G•öæ÷E÷FV×÷&Åö6ö×&&–Æ—G£“3S"ÃãCC““““““““S3C33ƒrÃÃãÆ7W'&VçEöWö6…öf–ÆUö–çFVw&—G•öæ÷E÷FV×÷&Åö6ö×&&–Æ—G£“3S2Ãã3C“cCS#“CRÃÃãÆ7W'&VçEöWö6…öf–ÆUö–çFVw&—G•öæ÷E÷FV×÷&Åö6ö×&&–Æ—G£“3SBÃã#c“““““““3SSbÃÃãÆ7W'&VçEöWö6…öf–ÆUö–çFVw&—G•öæ÷E÷FV×÷&Åö6ö×&&–Æ—G£“3SRÃã#cc““““““““#SC“BÃÃãÆ7W'&VçEöWö6…öf–ÆUö–çFVw&—G•öæ÷E÷FV×÷&Åö6ö×&&–Æ—G£“3SbÂÓã3ƒ“c““““““““s#bÃÃãÆ7W'&VçEöWö6…öf–ÆUö–çFVw&—G•öæ÷E÷FV×÷&Åö6ö×&&–Æ—G£“3SrÂÓãc3C#Css3"ÃÃãÆ7W'&VçEöWö6…öf–ÆUö–çFVw&—G•öæ÷E÷FV×÷&Åö6ö×&&–Æ—G£“3S‚ÃãCCS3“““““““cƒƒrÃÃãÆ7W'&VçEöWö6…öf–ÆUö–çFVw&—G•öæ÷E÷FV×÷&Åö6ö×&&–Æ—G£“3S’ÃãC#3s““““““ƒ“Sc“"ÃÃãÆ7W'&VçEöWö6…öf–ÆUö–çFVw&—G•öæ÷E÷FV×÷&Åö6ö×&&–Æ—G£“3cÃã#“3cCSc’ÃÃãÆ7W'&VçEöWö6…öf–ÆUö–çFVw&—G•öæ÷E÷FV×÷&Åö6ö×&&–Æ—G£“3cÂÓãC#ssƒc#bÃÃãÆ7W'&VçEöWö6…öf–ÆUö–çFVw&—G•öæ÷E÷FV×÷&Åö6ö×&&–Æ—G£“3c"ÂÓã#3###““““““CcbÃÃãÆ7W'&VçEöWö6…öf–ÆUö–çFVw&—G•öæ÷E÷FV×÷&Åö6ö×&&–Æ—G£“3c2ÃãcCCƒcs33CbÃÃãÆ7W'&VçEöWö6…öf–ÆUö–çFVw&—G•öæ÷E÷FV×÷&Åö6ö×&&–Æ—G£“3cBÃãCƒcsC#ƒrÃÃãÆ7W'&VçEöWö6…öf–ÆUö–çFVw&—G•öæ÷E÷FV×÷&Åö6ö×&&–Æ—G£“3cRÂÓãcC“#“““““““3C‚ÃÃãÆ7W'&VçEöWö6…öf–ÆUö–çFVw&—G•öæ÷E÷FV×÷&Åö6ö×&&–Æ—G£“3cbÂÓã#S3C#C“#BÃÃãÆ7W'&VçEöWö6…öf–ÆUö–çFVw&—G•öæ÷E÷FV×÷&Åö6ö×&&–Æ—G£“3crÂÓã##“ƒ#““““““cSƒ#RÃÃãÆ7W'&VçEöWö6…öf–ÆUö–çFVw&—G•öæ÷E÷FV×÷&Åö6ö×&&–Æ—G£“3c‚ÂÓã3ƒsC3"ÃÃãÆ7W'&VçEöWö6…öf–ÆUö–çFVw&—G•öæ÷E÷FV×÷&Åö6ö×&&–Æ—G£“3c’ÂÓãCCs3S“ƒSRÃÃãÆ7W'&VçEöWö6…öf–ÆUö–çFVw&—G•öæ÷E÷FV×÷&Åö6ö×&&–Æ—G£“3sÂÓã#3s3““““““ƒ3cƒs"ÃÃãÆ7W'&VçEöWö6…öf–ÆUö–çFVw&—G•öæ÷E÷FV×÷&Åö6ö×&&–Æ—G£“3sÃãC“SSS“ƒ3sRÃÃãÆ7W'&VçEöWö6…öf–ÆUö–çFVw&—G•öæ÷E÷FV×÷&Åö6ö×&&–Æ—G£“3s"ÂÓã#“S“““““““cƒ33RÃÃãÆ7W'&VçEöWö6…öf–ÆUö–çFVw&—G•öæ÷E÷FV×÷&Åö6ö×&&–Æ—G£“3s2ÂÓã“S“3““““““ss“CBÃÃãÆ7W'&VçEöWö6…öf–ÆUö–çFVw&—G•öæ÷E÷FV×÷&Åö6ö×&&–Æ—G£“3sBÃã3“3c##S’ÃÃãÆ7W'&VçEöWö6…öf–ÆUö–çFVw&—G•öæ÷E÷FV×÷&Åö6ö×&&–Æ—G£“3sRÂÓãƒCCScS“2ÃÃãÆ7W'&VçEöWö6…öf–ÆUö–çFVw&—G•öæ÷E÷FV×÷&Åö6ö×&&–Æ—G£“3sbÃã3SS“““““““CSS"ÃÃãÆ7W'&VçEöWö6…öf–ÆUö–çFVw&—G•öæ÷E÷FV×÷&Åö6ö×&&–Æ—G£“3srÂÓãs3“““““““sCSRÃÃãÆ7W'&VçEöWö6…öf–ÆUö–çFVw&—G•öæ÷E÷FV×÷&Åö6ö×&&–Æ—G£“3s‚ÂÓã#ƒcS3BÃÃãÆ7W'&VçEöWö6…öf–ÆUö–çFVw&—G•öæ÷E÷FV×÷&Åö6ö×&&–Æ—G£“3s’ÂÓã3ƒ“““““““ccCs#BÃÃãÆ7W'&VçEöWö6…öf–ÆUö–çFVw&—G•öæ÷E÷FV×÷&Åö6ö×&&–Æ—G£“3ƒÂÓãcCc““““““ƒƒs“rÃÃãÆ7W'&VçEöWö6…öf–ÆUö–çFVw&—G•öæ÷E÷FV×÷&Åö6ö×&&–Æ—G£“3ƒÂÓã3s3SS3BÃÃãÆ7W'&VçEöWö6…öf–ÆUö–çFVw&—G•öæ÷E÷FV×÷&Åö6ö×&&–Æ—G£“3ƒ"ÂÓã#3sƒCS“s#"ÃÃãÆ7W'&VçEöWö6…öf–ÆUö–çFVw&—G•öæ÷E÷FV×÷&Åö6ö×&&–Æ—G£“3ƒ2ÂÓã3C“3#sBÃÃãÆ7W'&VçEöWö6…öf–ÆUö–çFVw&—G•öæ÷E÷FV×÷&Åö6ö×&&–Æ—G£“3ƒBÃã3Sss““““““cSƒcrÃÃãÆ7W'&VçEöWö6…öf–ÆUö–çFVw&—G•öæ÷E÷FV×÷&Åö6ö×&&–Æ—G£“3ƒRÃãC““““““ƒ“cSsRÃÃãÆ7W'&VçEöWö6…öf–ÆUö–çFVw&—G•öæ÷E÷FV×÷&Åö6ö×&&–Æ—G£“3ƒbÃãCƒ“““““““ƒS“ƒƒBÃÃãÆ7W'&VçEöWö6…öf–ÆUö–çFVw&—G•öæ÷E÷FV×÷&Åö6ö×&&–Æ—G£“3ƒrÂÓã3c#““““““CscS“crÃÃãÆ7W'&VçEöWö6…öf–ÆUö–çFVw&—G•öæ÷E÷FV×÷&Åö6ö×&&–Æ—G£“3ƒ‚Ãã33c#“ƒRÃÃãÆ7W'&VçEöWö6…öf–ÆUö–çFVw&—G•öæ÷E÷FV×÷&Åö6ö×&&–Æ—G£“3ƒ’Ããc#3“““““““S#S#SRÃÃãÆ7W'&VçEöWö6…öf–ÆUö–çFVw&—G•öæ÷E÷FV×÷&Åö6ö×&&–Æ—G£“3“Ãã“ScS“#S‚ÃÃãÆ7W'&VçEöWö6…öf–ÆUö–çFVw&—G•öæ÷E÷FV×÷&Åö6ö×&&–Æ—G£“3“ÂÓã“cC“#ƒcbÃÃãÆ7W'&VçEöWö6…öf–ÆUö–çFVw&—G•öæ÷E÷FV×÷&Åö6ö×&&–Æ—G£“3“"ÂÓã3s#“‚ÃÃãÆ7W'&VçEöWö6…öf–ÆUö–çFVw&—G•öæ÷E÷FV×÷&Åö6ö×&&–Æ—G£“3“2ÃãCCS“““““““C3ƒƒ‚ÃÃãÆ7W'&VçEöWö6…öf–ÆUö–çFVw&—G•öæ÷E÷FV×÷&Åö6ö×&&–Æ—G£“3“BÂÓã3scSƒS33bÃÃãÆ7W'&VçEöWö6…öf–ÆUö–çFVw&—G•öæ÷E÷FV×÷&Åö6ö×&&–Æ—G£“3“RÃã“CS“““““““css’ÃÃãÆ7W'&VçEöWö6…öf–ÆUö–çFVw&—G•öæ÷E÷FV×÷&Åö6ö×&&–Æ—G£“3“bÂÓãC3s#“““““““SRÃÃãÆ7W'&VçEöWö6…öf–ÆUö–çFVw&—G•öæ÷E÷FV×÷&Åö6ö×&&–Æ—G£“3“rÃãC#“C##s#C#rÃÃãÆ7W'&VçEöWö6…öf–ÆUö–çFVw&—G•öæ÷E÷FV×÷&Åö6ö×&&–Æ—G£“3“‚ÂÓã3CSƒ3Scc#CBÃÃãÆ7W'&VçEöWö6…öf–ÆUö–çFVw&—G•öæ÷E÷FV×÷&Åö6ö×&&–Æ—G£“3“’Ãã###ƒ#S“C"ÃÃãÆ7W'&VçEöWö6…öf–ÆUö–çFVw&—G•öæ÷E÷FV×÷&Åö6ö×&&–Æ—G£“CÂÓãCSƒ3cCsrÃÃãÆ7W'&VçEöWö6…öf–ÆUö–çFVw&—G•öæ÷E÷FV×÷&Åö6ö×&&–Æ—G£“CÃã#“““““““ƒCc33"ÃÃãÆ7W'&VçEöWö6…öf–ÆUö–çFVw&—G•öæ÷E÷FV×÷&Åö6ö×&&–Æ—G£“C"ÂÓã#“S3ccƒ"ÃÃãÆ7W'&VçEöWö6…öf–ÆUö–çFVw&—G•öæ÷E÷FV×÷&Åö6ö×&&–Æ—G£“C2ÂÓã3s#Ss““““““ScSrÃÃãÆ7W'&VçEöWö6…öf–ÆUö–çFVw&—G•öæ÷E÷FV×÷&Åö6ö×&&–Æ—G£“CBÃãS33“““““““SS““RÃÃãÆ7W'&VçEöWö6…öf–ÆUö–çFVw&—G•öæ÷E÷FV×÷&Åö6ö×&&–Æ—G£“CRÂÓã3s#ccrÃÃãÆ7W'&VçEöWö6…öf–ÆUö–çFVw&—G•öæ÷E÷FV×÷&Åö6ö×&&–Æ—G£“CbÃã#3S““3ƒC"ÃÃãÆ7W'&VçEöWö6…öf–ÆUö–çFVw&—G•öæ÷E÷FV×÷&Åö6ö×&&–Æ—G£“CrÃã#ƒ#c““““““CsCs3BÃÃãÆ7W'&VçEöWö6…öf–ÆUö–çFVw&—G•öæ÷E÷FV×÷&Åö6ö×&&–Æ—G£“C‚ÂÓãƒs“““““““S“s#2ÃÃãÆ7W'&VçEöWö6…öf–ÆUö–çFVw&—G•öæ÷E÷FV×÷&Åö6ö×&&–Æ—G£“C’Ãã3C#Css3‚ÃÃãÆ7W'&VçEöWö6…öf–ÆUö–çFVw&—G•öæ÷E÷FV×÷&Åö6ö×&&–Æ—G£“CÃã3““““““ƒsCcs‚ÃÃãÆ7W'&VçEöWö6…öf–ÆUö–çFVw&—G•öæ÷E÷FV×÷&Åö6ö×&&–Æ—G£“CÃã3cSCs"ÃÃãÆ7W'&VçEöWö6…öf–ÆUö–çFVw&—G•öæ÷E÷FV×÷&Åö6ö×&&–Æ—G£“C"ÂÓã3ScCC#C#2ÃÃãÆ7W'&VçEöWö6…öf–ÆUö–çFVw&—G•öæ÷E÷FV×÷&Åö6ö×&&–Æ—G£“C2ÃãC#Sc#s““‚ÃÃãÆ7W'&VçEöWö6…öf–ÆUö–çFVw&—G•öæ÷E÷FV×÷&Åö6ö×&&–Æ—G£“CBÂÓãc3#s"ÃÃãÆ7W'&VçEöWö6…öf–ÆUö–çFVw&—G•öæ÷E÷FV×÷&Åö6ö×&&–Æ—G£“CRÂÓãC“3#ƒCS’ÃÃãÆ7W'&VçEöWö6…öf–ÆUö–çFVw&—G•öæ÷E÷FV×÷&Åö6ö×&&–Æ—G£“CbÂÓãs“““ƒS’ÃÃãÆ7W'&VçEöWö6…öf–ÆUö–çFVw&—G•öæ÷E÷FV×÷&Åö6ö×&&–Æ—G£“CrÃã“C#3““““““sƒ2ÃÃãÆ7W'&VçEöWö6…öf–ÆUö–çFVw&—G•öæ÷E÷FV×÷&Åö6ö×&&–Æ—G£“C‚Ãã3sS“““““““Cs3‚ÃÃãÆ7W'&VçEöWö6…öf–ÆUö–çFVw&—G•öæ÷E÷FV×÷&Åö6ö×&&–Æ—G£“C’ÂÓãCƒC“c#RÃÃãÆ7W'&VçEöWö6…öf–ÆUö–çFVw&—G•öæ÷E÷FV×÷&Åö6ö×&&–Æ—G£“C#ÃãCSC3““““““ƒss““rÃÃãÆ7W'&VçEöWö6…öf–ÆUö–çFVw&—G•öæ÷E÷FV×÷&Åö6ö×&&–Æ—G£“C#ÃãC3ƒcC““““““cCCBÃÃãÆ7W'&VçEöWö6…öf–ÆUö–çFVw&—G•öæ÷E÷FV×÷&Åö6ö×&&–Æ—G£“C#"Ãã##C“s“bÃÃãÆ7W'&VçEöWö6…öf–ÆUö–çFVw&—G•öæ÷E÷FV×÷&Åö6ö×&&–Æ—G£“C#2ÃãCss“ƒ3#““"ÃÃãÆ7W'&VçEöWö6…öf–ÆUö–çFVw&—G•öæ÷E÷FV×÷&Åö6ö×&&–Æ—G£“C#BÃãsCSƒC#3sRÃÃãÆ7W'&VçEöWö6…öf–ÆUö–çFVw&—G•öæ÷E÷FV×÷&Åö6ö×&&–Æ—G£“C#RÃã#“CS“““““““3ƒcrÃÃãÆ7W'&VçEöWö6…öf–ÆUö–çFVw&—G•öæ÷E÷FV×÷&Åö6ö×&&–Æ—G£“C#bÃã3#sƒS““““““sS““RÃÃãÆ7W'&VçEöWö6…öf–ÆUö–çFVw&—G•öæ÷E÷FV×÷&Åö6ö×&&–Æ—G£“C#rÃã#C#C“““““““3S‚ÃÃãÆ7W'&VçEöWö6…öf–ÆUö–çFVw&—G•öæ÷E÷FV×÷&Åö6ö×&&–Æ—G£“C#‚Ãã#C“““““““SSsc#"ÃÃãÆ7W'&VçEöWö6…öf–ÆUö–çFVw&—G•öæ÷E÷FV×÷&Åö6ö×&&–Æ—G£“C#’ÂÓã#sƒc#cCRÃÃãÆ7W'&VçEöWö6…öf–ÆUö–çFVw&—G•öæ÷E÷FV×÷&Åö6ö×&&–Æ—G£“C3ÂÓã3S##CcS2ÃÃãÆ7W'&VçEöWö6…öf–ÆUö–çFVw&—G•öæ÷E÷FV×÷&Åö6ö×&&–Æ—G£“C3ÂÓãC#c“““““““ƒs3BÃÃãÆ7W'&VçEöWö6…öf–ÆUö–çFVw&—G•öæ÷E÷FV×÷&Åö6ö×&&–Æ—G£“C3"ÃãCCƒ“““““““CƒcÃÃãÆ7W'&VçEöWö6…öf–ÆUö–çFVw&—G•öæ÷E÷FV×÷&Åö6ö×&&–Æ—G£“C32Ãã3#C““““““cSƒ#“BÃÃãÆ7W'&VçEöWö6…öf–ÆUö–çFVw&—G•öæ÷E÷FV×÷&Åö6ö×&&–Æ—G£“C3BÃãC#SC“““““““S#BÃÃãÆ7W'&VçEöWö6…öf–ÆUö–çFVw&—G•öæ÷E÷FV×÷&Åö6ö×&&–Æ—G£“C3RÃã#cƒ““““““ƒcSƒƒ“RÃÃãÆ7W'&VçEöWö6…öf–ÆUö–çFVw&—G•öæ÷E÷FV×÷&Åö6ö×&&–Æ—G£“C3bÂÓãC#“c“““““““33ssbÃÃãÆ7W'&VçEöWö6…öf–ÆUö–çFVw&—G•öæ÷E÷FV×÷&Åö6ö×&&–Æ—G£“C3rÃã3S3C“s3‚ÃÃãÆ7W'&VçEöWö6…öf–ÆUö–çFVw&—G•öæ÷E÷FV×÷&Åö6ö×&&–Æ—G£“C3‚ÂÓãcƒ“s““““““c3s#RÃÃãÆ7W'&VçEöWö6…öf–ÆUö–çFVw&—G•öæ÷E÷FV×÷&Åö6ö×&&–Æ—G£“C3’Ãã#Sc3““““““s#“ÃÃãÆ7W'&VçEöWö6…öf–ÆUö–çFVw&—G•öæ÷E÷FV×÷&Åö6ö×&&–Æ—G£“CCÃãCS#“3ƒcRÃÃãÆ7W'&VçEöWö6…öf–ÆUö–çFVw&—G•öæ÷E÷FV×÷&Åö6ö×&&–Æ—G£“CCÃãCc“““““““sc#SÃÃãÆ7W'&VçEöWö6…öf–ÆUö–çFVw&—G•öæ÷E÷FV×÷&Åö6ö×&&–Æ—G£“CC"ÂÓã3“Ss““““““c“3#’ÃÃãÆ7W'&VçEöWö6…öf–ÆUö–çFVw&—G•öæ÷E÷FV×÷&Åö6ö×&&–Æ—G£“CC2ÂÓã#3SS33ƒ"ÃÃãÆ7W'&VçEöWö6…öf–ÆUö–çFVw&—G•öæ÷E÷FV×÷&Åö6ö×&&–Æ—G£“CCBÂÓã#“3““““““““CC#bÃÃãÆ7W'&VçEöWö6…öf–ÆUö–çFVw&—G•öæ÷E÷FV×÷&Åö6ö×&&–Æ—G£“CCRÃãc““““““c##3’ÃÃãÆ7W'&VçEöWö6…öf–ÆUö–çFVw&—G•öæ÷E÷FV×÷&Åö6ö×&&–Æ—G£“CCbÃã3“SSS““““““s#3rÃÃãÆ7W'&VçEöWö6…öf–ÆUö–çFVw&—G•öæ÷E÷FV×÷&Åö6ö×&&–Æ—G£“CCrÃãCS#c““““““cƒCRÃÃãÆ7W'&VçEöWö6…öf–ÆUö–çFVw&—G•öæ÷E÷FV×÷&Åö6ö×&&–Æ—G£“CC‚ÃãCS333cCRÃÃãÆ7W'&VçEöWö6…öf–ÆUö–çFVw&—G•öæ÷E÷FV×÷&Åö6ö×&&–Æ—G£“CC’ÂÓã#C#CS““““““C#SSrÃÃãÆ7W'&VçEöWö6…öf–ÆUö–çFVw&—G•öæ÷E÷FV×÷&Åö6ö×&&–Æ—G£“CSÂÓãCC#C“““““““cSsRÃÃãÆ7W'&VçEöWö6…öf–ÆUö–çFVw&—G•öæ÷E÷FV×÷&Åö6ö×&&–Æ—G£“CSÂÓãCc#s3csƒrÃÃãÆ7W'&VçEöWö6…öf–ÆUö–çFVw&—G•öæ÷E÷FV×÷&Åö6ö×&&–Æ—G£“CS"Ãã#C“SCS““RÃÃãÆ7W'&VçEöWö6…öf–ÆUö–çFVw&—G•öæ÷E÷FV×÷&Åö6ö×&&–Æ—G£“CS2Ãã3sSC3sÃÃãÆ7W'&VçEöWö6…öf–ÆUö–çFVw&—G•öæ÷E÷FV×÷&Åö6ö×&&–Æ—G£“CSBÃãCcƒ#“““““““ƒ““’ÃÃãÆ7W'&VçEöWö6…öf–ÆUö–çFVw&—G•öæ÷E÷FV×÷&Åö6ö×&&–Æ—G£“CSRÂÓãC“CS#“ƒ#2ÃÃãÆ7W'&VçEöWö6…öf–ÆUö–çFVw&—G•öæ÷E÷FV×÷&Åö6ö×&&–Æ—G£“CSbÂÓãƒ3S#ƒS#bÃÃãÆ7W'&VçEöWö6…öf–ÆUö–çFVw&—G•öæ÷E÷FV×÷&Åö6ö×&&–Æ—G£“CSrÂÓãC#c“#c#rÃÃãÆ7W'&VçEöWö6…öf–ÆUö–çFVw&—G•öæ÷E÷FV×÷&Åö6ö×&&–Æ—G£“CS’ÂÓãCs3“““““““Sƒ3#32ÃÃãÆ7W'&VçEöWö6…öf–ÆUö–çFVw&—G•öæ÷E÷FV×÷&Åö6ö×&&–Æ—G£“CcÃã3s““c““““““CSSBÃÃãÆ7W'&VçEöWö6…öf–ÆUö–çFVw&—G•öæ÷E÷FV×÷&Åö6ö×&&–Æ—G£“CcÃãƒ“Sƒc#cRÃÃãÆ7W'&VçEöWö6…öf–ÆUö–çFVw&—G•öæ÷E÷FV×÷&Åö6ö×&&–Æ—G£“Cc"ÂÓãs3ƒ#ƒS##RÃÃãÆ7W'&VçEöWö6…öf–ÆUö–çFVw&—G•öæ÷E÷FV×÷&Åö6ö×&&–Æ—G£“Cc2Ããƒ3“#’ÃÃãÆ7W'&VçEöWö6…öf–ÆUö–çFVw&—G•öæ÷E÷FV×÷&Åö6ö×&&–Æ—G£“CcBÃãCc#cSrÃÃãÆ7W'&VçEöWö6…öf–ÆUö–çFVw&—G•öæ÷E÷FV×÷&Åö6ö×&&–Æ—G£“CcRÂÓã##c#C“sBÃÃãÆ7W'&VçEöWö6…öf–ÆUö–çFVw&—G•öæ÷E÷FV×÷&Åö6ö×&&–Æ—G£“CcbÂÓã#Sƒ3ƒ“2ÃÃãÆ7W'&VçEöWö6…öf–ÆUö–çFVw&—G•öæ÷E÷FV×÷&Åö6ö×&&–Æ—G£“CcrÂÓã3Sƒc#“SCbÃÃãÆ7W'&VçEöWö6…öf–ÆUö–çFVw&—G•öæ÷E÷FV×÷&Åö6ö×&&–Æ—G£“Cc‚Ãã3#“C3C3cbÃÃãÆ7W'&VçEöWö6…öf–ÆUö–çFVw&—G•öæ÷E÷FV×÷&Åö6ö×&&–Æ—G£“Cc’ÂÓãsC“““““““3S‚ÃÃãÆ7W'&VçEöWö6…öf–ÆUö–çFVw&—G•öæ÷E÷FV×÷&Åö6ö×&&–Æ—G£“CsÃã3S“S“““““““c3RÃÃãÆ7W'&VçEöWö6…öf–ÆUö–çFVw&—G•öæ÷E÷FV×÷&Åö6ö×&&–Æ—G£“CsÂÓãs#33Cs3ƒ2ÃÃãÆ7W'&VçEöWö6…öf–ÆUö–çFVw&—G•öæ÷E÷FV×÷&Åö6ö×&&–Æ—G£“Cs"ÃãC#“3s#S2ÃÃãÆ7W'&VçEöWö6…öf–ÆUö–çFVw&—G•öæ÷E÷FV×÷&Åö6ö×&&–Æ—G£“Cs2ÂÓã##s#“““““““#ƒ#ƒ‚ÃÃãÆ7W'&VçEöWö6…öf–ÆUö–çFVw&—G•öæ÷E÷FV×÷&Åö6ö×&&–Æ—G£“CsBÃãC“SS“““““““Cs3‚ÃÃãÆ7W'&VçEöWö6…öf–ÆUö–çFVw&—G•öæ÷E÷FV×÷&Åö6ö×&&–Æ—G£“CsRÃã33c““““““sƒC“bÃÃãÆ7W'&VçEöWö6…öf–ÆUö–çFVw&—G•öæ÷E÷FV×÷&Åö6ö×&&–Æ—G£“CsbÃãS3“““““““ccCs#BÃÃãÆ7W'&VçEöWö6…öf–ÆUö–çFVw&—G•öæ÷E÷FV×÷&Åö6ö×&&–Æ—G£“CsrÂÓã#“ƒC’ÃÃãÆ7W'&VçEöWö6…öf–ÆUö–çFVw&—G•öæ÷E÷FV×÷&Åö6ö×&&–Æ—G£“Cs‚ÃãCCS#ƒSbÃÃãÆ7W'&VçEöWö6…öf–ÆUö–çFVw&—G•öæ÷E÷FV×÷&Åö6ö×&&–Æ—G£“Cs’ÃãCc#CCSRÃÃãÆ7W'&VçEöWö6…öf–ÆUö–çFVw&—G•öæ÷E÷FV×÷&Åö6ö×&&–Æ—G£“CƒÂÓã#s“““““““3#“CC‚ÃÃãÆ7W'&VçEöWö6…öf–ÆUö–çFVw&—G•öæ÷E÷FV×÷&Åö6ö×&&–Æ—G£“CƒÂÓã#C““““““ƒS#ƒS2ÃÃãÆ7W'&VçEöWö6…öf–ÆUö–çFVw&—G•öæ÷E÷FV×÷&Åö6ö×&&–Æ—G£“Cƒ"Ãã#“ƒƒƒ#2ÃÃãÆ7W'&VçEöWö6…öf–ÆUö–çFVw&—G•öæ÷E÷FV×÷&Åö6ö×&&–Æ—G£“Cƒ2Ãã3Cs“““““““3““#“rÃÃãÆ7W'&VçEöWö6…öf–ÆUö–çFVw&—G•öæ÷E÷FV×÷&Åö6ö×&&–Æ—G£“CƒBÃãsC““““““C“#C#“"ÃÃãÆ7W'&VçEöWö6…öf–ÆUö–çFVw&—G•öæ÷E÷FV×÷&Åö6ö×&&–Æ—G£“CƒRÂÓã#c“““““““ƒc“cÃÃãÆ7W'&VçEöWö6…öf–ÆUö–çFVw&—G•öæ÷E÷FV×÷&Åö6ö×&&–Æ—G£“CƒbÃãSsC“““““““““bÃÃãÆ7W'&VçEöWö6…öf–ÆUö–çFVw&—G•öæ÷E÷FV×÷&Åö6ö×&&–Æ—G£“CƒrÂÓãƒC#ScBÃÃãÆ7W'&VçEöWö6…öf–ÆUö–çFVw&—G•öæ÷E÷FV×÷&Åö6ö×&&–Æ—G£“Cƒ‚ÃãCƒ3sS“C“rÃÃãÆ7W'&VçEöWö6…öf–ÆUö–çFVw&—G•öæ÷E÷FV×÷&Åö6ö×&&–Æ—G£“Cƒ’Ãã#“#C3Cƒ3CbÃÃãÆ7W'&VçEöWö6…öf–ÆUö–çFVw&—G•öæ÷E÷FV×÷&Åö6ö×&&–Æ—G£“C“ÂÓã3““ƒs““"ÃÃãÆ7W'&VçEöWö6…öf–ÆUö–çFVw&—G•öæ÷E÷FV×÷&Åö6ö×&&–Æ—G£“C“"ÃãCƒ“3“C2ÃÃãÆ7W'&VçEöWö6…öf–ÆUö–çFVw&—G•öæ÷E÷FV×÷&Åö6ö×&&–Æ—G£“C“2ÃãCS“s“““““““c“33RÃÃãÆ7W'&VçEöWö6…öf–ÆUö–çFVw&—G•öæ÷E÷FV×÷&Åö6ö×&&–Æ—G£“C“BÂÓã3cƒcsc3‚ÃÃãÆ7W'&VçEöWö6…öf–ÆUö–çFVw&—G•öæ÷E÷FV×÷&Åö6ö×&&–Æ—G£“C“RÂÓã#“3““““““““CC#bÃÃãÆ7W'&VçEöWö6…öf–ÆUö–çFVw&—G•öæ÷E÷FV×÷&Åö6ö×&&–Æ—G£“C“bÂÓã3##c’ÃÃãÆ7W'&VçEöWö6…öf–ÆUö–çFVw&—G•öæ÷E÷FV×÷&Åö6ö×&&–Æ—G£“C“rÂÓãC“33““"ÃÃãÆ7W'&VçEöWö6…öf–ÆUö–çFVw&—G•öæ÷E÷FV×÷&Åö6ö×&&–Æ—G£“C“‚ÂÓã3#sƒs““““““s“C2ÃÃãÆ7W'&VçEöWö6…öf–ÆUö–çFVw&—G•öæ÷E÷FV×÷&Åö6ö×&&–Æ—G£“C“’ÂÓãcS#ƒ#s‚ÃÃãÆ7W'&VçEöWö6…öf–ÆUö–çFVw&—G•öæ÷E÷FV×÷&Åö6ö×&&–Æ—G£“SÂÓã33ƒ#s“3#RÃÃãÆ7W'&VçEöWö6…öf–ÆUö–çFVw&—G•öæ÷E÷FV×÷&Åö6ö×&&–Æ—G£“SÃã#Scc“““““““ƒ“‚ÃÃãÆ7W'&VçEöWö6…öf–ÆUö–çFVw&—G•öæ÷E÷FV×÷&Åö6ö×&&–Æ—G£“S"ÂÓãC3c““““““sSSc"ÃÃãÆ7W'&VçEöWö6…öf–ÆUö–çFVw&—G•öæ÷E÷FV×÷&Åö6ö×&&–Æ—G£“S2ÂÓãsc““““““““cCƒ‚ÃÃãÆ7W'&VçEöWö6…öf–ÆUö–çFVw&—G•öæ÷E÷FV×÷&Åö6ö×&&–Æ—G£“SBÂÓã3Sƒc““““““cS#’ÃÃãÆ7W'&VçEöWö6…öf–ÆUö–çFVw&—G•öæ÷E÷FV×÷&Åö6ö×&&–Æ—G£“SRÂÓã“S“““““““S“#‚ÃÃãÆ7W'&VçEöWö6…öf–ÆUö–çFVw&—G•öæ÷E÷FV×÷&Åö6ö×&&–Æ—G£“SbÃã#C#3““2ÃÃãÆ7W'&VçEöWö6…öf–ÆUö–çFVw&—G•öæ÷E÷FV×÷&Åö6ö×&&–Æ—G£“SrÃã#S“3ScƒƒBÃÃãÆ7W'&VçEöWö6…öf–ÆUö–çFVw&—G•öæ÷E÷FV×÷&Åö6ö×&&–Æ—G£“S‚ÃãS“““““““““scsrÃÃãÆ7W'&VçEöWö6…öf–ÆUö–çFVw&—G•öæ÷E÷FV×÷&Åö6ö×&&–Æ—G£“S’ÂÓã33“##cS2ÃÃãÆ7W'&VçEöWö6…öf–ÆUö–çFVw&—G•öæ÷E÷FV×÷&Åö6ö×&&–Æ—G£“SÂÓãc3““““““ƒs33C2ÃÃãÆ7W'&VçEöWö6…öf–ÆUö–çFVw&—G•öæ÷E÷FV×÷&Åö6ö×&&–Æ—G£“SÃãCSc3“““““““SCƒ3ÃÃãÆ7W'&VçEöWö6…öf–ÆUö–çFVw&—G•öæ÷E÷FV×÷&Åö6ö×&&–Æ—G£“S"ÂÓãCƒ#3ƒcbÃÃãÆ7W'&VçEöWö6…öf–ÆUö–çFVw&—G•öæ÷E÷FV×÷&Åö6ö×&&–Æ—G£“S2ÃãCC#ƒ“““““““CSSsbÃÃãÆ7W'&VçEöWö6…öf–ÆUö–çFVw&—G•öæ÷E÷FV×÷&Åö6ö×&&–Æ—G£“SBÃãCCC##CCC’ÃÃãÆ7W'&VçEöWö6…öf–ÆUö–çFVw&—G•öæ÷E÷FV×÷&Åö6ö×&&–Æ—G£“SRÃãc“s3SSscRÃÃãÆ7W'&VçEöWö6…öf–ÆUö–çFVw&—G•öæ÷E÷FV×÷&Åö6ö×&&–Æ—G£“SbÂÓã33#C“cc2ÃÃãÆ7W'&VçEöWö6…öf–ÆUö–çFVw&—G•öæ÷E÷FV×÷&Åö6ö×&&–Æ—G£“SrÃã3“S“C#SbÃÃãÆ7W'&VçEöWö6…öf–ÆUö–çFVw&—G•öæ÷E÷FV×÷&Åö6ö×&&–Æ—G£“S‚ÂÓãC3s“““““““s332ÃÃãÆ7W'&VçEöWö6…öf–ÆUö–çFVw&—G•öæ÷E÷FV×÷&Åö6ö×&&–Æ—G£“S’Ãã#ƒC“““““““CS“ƒ32ÃÃãÆ7W'&VçEöWö6…öf–ÆUö–çFVw&—G•öæ÷E÷FV×÷&Åö6ö×&&–Æ—G£“S#Ãã3ss““““““““ccrÃÃãÆ7W'&VçEöWö6…öf–ÆUö–çFVw&—G•öæ÷E÷FV×÷&Åö6ö×&&–Æ—G£“S#ÂÓãCCC“““““““Cƒsss#bÃÃãÆ7W'&VçEöWö6…öf–ÆUö–çFVw&—G•öæ÷E÷FV×÷&Åö6ö×&&–Æ—G£“S#"Ãã##sS“““““““ƒ3Cc’ÃÃãÆ7W'&VçEöWö6…öf–ÆUö–çFVw&—G•öæ÷E÷FV×÷&Åö6ö×&&–Æ—G£“S#2Ããc3c““““““sC#C’ÃÃãÆ7W'&VçEöWö6…öf–ÆUö–çFVw&—G•öæ÷E÷FV×÷&Åö6ö×&&–Æ—G£“S#BÂÓãƒsS#SSsBÃÃãÆ7W'&VçEöWö6…öf–ÆUö–çFVw&—G•öæ÷E÷FV×÷&Åö6ö×&&–Æ—G£“S#RÃã#3s#C“ss“"ÃÃãÆ7W'&VçEöWö6…öf–ÆUö–çFVw&—G•öæ÷E÷FV×÷&Åö6ö×&&–Æ—G£“S#bÃã#cs#““““““#“32ÃÃãÆ7W'&VçEöWö6…öf–ÆUö–çFVw&—G•öæ÷E÷FV×÷&Åö6ö×&&–Æ—G£“S#rÂÓãC#““““““““S#BÃÃãÆ7W'&VçEöWö6…öf–ÆUö–çFVw&—G•öæ÷E÷FV×÷&Åö6ö×&&–Æ—G£“S#‚ÂÓãSS33ƒS‚ÃÃãÆ7W'&VçEöWö6…öf–ÆUö–çFVw&—G•öæ÷E÷FV×÷&Åö6ö×&&–Æ—G£“S#’Ããssƒ““““““sCc#rÃÃãÆ7W'&VçEöWö6…öf–ÆUö–çFVw&—G•öæ÷E÷FV×÷&Åö6ö×&&–Æ—G£“S3Ãã3c““““““ƒc“rÃÃãÆ7W'&VçEöWö6…öf–ÆUö–çFVw&—G•öæ÷E÷FV×÷&Åö6ö×&&–Æ—G£“S3Ãã#C#3““““““ƒƒ#cS3BÃÃãÆ7W'&VçEöWö6…öf–ÆUö–çFVw&—G•öæ÷E÷FV×÷&Åö6ö×&&–Æ—G£“S3"ÃãCS#ƒSrÃÃãÆ7W'&VçEöWö6…öf–ÆUö–çFVw&—G•öæ÷E÷FV×÷&Åö6ö×&&–Æ—G£“S32ÂÓãC3c3““““““ƒƒC“‚ÃÃãÆ7W'&VçEöWö6…öf–ÆUö–çFVw&—G•öæ÷E÷FV×÷&Åö6ö×&&–Æ—G£“S3BÃã#S#3C‚ÃÃãÆ7W'&VçEöWö6…öf–ÆUö–çFVw&—G•öæ÷E÷FV×÷&Åö6ö×&&–Æ—G£“S3RÂÓã#s“ƒS““““““S“cbÃÃãÆ7W'&VçEöWö6…öf–ÆUö–çFVw&—G•öæ÷E÷FV×÷&Åö6ö×&&–Æ—G£“S3bÂÓãCcSƒSCcrÃÃãÆ7W'&VçEöWö6…öf–ÆUö–çFVw&—G•öæ÷E÷FV×÷&Åö6ö×&&–Æ—G£“S3rÂÓã“scc““““““CCs2ÃÃãÆ7W'&VçEöWö6…öf–ÆUö–çFVw&—G•öæ÷E÷FV×÷&Åö6ö×&&–Æ—G£“S3‚ÂÓã33#““““““s3SBÃÃãÆ7W'&VçEöWö6…öf–ÆUö–çFVw&—G•öæ÷E÷FV×÷&Åö6ö×&&–Æ—G£“S3’ÂÓãƒ3cSc3“rÃÃãÆ7W'&VçEöWö6…öf–ÆUö–çFVw&—G•öæ÷E÷FV×÷&Åö6ö×&&–Æ—G£“SCÃã#s3Ss““““““3cscbÃÃãÆ7W'&VçEöWö6…öf–ÆUö–çFVw&—G•öæ÷E÷FV×÷&Åö6ö×&&–Æ—G£“SCÃã3Cs“““““““Cc“CbÃÃãÆ7W'&VçEöWö6…öf–ÆUö–çFVw&—G•öæ÷E÷FV×÷&Åö6ö×&&–Æ—G£“SC"Ãã3cssCSCÃÃãÆ7W'&VçEöWö6…öf–ÆUö–çFVw&—G•öæ÷E÷FV×÷&Åö6ö×&&–Æ—G£“SC2ÂÓã“#““““““s“C#sBÃÃãÆ7W'&VçEöWö6…öf–ÆUö–çFVw&—G•öæ÷E÷FV×÷&Åö6ö×&&–Æ—G£“SCBÃã#ƒcS#““““““sSƒ3"ÃÃãÆ7W'&VçEöWö6…öf–ÆUö–çFVw&—G•öæ÷E÷FV×÷&Åö6ö×&&–Æ—G£“SCRÃãs3#“““““““C“#C2ÃÃãÆ7W'&VçEöWö6…öf–ÆUö–çFVw&—G•öæ÷E÷FV×÷&Åö6ö×&&–Æ—G£“SCbÂÓãCcC“3““““““ƒ#3#rÃÃãÆ7W'&VçEöWö6…öf–ÆUö–çFVw&—G•öæ÷E÷FV×÷&Åö6ö×&&–Æ—G£“SCrÂÓã33SS““““““c#CsBÃÃãÆ7W'&VçEöWö6…öf–ÆUö–çFVw&—G•öæ÷E÷FV×÷&Åö6ö×&&–Æ—G£“SC‚ÂÓãCc“cƒ““““““ƒƒRÃÃãÆ7W'&VçEöWö6…öf–ÆUö–çFVw&—G•öæ÷E÷FV×÷&Åö6ö×&&–Æ—G£“SC’ÂÓã“““““““SS#CcbÃÃãÆ7W'&VçEöWö6…öf–ÆUö–çFVw&—G•öæ÷E÷FV×÷&Åö6ö×&&–Æ—G£“SSÂÓãCc“““““““sc#SÃÃãÆ7W'&VçEöWö6…öf–ÆUö–çFVw&—G•öæ÷E÷FV×÷&Åö6ö×&&–Æ—G£“SSÂÓã#ScC““““““ƒ#ssRÃÃãÆ7W'&VçEöWö6…öf–ÆUö–çFVw&—G•öæ÷E÷FV×÷&Åö6ö×&&–Æ—G£“SS"Ãã3SCCƒ““““““sƒ“S"ÃÃãÆ7W'&VçEöWö6…öf–ÆUö–çFVw&—G•öæ÷E÷FV×÷&Åö6ö×&&–Æ—G£“SS2ÃãCSS“s#ss‚ÃÃãÆ7W'&VçEöWö6…öf–ÆUö–çFVw&—G•öæ÷E÷FV×÷&Åö6ö×&&–Æ—G£“SSBÂÓãc3#““““““cƒCƒ‚ÃÃãÆ7W'&VçEöWö6…öf–ÆUö–çFVw&—G•öæ÷E÷FV×÷&Åö6ö×&&–Æ—G£“SSRÃã“sC““““““ƒ3s3RÃÃãÆ7W'&VçEöWö6…öf–ÆUö–çFVw&—G•öæ÷E÷FV×÷&Åö6ö×&&–Æ—G£“SSbÃã3CsSSSƒcs32ÃÃãÆ7W'&VçEöWö6…öf–ÆUö–çFVw&—G•öæ÷E÷FV×÷&Åö6ö×&&–Æ—G£“SSrÃãcc#sS’ÃÃãÆ7W'&VçEöWö6…öf–ÆUö–çFVw&—G•öæ÷E÷FV×÷&Åö6ö×&&–Æ—G£“SS‚ÂÓã““““““““c#sCs“rÃÃãÆ7W'&VçEöWö6…öf–ÆUö–çFVw&—G•öæ÷E÷FV×÷&Åö6ö×&&–Æ—G£“SS’ÃãscScƒrÃÃãÆ7W'&VçEöWö6…öf–ÆUö–çFVw&—G•öæ÷E÷FV×÷&Åö6ö×&&–Æ—G£“ScÃã#Sƒc3s“SbÃÃãÆ7W'&VçEöWö6…öf–ÆUö–çFVw&—G•öæ÷E÷FV×÷&Åö6ö×&&–Æ—G£“ScÃã#cs3“““““““c““cRÃÃãÆ7W'&VçEöWö6…öf–ÆUö–çFVw&—G•öæ÷E÷FV×÷&Åö6ö×&&–Æ—G£“Sc"ÂÓã3c“c“““““““ƒSScRÃÃãÆ7W'&VçEöWö6…öf–ÆUö–çFVw&—G•öæ÷E÷FV×÷&Åö6ö×&&–Æ—G£“Sc2Ãã33“““““““““cSsSBÃÃãÆ7W'&VçEöWö6…öf–ÆUö–çFVw&—G•öæ÷E÷FV×÷&Åö6ö×&&–Æ—G£“ScBÂÓã3#3SS#BÃÃãÆ7W'&VçEöWö6…öf–ÆUö–çFVw&—G•öæ÷E÷FV×÷&Åö6ö×&&–Æ—G£“ScRÃã3C““““““““3RÃÃãÆ7W'&VçEöWö6…öf–ÆUö–çFVw&—G•öæ÷E÷FV×÷&Åö6ö×&&–Æ—G£“ScbÂÓã#SS#CScÃÃãÆ7W'&VçEöWö6…öf–ÆUö–çFVw&—G•öæ÷E÷FV×÷&Åö6ö×&&–Æ—G£“ScrÂÓãC3C““““““““scsrÃÃãÆ7W'&VçEöWö6…öf–ÆUö–çFVw&—G•öæ÷E÷FV×÷&Åö6ö×&&–Æ—G£“Sc‚ÃãSƒC3SƒrÃÃãÆ7W'&VçEöWö6…öf–ÆUö–çFVw&—G•öæ÷E÷FV×÷&Åö6ö×&&–Æ—G£“Sc’ÃãCCS#c““““““cS#crÃÃãÆ7W'&VçEöWö6…öf–ÆUö–çFVw&—G•öæ÷E÷FV×÷&Åö6ö×&&–Æ—G£“SsÃã3#ƒS##S"ÃÃãÆ7W'&VçEöWö6…öf–ÆUö–çFVw&—G•öæ÷E÷FV×÷&Åö6ö×&&–Æ—G£“SsÃã3c“““““““cCc“sBÃÃãÆ7W'&VçEöWö6…öf–ÆUö–çFVw&—G•öæ÷E÷FV×÷&Åö6ö×&&–Æ—G£“Ss"ÂÓã#“3“3#3c2ÃÃãÆ7W'&VçEöWö6…öf–ÆUö–çFVw&—G•öæ÷E÷FV×÷&Åö6ö×&&–Æ—G£“Ss2ÂÓãS“““““““C3cSC“‚ÃÃãÆ7W'&VçEöWö6…öf–ÆUö–çFVw&—G•öæ÷E÷FV×÷&Åö6ö×&&–Æ—G£“SsBÂÓãcCs#c3“’ÃÃãÆ7W'&VçEöWö6…öf–ÆUö–çFVw&—G•öæ÷E÷FV×÷&Åö6ö×&&–Æ—G£“SsRÂÓã“#c#3“ƒbÃÃãÆ7W'&VçEöWö6…öf–ÆUö–çFVw&—G•öæ÷E÷FV×÷&Åö6ö×&&–Æ—G£“SsbÂÓãCS3“““““““ƒCC"ÃÃãÆ7W'&VçEöWö6…öf–ÆUö–çFVw&—G•öæ÷E÷FV×÷&Åö6ö×&&–Æ—G£“SsrÂÓãC3ƒC““““““s“srÃÃãÆ7W'&VçEöWö6…öf–ÆUö–çFVw&—G•öæ÷E÷FV×÷&Åö6ö×&&–Æ—G£“Ss‚Ãã3CCs#““““““ssÃÃãÆ7W'&VçEöWö6…öf–ÆUö–çFVw&—G•öæ÷E÷FV×÷&Åö6ö×&&–Æ—G£“Ss’ÂÓãC“#S“““““““sscC‚ÃÃãÆ7W'&VçEöWö6…öf–ÆUö–çFVw&—G•öæ÷E÷FV×÷&Åö6ö×&&–Æ—G£“SƒÂÓãSƒ3C#3sS"ÃÃãÆ7W'&VçEöWö6…öf–ÆUö–çFVw&—G•öæ÷E÷FV×÷&Åö6ö×&&–Æ—G£“SƒÃã#S““““““ccRÃÃãÆ7W'&VçEöWö6…öf–ÆUö–çFVw&—G•öæ÷E÷FV×÷&Åö6ö×&&–Æ—G£“Sƒ"ÃãCcC3C““““““Cs3‚ÃÃãÆ7W'&VçEöWö6…öf–ÆUö–çFVw&—G•öæ÷E÷FV×÷&Åö6ö×&&–Æ—G£“Sƒ2ÂÓã33s#““““““““#3cbÃÃãÆ7W'&VçEöWö6…öf–ÆUö–çFVw&—G•öæ÷E÷FV×÷&Åö6ö×&&–Æ—G£“SƒBÂÓã3“ƒc““““““s3s‚ÃÃãÆ7W'&VçEöWö6…öf–ÆUö–çFVw&—G•öæ÷E÷FV×÷&Åö6ö×&&–Æ—G£“SƒRÃãCsƒ“““““““cƒ#ƒbÃÃãÆ7W'&VçEöWö6…öf–ÆUö–çFVw&—G•öæ÷E÷FV×÷&Åö6ö×&&–Æ—G£“SƒbÃã#ƒ““““““s#C3#ƒS"ÃÃãÆ7W'&VçEöWö6…öf–ÆUö–çFVw&—G•öæ÷E÷FV×÷&Åö6ö×&&–Æ—G£“SƒrÃã3Ss““““““s#ƒSBÃÃãÆ7W'&VçEöWö6…öf–ÆUö–çFVw&—G•öæ÷E÷FV×÷&Åö6ö×&&–Æ—G£“Sƒ‚ÃãCcƒC#Cs“rÃÃãÆ7W'&VçEöWö6…öf–ÆUö–çFVw&—G•öæ÷E÷FV×÷&Åö6ö×&&–Æ—G£“Sƒ’ÂÓã3CCs“““““““ccCcbÃÃãÆ7W'&VçEöWö6…öf–ÆUö–çFVw&—G•öæ÷E÷FV×÷&Åö6ö×&&–Æ—G£“S“ÂÓãC“S““““““ƒ“s3#"ÃÃãÆ7W'&VçEöWö6…öf–ÆUö–çFVw&—G•öæ÷E÷FV×÷&Åö6ö×&&–Æ—G£“S“ÃãCsƒc#ƒƒbÃÃãÆ7W'&VçEöWö6…öf–ÆUö–çFVw&—G•öæ÷E÷FV×÷&Åö6ö×&&–Æ—G£“S“"Ãã3S“33#2ÃÃãÆ7W'&VçEöWö6…öf–ÆUö–çFVw&—G•öæ÷E÷FV×÷&Åö6ö×&&–Æ—G£“S“2Ãã3“3S3“#ÃÃãÆ7W'&VçEöWö6…öf–ÆUö–çFVw&—G•öæ÷E÷FV×÷&Åö6ö×&&–Æ—G£“S“BÂÓãCsC3cscBÃÃãÆ7W'&VçEöWö6…öf–ÆUö–çFVw&—G•öæ÷E÷FV×÷&Åö6ö×&&–Æ—G£“S“RÂÓãsCC“““““““3s3SrÃÃãÆ7W'&VçEöWö6…öf–ÆUö–çFVw&—G•öæ÷E÷FV×÷&Åö6ö×&&–Æ—G£“S“bÂÓãCSs#ssRÃÃãÆ7W'&VçEöWö6…öf–ÆUö–çFVw&—G•öæ÷E÷FV×÷&Åö6ö×&&–Æ—G£“S“rÂÓãC#ƒ““““““c3srÃÃãÆ7W'&VçEöWö6…öf–ÆUö–çFVw&—G•öæ÷E÷FV×÷&Åö6ö×&&–Æ—G£“S“‚Ãã“Cssƒƒ#rÃÃãÆ7W'&VçEöWö6…öf–ÆUö–çFVw&—G•öæ÷E÷FV×÷&Åö6ö×&&–Æ—G£“S“’ÃãCcC##cS2ÃÃãÆ7W'&VçEöWö6…öf–ÆUö–çFVw&—G•öæ÷E÷FV×÷&Åö6ö×&&–Æ—G£“cÃã3c““““““ƒsCssRÃÃãÆ7W'&VçEöWö6…öf–ÆUö–çFVw&—G•öæ÷E÷FV×÷&Åö6ö×&&–Æ—G£“cÃã#3““““““s3“Cc2ÃÃãÆ7W'&VçEöWö6…öf–ÆUö–çFVw&—G•öæ÷E÷FV×÷&Åö6ö×&&–Æ—G£“c"Ãã#“ScS“#bÃÃãÆ7W'&VçEöWö6…öf–ÆUö–çFVw&—G•öæ÷E÷FV×÷&Åö6ö×&&–Æ—G£“c2ÂÓãS#““““““ƒ3“ƒ#S"ÃÃãÆ7W'&VçEöWö6…öf–ÆUö–çFVw&—G•öæ÷E÷FV×÷&Åö6ö×&&–Æ—G£“cBÂÓãS#s“““““““c#CƒbÃÃãÆ7W'&VçEöWö6…öf–ÆUö–çFVw&—G•öæ÷E÷FV×÷&Åö6ö×&&–Æ—G£“cRÂÓãC“C3s3CCbÃÃãÆ7W'&VçEöWö6…öf–ÆUö–çFVw&—G•öæ÷E÷FV×÷&Åö6ö×&&–Æ—G£“cbÃã33cS“““““““Sƒs2ÃÃãÆ7W'&VçEöWö6…öf–ÆUö–çFVw&—G•öæ÷E÷FV×÷&Åö6ö×&&–Æ—G£“crÂÓã#““s#C2ÃÃãÆ7W'&VçEöWö6…öf–ÆUö–çFVw&—G•öæ÷E÷FV×÷&Åö6ö×&&–Æ—G£“c‚ÂÓã3ƒ#“#3cS‚ÃÃãÆ7W'&VçEöWö6…öf–ÆUö–çFVw&—G•öæ÷E÷FV×÷&Åö6ö×&&–Æ—G£“c’ÂÓã3“sS“““““““ccrÃÃãÆ7W'&VçEöWö6…öf–ÆUö–çFVw&—G•öæ÷E÷FV×÷&Åö6ö×&&–Æ—G£“cÃã“3“““““““S“CƒsRÃÃãÆ7W'&VçEöWö6…öf–ÆUö–çFVw&—G•öæ÷E÷FV×÷&Åö6ö×&&–Æ—G£“cÃã3ƒ3S“ƒ3sRÃÃãÆ7W'&VçEöWö6…öf–ÆUö–çFVw&—G•öæ÷E÷FV×÷&Åö6ö×&&–Æ—G£“c"ÂÓã#“C“““““““#SC“C"ÃÃãÆ7W'&VçEöWö6…öf–ÆUö–çFVw&—G•öæ÷E÷FV×÷&Åö6ö×&&–Æ—G£“c2ÂÓã#s3“3“rÃÃãÆ7W'&VçEöWö6…öf–ÆUö–çFVw&—G•öæ÷E÷FV×÷&Åö6ö×&&–Æ—G£“cBÂÓãCcs““““““ƒ33rÃÃãÆ7W'&VçEöWö6…öf–ÆUö–çFVw&—G•öæ÷E÷FV×÷&Åö6ö×&&–Æ—G£“cRÃã3ƒs3#C#BÃÃãÆ7W'&VçEöWö6…öf–ÆUö–çFVw&—G•öæ÷E÷FV×÷&Åö6ö×&&–Æ—G£“cbÃã#S“S“““““““3C#RÃÃãÆ7W'&VçEöWö6…öf–ÆUö–çFVw&—G•öæ÷E÷FV×÷&Åö6ö×&&–Æ—G£“crÂÓãC““#s#SRÃÃãÆ7W'&VçEöWö6…öf–ÆUö–çFVw&—G•öæ÷E÷FV×÷&Åö6ö×&&–Æ—G£“c‚ÃãCcC“““““““s3##CRÃÃãÆ7W'&VçEöWö6…öf–ÆUö–çFVw&—G•öæ÷E÷FV×÷&Åö6ö×&&–Æ—G£“c’Ããc““““““““33CBÃÃãÆ7W'&VçEöWö6…öf–ÆUö–çFVw&—G•öæ÷E÷FV×÷&Åö6ö×&&–Æ—G£“c#Ãã#ƒ“ƒ“cbÃÃãÆ7W'&VçEöWö6…öf–ÆUö–çFVw&—G•öæ÷E÷FV×÷&Åö6ö×&&–Æ—G£“c#ÂÓã3S“ƒS““““““cƒC#‚ÃÃãÆ7W'&VçEöWö6…öf–ÆUö–çFVw&—G•öæ÷E÷FV×÷&Åö6ö×&&–Æ—G£“c#"ÃãCƒ##sC#cÃÃãÆ7W'&VçEöWö6…öf–ÆUö–çFVw&—G•öæ÷E÷FV×÷&Åö6ö×&&–Æ—G£“c#2ÂÓãC“3ƒC““““““ƒ“#’ÃÃãÆ7W'&VçEöWö6…öf–ÆUö–çFVw&—G•öæ÷E÷FV×÷&Åö6ö×&&–Æ—G£“c#BÂÓã#“sSSƒ#ÃÃãÆ7W'&VçEöWö6…öf–ÆUö–çFVw&—G•öæ÷E÷FV×÷&Åö6ö×&&–Æ—G£“c#RÂÓãC3ƒ3Cƒ“rÃÃãÆ7W'&VçEöWö6…öf–ÆUö–çFVw&—G•öæ÷E÷FV×÷&Åö6ö×&&–Æ—G£“c#bÃãCC“#“““““““#“CS#2ÃÃãÆ7W'&VçEöWö6…öf–ÆUö–çFVw&—G•öæ÷E÷FV×÷&Åö6ö×&&–Æ—G£“c#rÂÓã#3#3Sc#2ÃÃãÆ7W'&VçEöWö6…öf–ÆUö–çFVw&—G•öæ÷E÷FV×÷&Åö6ö×&&–Æ—G£“c#‚Ãã#sƒ“““““““3“c“rÃÃãÆ7W'&VçEöWö6…öf–ÆUö–çFVw&—G•öæ÷E÷FV×÷&Åö6ö×&&–Æ—G£“c#’ÂÓã#“““““““ƒCc33"ÃÃãÆ7W'&VçEöWö6…öf–ÆUö–çFVw&—G•öæ÷E÷FV×÷&Åö6ö×&&–Æ—G£“c3ÂÓã3““““““““3“CcBÃÃãÆ7W'&VçEöWö6…öf–ÆUö–çFVw&—G•öæ÷E÷FV×÷&Åö6ö×&&–Æ—G£“c3ÂÓã#ƒƒs““““““cƒ#ƒƒRÃÃãÆ7W'&VçEöWö6…öf–ÆUö–çFVw&—G•öæ÷E÷FV×÷&Åö6ö×&&–Æ—G£“c3"ÂÓã#SƒsS““““““c“ƒ#RÃÃãÆ7W'&VçEöWö6…öf–ÆUö–çFVw&—G•öæ÷E÷FV×÷&Åö6ö×&&–Æ—G£“c32ÃãS3s#CCcRÃÃãÆ7W'&VçEöWö6…öf–ÆUö–çFVw&—G•öæ÷E÷FV×÷&Åö6ö×&&–Æ—G£“c3BÃãsSc#“ƒÃÃãÆ7W'&VçEöWö6…öf–ÆUö–çFVw&—G•öæ÷E÷FV×÷&Åö6ö×&&–Æ—G£“c3RÃã3C#3ƒCCRÃÃãÆ7W'&VçEöWö6…öf–ÆUö–çFVw&—G•öæ÷E÷FV×÷&Åö6ö×&&–Æ—G£“c3bÂÓã3ƒS3s“““““““s3bÃÃãÆ7W'&VçEöWö6…öf–ÆUö–çFVw&—G•öæ÷E÷FV×÷&Åö6ö×&&–Æ—G£“c3rÃã#C“““““““#scƒ’ÃÃãÆ7W'&VçEöWö6…öf–ÆUö–çFVw&—G•öæ÷E÷FV×÷&Åö6ö×&&–Æ—G£“c3‚ÂÓãSsC#SSƒ#BÃÃãÆ7W'&VçEöWö6…öf–ÆUö–çFVw&—G•öæ÷E÷FV×÷&Åö6ö×&&–Æ—G£“c3’ÂÓã#“s3Sƒ“BÃÃãÆ7W'&VçEöWö6…öf–ÆUö–çFVw&—G•öæ÷E÷FV×÷&Åö6ö×&&–Æ—G£“cCÂÓã3c#sRÃÃãÆ7W'&VçEöWö6…öf–ÆUö–çFVw&—G•öæ÷E÷FV×÷&Åö6ö×&&–Æ—G£“cCÂÓã#“3cCSc’ÃÃãÆ7W'&VçEöWö6…öf–ÆUö–çFVw&—G•öæ÷E÷FV×÷&Åö6ö×&&–Æ—G£“cC"ÂÓã#cSƒ“““““““ƒS“’ÃÃãÆ7W'&VçEöWö6…öf–ÆUö–çFVw&—G•öæ÷E÷FV×÷&Åö6ö×&&–Æ—G£“cC2ÃãC3#cS’ÃÃãÆ7W'&VçEöWö6…öf–ÆUö–çFVw&—G•öæ÷E÷FV×÷&Åö6ö×&&–Æ—G£“cCBÃãƒs3““““““Cc““"ÃÃãÆ7W'&VçEöWö6…öf–ÆUö–çFVw&—G•öæ÷E÷FV×÷&Åö6ö×&&–Æ—G£“cCRÃã#““s“““““““c3#2ÃÃãÆ7W'&VçEöWö6…öf–ÆUö–çFVw&—G•öæ÷E÷FV×÷&Åö6ö×&&–Æ—G£“cCbÂÓãCsƒs“““““““s3c"ÃÃãÆ7W'&VçEöWö6…öf–ÆUö–çFVw&—G•öæ÷E÷FV×÷&Åö6ö×&&–Æ—G£“cCrÂÓã3sƒ““““““css‚ÃÃãÆ7W'&VçEöWö6…öf–ÆUö–çFVw&—G•öæ÷E÷FV×÷&Åö6ö×&&–Æ—G£“cC‚ÂÓã3S“csS#ƒbÃÃãÆ7W'&VçEöWö6…öf–ÆUö–çFVw&—G•öæ÷E÷FV×÷&Åö6ö×&&–Æ—G£“cC’Ãã##cc3““““““3C“CrÃÃãÆ7W'&VçEöWö6…öf–ÆUö–çFVw&—G•öæ÷E÷FV×÷&Åö6ö×&&–Æ—G£“cSÃãc3“““““““ƒ“sSSCRÃÃãÆ7W'&VçEöWö6…öf–ÆUö–çFVw&—G•öæ÷E÷FV×÷&Åö6ö×&&–Æ—G£“cSÃã#Sƒs““““““cc#“RÃÃãÆ7W'&VçEöWö6…öf–ÆUö–çFVw&—G•öæ÷E÷FV×÷&Åö6ö×&&–Æ—G£“cS"Ããs3Sc““““““3“cc’ÃÃãÆ7W'&VçEöWö6…öf–ÆUö–çFVw&—G•öæ÷E÷FV×÷&Åö6ö×&&–Æ—G£“cS2ÂÓãsƒ3““““““c“CbÃÃãÆ7W'&VçEöWö6…öf–ÆUö–çFVw&—G•öæ÷E÷FV×÷&Åö6ö×&&–Æ—G£“cSBÂÓãSCcƒc““s2ÃÃãÆ7W'&VçEöWö6…öf–ÆUö–çFVw&—G•öæ÷E÷FV×÷&Åö6ö×&&–Æ—G£“cSRÃãCSSsCc"ÃÃãÆ7W'&VçEöWö6…öf–ÆUö–çFVw&—G•öæ÷E÷FV×÷&Åö6ö×&&–Æ—G£“cSbÂÓã3SCCs““““““CS“ƒRÃÃãÆ7W'&VçEöWö6…öf–ÆUö–çFVw&—G•öæ÷E÷FV×÷&Åö6ö×&&–Æ—G£“cSrÃã“s“c““““““3ƒ#RÃÃãÆ7W'&VçEöWö6…öf–ÆUö–çFVw&—G•öæ÷E÷FV×÷&Åö6ö×&&–Æ—G£“cS‚ÂÓãƒS3““““““SƒCc2ÃÃãÆ7W'&VçEöWö6…öf–ÆUö–çFVw&—G•öæ÷E÷FV×÷&Åö6ö×&&–Æ—G£“cS’ÂÓãs##ƒƒCsbÃÃãÆ7W'&VçEöWö6…öf–ÆUö–çFVw&—G•öæ÷E÷FV×÷&Åö6ö×&&–Æ—G£“ccÃã3Scs3S“#bÃÃãÆ7W'&VçEöWö6…öf–ÆUö–çFVw&—G•öæ÷E÷FV×÷&Åö6ö×&&–Æ—G£“ccÃã##“ƒ“ss’ÃÃãÆ7W'&VçEöWö6…öf–ÆUö–çFVw&—G•öæ÷E÷FV×÷&Åö6ö×&&–Æ—G£“cc"ÂÓã3#s“““““““sƒ“#’ÃÃãÆ7W'&VçEöWö6…öf–ÆUö–çFVw&—G•öæ÷E÷FV×÷&Åö6ö×&&–Æ—G£“cc2Ãã3ƒC#3ƒCCRÃÃãÆ7W'&VçEöWö6…öf–ÆUö–çFVw&—G•öæ÷E÷FV×÷&Åö6ö×&&–Æ—G£“ccBÂÓã3ƒƒ““““““ƒ““ccbÃÃãÆ7W'&VçEöWö6…öf–ÆUö–çFVw&—G•öæ÷E÷FV×÷&Åö6ö×&&–Æ—G£“ccRÃã#s3c“““““““cC"ÃÃãÆ7W'&VçEöWö6…öf–ÆUö–çFVw&—G•öæ÷E÷FV×÷&Åö6ö×&&–Æ—G£“ccbÃã3sƒ““““““ss3cƒƒbÃÃãÆ7W'&VçEöWö6…öf–ÆUö–çFVw&—G•öæ÷E÷FV×÷&Åö6ö×&&–Æ—G£“ccrÃãCƒC“ƒ““““““s“crÃÃãÆ7W'&VçEöWö6…öf–ÆUö–çFVw&—G•öæ÷E÷FV×÷&Åö6ö×&&–Æ—G£“cc‚ÃãCc3C““““““sscC‚ÃÃãÆ7W'&VçEöWö6…öf–ÆUö–çFVw&—G•öæ÷E÷FV×÷&Åö6ö×&&–Æ—G£“cc’ÂÓãƒS““““““#ƒ3ƒ2ÃÃãÆ7W'&VçEöWö6…öf–ÆUö–çFVw&—G•öæ÷E÷FV×÷&Åö6ö×&&–Æ—G£“csÂÓã3ƒ#s““““““33“##cbÃÃãÆ7W'&VçEöWö6…öf–ÆUö–çFVw&—G•öæ÷E÷FV×÷&Åö6ö×&&–Æ—G£“csÃã3ƒc33S#sbÃÃãÆ7W'&VçEöWö6…öf–ÆUö–çFVw&—G•öæ÷E÷FV×÷&Åö6ö×&&–Æ—G£“cs"ÂÓã3##sC#c‚ÃÃãÆ7W'&VçEöWö6…öf–ÆUö–çFVw&—G•öæ÷E÷FV×÷&Åö6ö×&&–Æ—G£“cs2ÃãSS#s“3“c‚ÃÃãÆ7W'&VçEöWö6…öf–ÆUö–çFVw&—G•öæ÷E÷FV×÷&Åö6ö×&&–Æ—G£“csBÂÓã#“““““““3ƒ““ƒBÃÃãÆ7W'&VçEöWö6…öf–ÆUö–çFVw&—G•öæ÷E÷FV×÷&Åö6ö×&&–Æ—G£“csRÂÓã#ƒ“ƒ#SCRÃÃãÆ7W'&VçEöWö6…öf–ÆUö–çFVw&—G•öæ÷E÷FV×÷&Åö6ö×&&–Æ—G£“csbÃãCc#CCSRÃÃãÆ7W'&VçEöWö6…öf–ÆUö–çFVw&—G•öæ÷E÷FV×÷&Åö6ö×&&–Æ—G£“csrÃã3Cc““““““ƒ“#C3##BÃÃãÆ7W'&VçEöWö6…öf–ÆUö–çFVw&—G•öæ÷E÷FV×÷&Åö6ö×&&–Æ—G£“cs‚ÂÓã##SSS#ƒCS2ÃÃãÆ7W'&VçEöWö6…öf–ÆUö–çFVw&—G•öæ÷E÷FV×÷&Åö6ö×&&–Æ—G£“cs’ÂÓã3ƒc3s““““““c#s“3rÃÃãÆ7W'&VçEöWö6…öf–ÆUö–çFVw&—G•öæ÷E÷FV×÷&Åö6ö×&&–Æ—G£“cƒÃã##S3““““““Cs“ƒSbÃÃãÆ7W'&VçEöWö6…öf–ÆUö–çFVw&—G•öæ÷E÷FV×÷&Åö6ö×&&–Æ—G£“cƒ"ÃãC3SSS““““““ƒsc‚ÃÃãÆ7W'&VçEöWö6…öf–ÆUö–çFVw&—G•öæ÷E÷FV×÷&Åö6ö×&&–Æ—G£“cƒ2ÂÓãCsS“““““““cccrÃÃãÆ7W'&VçEöWö6…öf–ÆUö–çFVw&—G•öæ÷E÷FV×÷&Åö6ö×&&–Æ—G£“cƒBÃã#ƒ“ƒ“““““““#“#"ÃÃãÆ7W'&VçEöWö6…öf–ÆUö–çFVw&—G•öæ÷E÷FV×÷&Åö6ö×&&–Æ—G£“cƒRÂÓã3“3sSƒƒbÃÃãÆ7W'&VçEöWö6…öf–ÆUö–çFVw&—G•öæ÷E÷FV×÷&Åö6ö×&&–Æ—G£“cƒbÃã3CC“““““““##rÃÃãÆ7W'&VçEöWö6…öf–ÆUö–çFVw&—G•öæ÷E÷FV×÷&Åö6ö×&&–Æ—G£“cƒrÃãCS333cCRÃÃãÆ7W'&VçEöWö6…öf–ÆUö–çFVw&—G•öæ÷E÷FV×÷&Åö6ö×&&–Æ—G£“cƒ‚ÂÓã#sƒ““““““CCss#bÃÃãÆ7W'&VçEöWö6…öf–ÆUö–çFVw&—G•öæ÷E÷FV×÷&Åö6ö×&&–Æ—G£“cƒ’ÂÓã33ƒ“““““““ƒ“sSSRÃÃãÆ7W'&VçEöWö6…öf–ÆUö–çFVw&—G•öæ÷E÷FV×÷&Åö6ö×&&–Æ—G£“c“ÃãCc““““““ƒ#C“ÃÃãÆ7W'&VçEöWö6…öf–ÆUö–çFVw&—G•öæ÷E÷FV×÷&Åö6ö×&&–Æ—G£“c“ÂÓã#s““““““““c“s3"ÃÃãÆ7W'&VçEöWö6…öf–ÆUö–çFVw&—G•öæ÷E÷FV×÷&Åö6ö×&&–Æ—G£“c“"Ãã#ƒƒƒ““““““ƒSSrÃÃãÆ7W'&VçEöWö6…öf–ÆUö–çFVw&—G•öæ÷E÷FV×÷&Åö6ö×&&–Æ—G£“c“2ÂÓãCc#s““““““s“3#CcBÃÃãÆ7W'&VçEöWö6…öf–ÆUö–çFVw&—G•öæ÷E÷FV×÷&Åö6ö×&&–Æ—G£“c“BÂÓã#ƒƒ“#““““““Sc‚ÃÃãÆ7W'&VçEöWö6…öf–ÆUö–çFVw&—G•öæ÷E÷FV×÷&Åö6ö×&&–Æ—G£“c“RÂÓã3Sc3cS##CrÃÃãÆ7W'&VçEöWö6…öf–ÆUö–çFVw&—G•öæ÷E÷FV×÷&Åö6ö×&&–Æ—G£“c“bÂÓã#s“ƒ#c“BÃÃãÆ7W'&VçEöWö6…öf–ÆUö–çFVw&—G•öæ÷E÷FV×÷&Åö6ö×&&–Æ—G£“c“rÃãC3cC““““““ƒc#c2ÃÃãÆ7W'&VçEöWö6…öf–ÆUö–çFVw&—G•öæ÷E÷FV×÷&Åö6ö×&&–Æ—G£“c“‚ÂÓãCSS3c““““““c3s"ÃÃãÆ7W'&VçEöWö6…öf–ÆUö–çFVw&—G•öæ÷E÷FV×÷&Åö6ö×&&–Æ—G£“c“’Ãã3##c““““““ƒ“sƒ’ÃÃãÆ7W'&VçEöWö6…öf–ÆUö–çFVw&—G•öæ÷E÷FV×÷&Åö6ö×&&–Æ—G£“sÂÓãcs3#c“BÃÃãÆ7W'&VçEöWö6…öf–ÆUö–çFVw&—G•öæ÷E÷FV×÷&Åö6ö×&&–Æ—G£“sÂÓã#ƒ““““““c3“c#bÃÃãÆ7W'&VçEöWö6…öf–ÆUö–çFVw&—G•öæ÷E÷FV×÷&Åö6ö×&&–Æ—G£“s"Ãã3ƒƒSS“““““““CSbÃÃãÆ7W'&VçEöWö6…öf–ÆUö–çFVw&—G•öæ÷E÷FV×÷&Åö6ö×&&–Æ—G£“s2ÂÓã3C3ƒ““““““sƒ#‚ÃÃãÆ7W'&VçEöWö6…öf–ÆUö–çFVw&—G•öæ÷E÷FV×÷&Åö6ö×&&–Æ—G£“sBÂÓã3ƒC“““““““3“CcBÃÃãÆ7W'&VçEöWö6…öf–ÆUö–çFVw&—G•öæ÷E÷FV×÷&Åö6ö×&&–Æ—G£“sRÃã#C3CƒÃÃãÆ7W'&VçEöWö6…öf–ÆUö–çFVw&—G•öæ÷E÷FV×÷&Åö6ö×&&–Æ—G£“sbÃã#ƒ3ssƒ#3bÃÃãÆ7W'&VçEöWö6…öf–ÆUö–çFVw&—G•öæ÷E÷FV×÷&Åö6ö×&&–Æ—G£“srÂÓãC#C#““““““Ccs#ƒ2ÃÃãÆ7W'&VçEöWö6…öf–ÆUö–çFVw&—G•öæ÷E÷FV×÷&Åö6ö×&&–Æ—G£“s‚ÂÓãSC““““““““3S‚ÃÃãÆ7W'&VçEöWö6…öf–ÆUö–çFVw&—G•öæ÷E÷FV×÷&Åö6ö×&&–Æ—G£“s’ÂÓãsƒs#sS“"ÃÃãÆ7W'&VçEöWö6…öf–ÆUö–çFVw&—G•öæ÷E÷FV×÷&Åö6ö×&&–Æ—G£“sÂÓãS“sƒ3CsRÃÃãÆ7W'&VçEöWö6…öf–ÆUö–çFVw&—G•öæ÷E÷FV×÷&Åö6ö×&&–Æ—G£“sÃã3#c#C““““““ƒ#S3srÃÃãÆ7W'&VçEöWö6…öf–ÆUö–çFVw&—G•öæ÷E÷FV×÷&Åö6ö×&&–Æ—G£“s"ÃãCsc3““““““““SSsbÃÃãÆ7W'&VçEöWö6…öf–ÆUö–çFVw&—G•öæ÷E÷FV×÷&Åö6ö×&&–Æ—G£“s2ÂÓã#3#C““““““3#Cs’ÃÃãÆ7W'&VçEöWö6…öf–ÆUö–çFVw&—G•öæ÷E÷FV×÷&Åö6ö×&&–Æ—G£“sBÂÓã“S“““““““3C#CRÃÃãÆ7W'&VçEöWö6…öf–ÆUö–çFVw&—G•öæ÷E÷FV×÷&Åö6ö×&&–Æ—G£“sRÂÓã#“ƒ““““““csrÃÃãÆ7W'&VçEöWö6…öf–ÆUö–çFVw&—G•öæ÷E÷FV×÷&Åö6ö×&&–Æ—G£“sbÃã#““““““““cƒ33S2ÃÃãÆ7W'&VçEöWö6…öf–ÆUö–çFVw&—G•öæ÷E÷FV×÷&Åö6ö×&&–Æ—G£“srÂÓã3S“#“s3#2ÃÃãÆ7W'&VçEöWö6…öf–ÆUö–çFVw&—G•öæ÷E÷FV×÷&Åö6ö×&&–Æ—G£“s‚Ãã3ƒCsS3#srÃÃãÆ7W'&VçEöWö6…öf–ÆUö–çFVw&—G•öæ÷E÷FV×÷&Åö6ö×&&–Æ—G£“s’ÂÓã#“3CS2ÃÃãÆ7W'&VçEöWö6…öf–ÆUö–çFVw&—G•öæ÷E÷FV×÷&Åö6ö×&&–Æ—G£“s#ÃãCCC#“S‚ÃÃãÆ7W'&VçEöWö6…öf–ÆUö–çFVw&—G•öæ÷E÷FV×÷&Åö6ö×&&–Æ—G£“s#ÂÓãSsc““““““csS’ÃÃãÆ7W'&VçEöWö6…öf–ÆUö–çFVw&—G•öæ÷E÷FV×÷&Åö6ö×&&–Æ—G£“s#"ÂÓã#ƒCS3’ÃÃãÆ7W'&VçEöWö6…öf–ÆUö–çFVw&—G•öæ÷E÷FV×÷&Åö6ö×&&–Æ—G£“s#2ÃãƒcSCƒƒ“CBÃÃãÆ7W'&VçEöWö6…öf–ÆUö–çFVw&—G•öæ÷E÷FV×÷&Åö6ö×&&–Æ—G£“s#BÂÓã3“““““““3s3cƒSSrÃÃãÆ7W'&VçEöWö6…öf–ÆUö–çFVw&—G•öæ÷E÷FV×÷&Åö6ö×&&–Æ—G£“s#RÂÓã#Ss““““““ƒs“ƒS“BÃÃãÆ7W'&VçEöWö6…öf–ÆUö–çFVw&—G•öæ÷E÷FV×÷&Åö6ö×&&–Æ—G£“s#bÃãsC“““““““3S‚ÃÃãÆ7W'&VçEöWö6…öf–ÆUö–çFVw&—G•öæ÷E÷FV×÷&Åö6ö×&&–Æ—G£“s#rÂÓã3ƒƒƒc#ƒcBÃÃãÆ7W'&VçEöWö6…öf–ÆUö–çFVw&—G•öæ÷E÷FV×÷&Åö6ö×&&–Æ—G£“s#‚Ãã3S““““““ƒ3ƒƒƒ"ÃÃãÆ7W'&VçEöWö6…öf–ÆUö–çFVw&—G•öæ÷E÷FV×÷&Åö6ö×&&–Æ—G£“s#’ÂÓãCccC“““““““C““CBÃÃãÆ7W'&VçEöWö6…öf–ÆUö–çFVw&—G•öæ÷E÷FV×÷&Åö6ö×&&–Æ—G£“s3ÂÓã#c“C3#ƒCRÃÃãÆ7W'&VçEöWö6…öf–ÆUö–çFVw&—G•öæ÷E÷FV×÷&Åö6ö×&&–Æ—G£“s3ÂÓãCc“““““““ƒsS#2ÃÃãÆ7W'&VçEöWö6…öf–ÆUö–çFVw&—G•öæ÷E÷FV×÷&Åö6ö×&&–Æ—G£“s3"ÃãCsSC##crÃÃãÆ7W'&VçEöWö6…öf–ÆUö–çFVw&—G•öæ÷E÷FV×÷&Åö6ö×&&–Æ—G£“s32Ãã##s““““““ƒ“SÃÃãÆ7W'&VçEöWö6…öf–ÆUö–çFVw&—G•öæ÷E÷FV×÷&Åö6ö×&&–Æ—G£“s3BÃãC“C3““““““sƒCƒcBÃÃãÆ7W'&VçEöWö6…öf–ÆUö–çFVw&—G•öæ÷E÷FV×÷&Åö6ö×&&–Æ—G£“s3RÃã“cC#“S‚ÃÃãÆ7W'&VçEöWö6…öf–ÆUö–çFVw&—G•öæ÷E÷FV×÷&Åö6ö×&&–Æ—G£“s3bÃã3sS““““““ƒs#ƒsCRÃÃãÆ7W'&VçEöWö6…öf–ÆUö–çFVw&—G•öæ÷E÷FV×÷&Åö6ö×&&–Æ—G£“s3rÂÓãsss““““““““S#BÃÃãÆ7W'&VçEöWö6…öf–ÆUö–çFVw&—G•öæ÷E÷FV×÷&Åö6ö×&&–Æ—G£“s3‚Ããc#““““““ƒ“3ƒ#’ÃÃãÆ7W'&VçEöWö6…öf–ÆUö–çFVw&—G•öæ÷E÷FV×÷&Åö6ö×&&–Æ—G£“s3’ÃãCs3Sc3CRÃÃãÆ7W'&VçEöWö6…öf–ÆUö–çFVw&—G•öæ÷E÷FV×÷&Åö6ö×&&–Æ—G£“sCÂÓã3#““““““ƒc“C“"ÃÃãÆ7W'&VçEöWö6…öf–ÆUö–çFVw&—G•öæ÷E÷FV×÷&Åö6ö×&&–Æ—G£“sCÃã3S3““““““cSCC‚ÃÃãÆ7W'&VçEöWö6…öf–ÆUö–çFVw&—G•öæ÷E÷FV×÷&Åö6ö×&&–Æ—G£“sC"ÂÓãCCs#““““““CccÃÃãÆ7W'&VçEöWö6…öf–ÆUö–çFVw&—G•öæ÷E÷FV×÷&Åö6ö×&&–Æ—G£“sC2ÃãC#cC“““““““3#C‚ÃÃãÆ7W'&VçEöWö6…öf–ÆUö–çFVw&—G•öæ÷E÷FV×÷&Åö6ö×&&–Æ—G£“sCBÃã#ssƒc#cRÃÃãÆ7W'&VçEöWö6…öf–ÆUö–çFVw&—G•öæ÷E÷FV×÷&Åö6ö×&&–Æ—G£“sCRÃãsC“““““““s““scbÃÃãÆ7W'&VçEöWö6…öf–ÆUö–çFVw&—G•öæ÷E÷FV×÷&Åö6ö×&&–Æ—G£“sCbÃãs3sSsCc#2ÃÃãÆ7W'&VçEöWö6…öf–ÆUö–çFVw&—G•öæ÷E÷FV×÷&Åö6ö×&&–Æ—G£“sCrÂÓãC3SƒcScS‚ÃÃãÆ7W'&VçEöWö6…öf–ÆUö–çFVw&—G•öæ÷E÷FV×÷&Åö6ö×&&–Æ—G£“sC‚Ãã3#c“sCSCbÃÃãÆ7W'&VçEöWö6…öf–ÆUö–çFVw&—G•öæ÷E÷FV×÷&Åö6ö×&&–Æ—G£“sC’ÂÓã“c3Cs3‚ÃÃãÆ7W'&VçEöWö6…öf–ÆUö–çFVw&—G•öæ÷E÷FV×÷&Åö6ö×&&–Æ—G£“sSÂÓãCcs““““““ƒ33rÃÃãÆ7W'&VçEöWö6…öf–ÆUö–çFVw&—G•öæ÷E÷FV×÷&Åö6ö×&&–Æ—G£“sSÃãƒ##C3ss#"ÃÃãÆ7W'&VçEöWö6…öf–ÆUö–çFVw&—G•öæ÷E÷FV×÷&Åö6ö×&&–Æ—G£“sS"Ãã##ƒcc2ÃÃãÆ7W'&VçEöWö6…öf–ÆUö–çFVw&—G•öæ÷E÷FV×÷&Åö6ö×&&–Æ—G£“sS2Ãã#cs3ƒƒ"ÃÃãÆ7W'&VçEöWö6…öf–ÆUö–çFVw&—G•öæ÷E÷FV×÷&Åö6ö×&&–Æ—G£“sSBÃãCSS““““““ƒ“cbÃÃãÆ7W'&VçEöWö6…öf–ÆUö–çFVw&—G•öæ÷E÷FV×÷&Åö6ö×&&–Æ—G£“sSRÃãƒ3CC3SRÃÃãÆ7W'&VçEöWö6…öf–ÆUö–çFVw&—G•öæ÷E÷FV×÷&Åö6ö×&&–Æ—G£“sSbÂÓãC3SS“““““““scc32ÃÃãÆ7W'&VçEöWö6…öf–ÆUö–çFVw&—G•öæ÷E÷FV×÷&Åö6ö×&&–Æ—G£“sSrÃã#“cƒ“Cc“rÃÃãÆ7W'&VçEöWö6…öf–ÆUö–çFVw&—G•öæ÷E÷FV×÷&Åö6ö×&&–Æ—G£“sS‚Ããƒ“3““““““s3ƒ#“ƒBÃÃãÆ7W'&VçEöWö6…öf–ÆUö–çFVw&—G•öæ÷E÷FV×÷&Åö6ö×&&–Æ—G£“sS’ÂÓãCƒ3ccƒCS"ÃÃãÆ7W'&VçEöWö6…öf–ÆUö–çFVw&—G•öæ÷E÷FV×÷&Åö6ö×&&–Æ—G£“scÃã“ƒS“““““““sS3"ÃÃãÆ7W'&VçEöWö6…öf–ÆUö–çFVw&—G•öæ÷E÷FV×÷&Åö6ö×&&–Æ—G£“scÂÓã#cS#““““““sBÃÃãÆ7W'&VçEöWö6…öf–ÆUö–çFVw&—G•öæ÷E÷FV×÷&Åö6ö×&&–Æ—G£“sc"ÂÓãsƒ#c#CcS‚ÃÃãÆ7W'&VçEöWö6…öf–ÆUö–çFVw&—G•öæ÷E÷FV×÷&Åö6ö×&&–Æ—G£“sc2Ãã#ƒ#ScCRÃÃãÆ7W'&VçEöWö6…öf–ÆUö–çFVw&—G•öæ÷E÷FV×÷&Åö6ö×&&–Æ—G£“scBÃã3cc3““““““ƒ#cssBÃÃãÆ7W'&VçEöWö6…öf–ÆUö–çFVw&—G•öæ÷E÷FV×÷&Åö6ö×&&–Æ—G£“scRÂÓãƒ“““““““C##S"ÃÃãÆ7W'&VçEöWö6…öf–ÆUö–çFVw&—G•öæ÷E÷FV×÷&Åö6ö×&&–Æ—G£“scbÂÓã#C#ƒ33s3s"ÃÃãÆ7W'&VçEöWö6…öf–ÆUö–çFVw&—G•öæ÷E÷FV×÷&Åö6ö×&&–Æ—G£“scrÃã#C3S““““““ƒsSCc"ÃÃãÆ7W'&VçEöWö6…öf–ÆUö–çFVw&—G•öæ÷E÷FV×÷&Åö6ö×&&–Æ—G£“sc‚ÂÓãC#sCS““““““ƒ“s3"ÃÃãÆ7W'&VçEöWö6…öf–ÆUö–çFVw&—G•öæ÷E÷FV×÷&Åö6ö×&&–Æ—G£“sc’ÂÓã3““““““““33CBÃÃãÆ7W'&VçEöWö6…öf–ÆUö–çFVw&—G•öæ÷E÷FV×÷&Åö6ö×&&–Æ—G£“ssÂÓã3““““““““““Cs“#2ÃÃãÆ7W'&VçEöWö6…öf–ÆUö–çFVw&—G•öæ÷E÷FV×÷&Åö6ö×&&–Æ—G£“ssÂÓã3CC#cƒ#“BÃÃãÆ7W'&VçEöWö6…öf–ÆUö–çFVw&—G•öæ÷E÷FV×÷&Åö6ö×&&–Æ—G£“ss"Ãã3##““““““ccc3S3rÃÃãÆ7W'&VçEöWö6…öf–ÆUö–çFVw&—G•öæ÷E÷FV×÷&Åö6ö×&&–Æ—G£“ss2ÂÓãC##“SRÃÃãÆ7W'&VçEöWö6…öf–ÆUö–çFVw&—G•öæ÷E÷FV×÷&Åö6ö×&&–Æ—G£“ssBÂÓã3sc“3#3sRÃÃãÆ7W'&VçEöWö6…öf–ÆUö–çFVw&—G•öæ÷E÷FV×÷&Åö6ö×&&–Æ—G£“ssRÂÓãC““““““ƒ3“3CrÃÃãÆ7W'&VçEöWö6…öf–ÆUö–çFVw&—G•öæ÷E÷FV×÷&Åö6ö×&&–Æ—G£“ssbÃã3ƒ#C##3S"ÃÃãÆ7W'&VçEöWö6…öf–ÆUö–çFVw&—G•öæ÷E÷FV×÷&Åö6ö×&&–Æ—G£“ssrÃã#c#S““““““s#s3SRÃÃãÆ7W'&VçEöWö6…öf–ÆUö–çFVw&—G•öæ÷E÷FV×÷&Åö6ö×&&–Æ—G£“ss‚Ãã3S““““““ƒsS##‚ÃÃãÆ7W'&VçEöWö6…öf–ÆUö–çFVw&—G•öæ÷E÷FV×÷&Åö6ö×&&–Æ—G£“ss’ÂÓã#3Cs3c33RÃÃãÆ7W'&VçEöWö6…öf–ÆUö–çFVw&—G•öæ÷E÷FV×÷&Åö6ö×&&–Æ—G£“sƒÃãCc3ƒ““““““s33cC"ÃÃãÆ7W'&VçEöWö6…öf–ÆUö–çFVw&—G•öæ÷E÷FV×÷&Åö6ö×&&–Æ—G£“sƒÂÓã#cS##3Cc“32ÃÃãÆ7W'&VçEöWö6…öf–ÆUö–çFVw&—G•öæ÷E÷FV×÷&Åö6ö×&&–Æ—G£“sƒ2ÂÓãƒccƒCS#"ÃÃãÆ7W'&VçEöWö6…öf–ÆUö–çFVw&—G•öæ÷E÷FV×÷&Åö6ö×&&–Æ—G£“sƒBÃã3sS3s““““““scsc3RÃÃãÆ7W'&VçEöWö6…öf–ÆUö–çFVw&—G•öæ÷E÷FV×÷&Åö6ö×&&–Æ—G£“sƒRÃã3ƒ#ƒCS2ÃÃãÆ7W'&VçEöWö6…öf–ÆUö–çFVw&—G•öæ÷E÷FV×÷&Åö6ö×&&–Æ—G£“sƒbÃãC#Sc“““““““#S#ƒRÃÃãÆ7W'&VçEöWö6…öf–ÆUö–çFVw&—G•öæ÷E÷FV×÷&Åö6ö×&&–Æ—G£“sƒrÃã#ƒ3““““““ƒƒs3ÃÃãÆ7W'&VçEöWö6…öf–ÆUö–çFVw&—G•öæ÷E÷FV×÷&Åö6ö×&&–Æ—G£“sƒ‚Ãã#CƒsC““““““ƒƒ3SƒRÃÃãÆ7W'&VçEöWö6…öf–ÆUö–çFVw&—G•öæ÷E÷FV×÷&Åö6ö×&&–Æ—G£“sƒ’ÃãC#ƒƒ“““““““ƒ“sSSRÃÃãÆ7W'&VçEöWö6…öf–ÆUö–çFVw&—G•öæ÷E÷FV×÷&Åö6ö×&&–Æ—G£“s“Ããcƒ““““““s3#“C2ÃÃãÆ7W'&VçEöWö6…öf–ÆUö–çFVw&—G•öæ÷E÷FV×÷&Åö6ö×&&–Æ—G£“s“Ãã#sSsSrÃÃãÆ7W'&VçEöWö6…öf–ÆUö–çFVw&—G•öæ÷E÷FV×÷&Åö6ö×&&–Æ—G£“s“"Ãã3Cƒ“““““““ƒsC#sRÃÃãÆ7W'&VçEöWö6…öf–ÆUö–çFVw&—G•öæ÷E÷FV×÷&Åö6ö×&&–Æ—G£“s“2ÃãCCC##s“CbÃÃãÆ7W'&VçEöWö6…öf–ÆUö–çFVw&—G•öæ÷E÷FV×÷&Åö6ö×&&–Æ—G£“s“BÃã3C3#cƒs2ÃÃãÆ7W'&VçEöWö6…öf–ÆUö–çFVw&—G•öæ÷E÷FV×÷&Åö6ö×&&–Æ—G£“s“RÃã3S#““““““ƒsCs3rÃÃãÆ7W'&VçEöWö6…öf–ÆUö–çFVw&—G•öæ÷E÷FV×÷&Åö6ö×&&–Æ—G£“s“bÃãCc“CSCCCBÃÃãÆ7W'&VçEöWö6…öf–ÆUö–çFVw&—G•öæ÷E÷FV×÷&Åö6ö×&&–Æ—G£“s“rÃãCc#“““““““S3ƒ““RÃÃãÆ7W'&VçEöWö6…öf–ÆUö–çFVw&—G•öæ÷E÷FV×÷&Åö6ö×&&–Æ—G£“s“‚Ãã#c“““““““S#“cƒ"ÃÃãÆ7W'&VçEöWö6…öf–ÆUö–çFVw&—G•öæ÷E÷FV×÷&Åö6ö×&&–Æ—G£“s“’ÂÓã3scSƒS33bÃÃãÆ7W'&VçEöWö6…öf–ÆUö–çFVw&—G•öæ÷E÷FV×÷&Åö6ö×&&–Æ—G£“ƒÃã3cC““““““““cƒc‚ÃÃãÆ7W'&VçEöWö6…öf–ÆUö–çFVw&—G•öæ÷E÷FV×÷&Åö6ö×&&–Æ—G£“ƒÃã#3“““““““““cƒcsrÃÃãÆ7W'&VçEöWö6…öf–ÆUö–çFVw&—G•öæ÷E÷FV×÷&Åö6ö×&&–Æ—G£“ƒ"Ãã#cs“““““““s#““bÃÃãÆ7W'&VçEöWö6…öf–ÆUö–çFVw&—G•öæ÷E÷FV×÷&Åö6ö×&&–Æ—G£“ƒ2ÂÓãC#S“““““““cc“BÃÃãÆ7W'&VçEöWö6…öf–ÆUö–çFVw&—G•öæ÷E÷FV×÷&Åö6ö×&&–Æ—G£“ƒBÂÓã3ss#C33bÃÃãÆ7W'&VçEöWö6…öf–ÆUö–çFVw&—G•öæ÷E÷FV×÷&Åö6ö×&&–Æ—G£“ƒRÂÓãs“““““““ƒscbÃÃãÆ7W'&VçEöWö6…öf–ÆUö–çFVw&—G•öæ÷E÷FV×÷&Åö6ö×&&–Æ—G£“ƒbÂÓãC3“““““““S“#"ÃÃãÆ7W'&VçEöWö6…öf–ÆUö–çFVw&—G•öæ÷E÷FV×÷&Åö6ö×&&–Æ—G£“ƒrÂÓã33S“““““““S#3c’ÃÃãÆ7W'&VçEöWö6…öf–ÆUö–çFVw&—G•öæ÷E÷FV×÷&Åö6ö×&&–Æ—G£“ƒ‚Ãã##3C“““““““#sƒ##RÃÃãÆ7W'&VçEöWö6…öf–ÆUö–çFVw&—G•öæ÷E÷FV×÷&Åö6ö×&&–Æ—G£“ƒ’ÃãScsS#’ÃÃãÆ7W'&VçEöWö6…öf–ÆUö–çFVw&—G•öæ÷E÷FV×÷&Åö6ö×&&–Æ—G£“ƒÂÓã3ssCScÃÃãÆ7W'&VçEöWö6…öf–ÆUö–çFVw&—G•öæ÷E÷FV×÷&Åö6ö×&&–Æ—G£“ƒÃãCC#Cc‚ÃÃãÆ7W'&VçEöWö6…öf–ÆUö–çFVw&—G•öæ÷E÷FV×÷&Åö6ö×&&–Æ—G£“ƒ"ÂÓãcC““““““““Sƒs2ÃÃãÆ7W'&VçEöWö6…öf–ÆUö–çFVw&—G•öæ÷E÷FV×÷&Åö6ö×&&–Æ—G£“ƒ2ÂÓãcs“““““““““3SÃÃãÆ7W'&VçEöWö6…öf–ÆUö–çFVw&—G•öæ÷E÷FV×÷&Åö6ö×&&–Æ—G£“ƒBÂÓã33ƒƒ““““““s33cC"ÃÃãÆ7W'&VçEöWö6…öf–ÆUö–çFVw&—G•öæ÷E÷FV×÷&Åö6ö×&&–Æ—G£“ƒRÂÓãCS#3CCs3RÃÃãÆ7W'&VçEöWö6…öf–ÆUö–çFVw&—G•öæ÷E÷FV×÷&Åö6ö×&&–Æ—G£“ƒbÃã#ƒcss““““““C“ScrÃÃãÆ7W'&VçEöWö6…öf–ÆUö–çFVw&—G•öæ÷E÷FV×÷&Åö6ö×&&–Æ—G£“ƒrÃãƒƒƒ“““““““3s3cƒbÃÃãÆ7W'&VçEöWö6…öf–ÆUö–çFVw&—G•öæ÷E÷FV×÷&Åö6ö×&&–Æ—G£“ƒ‚ÂÓã#S#3csƒs#BÃÃãÆ7W'&VçEöWö6…öf–ÆUö–çFVw&—G•öæ÷E÷FV×÷&Åö6ö×&&–Æ—G£“ƒ’ÂÓãsƒ““““““c“ssbÃÃãÆ7W'&VçEöWö6…öf–ÆUö–çFVw&—G•öæ÷E÷FV×÷&Åö6ö×&&–Æ—G£“ƒ#Ãã#C3C““““““ƒ#3CƒrÃÃãÆ7W'&VçEöWö6…öf–ÆUö–çFVw&—G•öæ÷E÷FV×÷&Åö6ö×&&–Æ—G£“ƒ#Ãã““s3#ƒ“’ÃÃãÆ7W'&VçEöWö6…öf–ÆUö–çFVw&—G•öæ÷E÷FV×÷&Åö6ö×&&–Æ—G£“ƒ#"ÂÓãscsƒ“cCrÃÃãÆ7W'&VçEöWö6…öf–ÆUö–çFVw&—G•öæ÷E÷FV×÷&Åö6ö×&&–Æ—G£“ƒ#2ÂÓã3S““““““S3c#BÃÃãÆ7W'&VçEöWö6…öf–ÆUö–çFVw&—G•öæ÷E÷FV×÷&Åö6ö×&&–Æ—G£“ƒ#BÂÓã#cƒss#CSBÃÃãÆ7W'&VçEöWö6…öf–ÆUö–çFVw&—G•öæ÷E÷FV×÷&Åö6ö×&&–Æ—G£“ƒ#RÂÓã#ƒƒSC3sc2ÃÃãÆ7W'&VçEöWö6…öf–ÆUö–çFVw&—G•öæ÷E÷FV×÷&Åö6ö×&&–Æ—G£“ƒ#bÂÓã3C“S““““““ƒcƒ#‚ÃÃãÆ7W'&VçEöWö6…öf–ÆUö–çFVw&—G•öæ÷E÷FV×÷&Åö6ö×&&–Æ—G£“ƒ#rÂÓãSS33sRÃÃãÆ7W'&VçEöWö6…öf–ÆUö–çFVw&—G•öæ÷E÷FV×÷&Åö6ö×&&–Æ—G£“ƒ#‚ÂÓãCsC““““““ƒS“ƒƒBÃÃãÆ7W'&VçEöWö6…öf–ÆUö–çFVw&—G•öæ÷E÷FV×÷&Åö6ö×&&–Æ—G£“ƒ#’ÂÓã#“““““““cC"ÃÃãÆ7W'&VçEöWö6…öf–ÆUö–çFVw&—G•öæ÷E÷FV×÷&Åö6ö×&&–Æ—G£“ƒ3ÂÓã#s3C3s#RÃÃãÆ7W'&VçEöWö6…öf–ÆUö–çFVw&—G•öæ÷E÷FV×÷&Åö6ö×&&–Æ—G£“ƒ3ÂÓã3#SS““““““ƒ“3#3BÃÃãÆ7W'&VçEöWö6…öf–ÆUö–çFVw&—G•öæ÷E÷FV×÷&Åö6ö×&&–Æ—G£“ƒ3"Ãã3ccƒs“sCRÃÃãÆ7W'&VçEöWö6…öf–ÆUö–çFVw&—G•öæ÷E÷FV×÷&Åö6ö×&&–Æ—G£“ƒ32ÃãC#ƒSC““““““c“33RÃÃãÆ7W'&VçEöWö6…öf–ÆUö–çFVw&—G•öæ÷E÷FV×÷&Åö6ö×&&–Æ—G£“ƒ3BÂÓãCsSSCcScbÃÃãÆ7W'&VçEöWö6…öf–ÆUö–çFVw&—G•öæ÷E÷FV×÷&Åö6ö×&&–Æ—G£“ƒ3RÂÓã#“#s“““““““Sc##‚ÃÃãÆ7W'&VçEöWö6…öf–ÆUö–çFVw&—G•öæ÷E÷FV×÷&Åö6ö×&&–Æ—G£“ƒ3bÂÓãcƒ““““““s“c“srÃÃãÆ7W'&VçEöWö6…öf–ÆUö–çFVw&—G•öæ÷E÷FV×÷&Åö6ö×&&–Æ—G£“ƒ3rÃã#SCsC“sRÃÃãÆ7W'&VçEöWö6…öf–ÆUö–çFVw&—G•öæ÷E÷FV×÷&Åö6ö×&&–Æ—G£“ƒ3‚ÃãCc““““““““Sc“#c2ÃÃãÆ7W'&VçEöWö6…öf–ÆUö–çFVw&—G•öæ÷E÷FV×÷&Åö6ö×&&–Æ—G£“ƒ3’ÃãCcƒ3ss2ÃÃãÆ7W'&VçEöWö6…öf–ÆUö–çFVw&—G•öæ÷E÷FV×÷&Åö6ö×&&–Æ—G£“ƒCÂÓã3cSƒ““““““sS##c‚ÃÃãÆ7W'&VçEöWö6…öf–ÆUö–çFVw&—G•öæ÷E÷FV×÷&Åö6ö×&&–Æ—G£“ƒCÂÓãCCC““3S““SbÃÃãÆ7W'&VçEöWö6…öf–ÆUö–çFVw&—G•öæ÷E÷FV×÷&Åö6ö×&&–Æ—G£“ƒC"ÂÓãs#““““““sƒC“bÃÃãÆ7W'&VçEöWö6…öf–ÆUö–çFVw&—G•öæ÷E÷FV×÷&Åö6ö×&&–Æ—G£“ƒC2ÂÓãCCscƒsRÃÃãÆ7W'&VçEöWö6…öf–ÆUö–çFVw&—G•öæ÷E÷FV×÷&Åö6ö×&&–Æ—G£“ƒCBÂÓãCs3#“““““““sƒ3CrÃÃãÆ7W'&VçEöWö6…öf–ÆUö–çFVw&—G•öæ÷E÷FV×÷&Åö6ö×&&–Æ—G£“ƒCRÂÓã#“3““““““scSƒBÃÃãÆ7W'&VçEöWö6…öf–ÆUö–çFVw&—G•öæ÷E÷FV×÷&Åö6ö×&&–Æ—G£“ƒCbÃã#sCƒ3sƒ3bÃÃãÆ7W'&VçEöWö6…öf–ÆUö–çFVw&—G•öæ÷E÷FV×÷&Åö6ö×&&–Æ—G£“ƒCrÃã3“ccƒS#ƒ“’ÃÃãÆ7W'&VçEöWö6…öf–ÆUö–çFVw&—G•öæ÷E÷FV×÷&Åö6ö×&&–Æ—G£“ƒC‚ÃãcCsCc#RÃÃãÆ7W'&VçEöWö6…öf–ÆUö–çFVw&—G•öæ÷E÷FV×÷&Åö6ö×&&–Æ—G£“ƒC’Ãã#CC3S#ƒ“’ÃÃãÆ7W'&VçEöWö6…öf–ÆUö–çFVw&—G•öæ÷E÷FV×÷&Åö6ö×&&–Æ—G£“ƒSÂÓãCc#s3csƒrÃÃãÆ7W'&VçEöWö6…öf–ÆUö–çFVw&—G•öæ÷E÷FV×÷&Åö6ö×&&–Æ—G£“ƒSÂÓã#“““““““s3“##“rÃÃãÆ7W'&VçEöWö6…öf–ÆUö–çFVw&—G•öæ÷E÷FV×÷&Åö6ö×&&–Æ—G£“ƒS"ÃãCƒSS“ssƒ’ÃÃãÆ7W'&VçEöWö6…öf–ÆUö–çFVw&—G•öæ÷E÷FV×÷&Åö6ö×&&–Æ—G£“ƒS2ÂÓã3#CC““““““ƒsƒ“#‚ÃÃãÆ7W'&VçEöWö6…öf–ÆUö–çFVw&—G•öæ÷E÷FV×÷&Åö6ö×&&–Æ—G£“ƒSBÃã333c““““““s3sbÃÃãÆ7W'&VçEöWö6…öf–ÆUö–çFVw&—G•öæ÷E÷FV×÷&Åö6ö×&&–Æ—G£“ƒSRÃãCs““ƒ3s2ÃÃãÆ7W'&VçEöWö6…öf–ÆUö–çFVw&—G•öæ÷E÷FV×÷&Åö6ö×&&–Æ—G£“ƒSbÃãCƒC3s““““““CCcrÃÃãÆ7W'&VçEöWö6…öf–ÆUö–çFVw&—G•öæ÷E÷FV×÷&Åö6ö×&&–Æ—G£“ƒSrÂÓã#ƒ##“““““““ccCcbÃÃãÆ7W'&VçEöWö6…öf–ÆUö–çFVw&—G•öæ÷E÷FV×÷&Åö6ö×&&–Æ—G£“ƒS‚Ãã3“c#S3sƒRÃÃãÆ7W'&VçEöWö6…öf–ÆUö–çFVw&—G•öæ÷E÷FV×÷&Åö6ö×&&–Æ—G£“ƒS’ÂÓãC33s#cC2ÃÃãÆ7W'&VçEöWö6…öf–ÆUö–çFVw&—G•öæ÷E÷FV×÷&Åö6ö×&&–Æ—G£“ƒcÂÓãC“#ƒScƒrÃÃãÆ7W'&VçEöWö6…öf–ÆUö–çFVw&—G•öæ÷E÷FV×÷&Åö6ö×&&–Æ—G£“ƒcÂÓãc#c““““““ƒc#cC2ÃÃãÆ7W'&VçEöWö6…öf–ÆUö–çFVw&—G•öæ÷E÷FV×÷&Åö6ö×&&–Æ—G£“ƒc"ÃãC3c3C##2ÃÃãÆ7W'&VçEöWö6…öf–ÆUö–çFVw&—G•öæ÷E÷FV×÷&Åö6ö×&&–Æ—G£“ƒc2Ããc33“““““““CSS‚ÃÃãÆ7W'&VçEöWö6…öf–ÆUö–çFVw&—G•öæ÷E÷FV×÷&Åö6ö×&&–Æ—G£“ƒcBÂÓã3s3C““““““ƒc“cRÃÃãÆ7W'&VçEöWö6…öf–ÆUö–çFVw&—G•öæ÷E÷FV×÷&Åö6ö×&&–Æ—G£“ƒcRÂÓãC3C“#CbÃÃãÆ7W'&VçEöWö6…öf–ÆUö–çFVw&—G•öæ÷E÷FV×÷&Åö6ö×&&–Æ—G£“ƒcbÂÓã3“cS““““““C“3"ÃÃãÆ7W'&VçEöWö6…öf–ÆUö–çFVw&—G•öæ÷E÷FV×÷&Åö6ö×&&–Æ—G£“ƒcrÃã3SS#SC#C“RÃÃãÆ7W'&VçEöWö6…öf–ÆUö–çFVw&—G•öæ÷E÷FV×÷&Åö6ö×&&–Æ—G£“ƒc‚ÂÓã33ƒc“““““““#“cƒRÃÃãÆ7W'&VçEöWö6…öf–ÆUö–çFVw&—G•öæ÷E÷FV×÷&Åö6ö×&&–Æ—G£“ƒc’ÃãƒSƒ33c#SrÃÃãÆ7W'&VçEöWö6…öf–ÆUö–çFVw&—G•öæ÷E÷FV×÷&Åö6ö×&&–Æ—G£“ƒsÂÓã#sƒSc““““““C“C#’ÃÃãÆ7W'&VçEöWö6…öf–ÆUö–çFVw&—G•öæ÷E÷FV×÷&Åö6ö×&&–Æ—G£“ƒsÃã““““““““3c3“rÃÃãÆ7W'&VçEöWö6…öf–ÆUö–çFVw&—G•öæ÷E÷FV×÷&Åö6ö×&&–Æ—G£“ƒs"Ãã3S#CcRÃÃãÆ7W'&VçEöWö6…öf–ÆUö–çFVw&—G•öæ÷E÷FV×÷&Åö6ö×&&–Æ—G£“ƒs2ÂÓã#C#3““““““ƒƒ#cS3BÃÃãÆ7W'&VçEöWö6…öf–ÆUö–çFVw&—G•öæ÷E÷FV×÷&Åö6ö×&&–Æ—G£“ƒsBÃã#CCƒ““““““ƒCss2ÃÃãÆ7W'&VçEöWö6…öf–ÆUö–çFVw&—G•öæ÷E÷FV×÷&Åö6ö×&&–Æ—G£“ƒsRÂÓã#c##CCCrÃÃãÆ7W'&VçEöWö6…öf–ÆUö–çFVw&—G•öæ÷E÷FV×÷&Åö6ö×&&–Æ—G£“ƒsbÃãCS“““““““3Ss3’ÃÃãÆ7W'&VçEöWö6…öf–ÆUö–çFVw&—G•öæ÷E÷FV×÷&Åö6ö×&&–Æ—G£“ƒsrÂÓãCSc3“ƒ3srÃÃãÆ7W'&VçEöWö6…öf–ÆUö–çFVw&—G•öæ÷E÷FV×÷&Åö6ö×&&–Æ—G£“ƒs‚ÂÓãC33“3c3#bÃÃãÆ7W'&VçEöWö6…öf–ÆUö–çFVw&—G•öæ÷E÷FV×÷&Åö6ö×&&–Æ—G£“ƒs’ÂÓãC#““““““c#3sCSrÃÃãÆ7W'&VçEöWö6…öf–ÆUö–çFVw&—G•öæ÷E÷FV×÷&Åö6ö×&&–Æ—G£“ƒƒÃãSC““““““s“S“2ÃÃãÆ7W'&VçEöWö6…öf–ÆUö–çFVw&—G•öæ÷E÷FV×÷&Åö6ö×&&–Æ—G£“ƒƒÂÓãC“c“““““““s3“##“rÃÃãÆ7W'&VçEöWö6…öf–ÆUö–çFVw&—G•öæ÷E÷FV×÷&Åö6ö×&&–Æ—G£“ƒƒ"ÃãCcCsc“‚ÃÃãÆ7W'&VçEöWö6…öf–ÆUö–çFVw&—G•öæ÷E÷FV×÷&Åö6ö×&&–Æ—G£“ƒƒ2ÂÓã“crÃÃãÆ7W'&VçEöWö6…öf–ÆUö–çFVw&—G•öæ÷E÷FV×÷&Åö6ö×&&–Æ—G£“ƒƒBÂÓã#3cC““““““sc“C“‚ÃÃãÆ7W'&VçEöWö6…öf–ÆUö–çFVw&—G•öæ÷E÷FV×÷&Åö6ö×&&–Æ—G£“ƒƒRÂÓã33““““““““ƒS#ƒRÃÃãÆ7W'&VçEöWö6…öf–ÆUö–çFVw&—G•öæ÷E÷FV×÷&Åö6ö×&&–Æ—G£“ƒƒbÃãCCC“ƒ#S‚ÃÃãÆ7W'&VçEöWö6…öf–ÆUö–çFVw&—G•öæ÷E÷FV×÷&Åö6ö×&&–Æ—G£“ƒƒrÂÓãC3sƒ““““““c“s2ÃÃãÆ7W'&VçEöWö6…öf–ÆUö–çFVw&—G•öæ÷E÷FV×÷&Åö6ö×&&–Æ—G£“ƒƒ‚ÂÓãCƒ““““““ƒSSs“2ÃÃãÆ7W'&VçEöWö6…öf–ÆUö–çFVw&—G•öæ÷E÷FV×÷&Åö6ö×&&–Æ—G£“ƒƒ’Ãã#s#CCcC#bÃÃãÆ7W'&VçEöWö6…öf–ÆUö–çFVw&—G•öæ÷E÷FV×÷&Åö6ö×&&–Æ—G£“ƒ“ÂÓãCcSscS’ÃÃãÆ7W'&VçEöWö6…öf–ÆUö–çFVw&—G•öæ÷E÷FV×÷&Åö6ö×&&–Æ—G£“ƒ“Ãã#cƒ“““““““s#’ÃÃãÆ7W'&VçEöWö6…öf–ÆUö–çFVw&—G•öæ÷E÷FV×÷&Åö6ö×&&–Æ—G£“ƒ“"ÂÓã#cs3ƒƒ"ÃÃãÆ7W'&VçEöWö6…öf–ÆUö–çFVw&—G•öæ÷E÷FV×÷&Åö6ö×&&–Æ—G£“ƒ“2ÂÓã#c#3c““““““cs3SrÃÃãÆ7W'&VçEöWö6…öf–ÆUö–çFVw&—G•öæ÷E÷FV×÷&Åö6ö×&&–Æ—G£“ƒ“BÃãC#3“““““““““bÃÃãÆ7W'&VçEöWö6…öf–ÆUö–çFVw&—G•öæ÷E÷FV×÷&Åö6ö×&&–Æ—G£“ƒ“RÃãscc#sRÃÃãÆ7W'&VçEöWö6…öf–ÆUö–çFVw&—G•öæ÷E÷FV×÷&Åö6ö×&&–Æ—G£“ƒ“bÃã#3S“““““““s#2ÃÃãÆ7W'&VçEöWö6…öf–ÆUö–çFVw&—G•öæ÷E÷FV×÷&Åö6ö×&&–Æ—G£“ƒ“rÃãCC3““““““C#CCBÃÃãÆ7W'&VçEöWö6…öf–ÆUö–çFVw&—G•öæ÷E÷FV×÷&Åö6ö×&&–Æ—G£“ƒ“‚ÂÓãc3ƒ#“““““““C3‚ÃÃãÆ7W'&VçEöWö6…öf–ÆUö–çFVw&—G•öæ÷E÷FV×÷&Åö6ö×&&–Æ—G£“ƒ“’ÃãS##SCSsÃÃãÆ7W'&VçEöWö6…öf–ÆUö–çFVw&—G•öæ÷E÷FV×÷&Åö6ö×&&–Æ—G£““Ãã3##ƒ““““““““#ƒBÃÃãÆ7W'&VçEöWö6…öf–ÆUö–çFVw&—G•öæ÷E÷FV×÷&Åö6ö×&&–Æ—G£““Ãã#ƒc33srÃÃãÆ7W'&VçEöWö6…öf–ÆUö–çFVw&—G•öæ÷E÷FV×÷&Åö6ö×&&–Æ—G£““"ÂÓã#sCS3““““““ƒS#3ƒRÃÃãÆ7W'&VçEöWö6…öf–ÆUö–çFVw&—G•öæ÷E÷FV×÷&Åö6ö×&&–Æ—G£““2ÃãSƒ3s33bÃÃãÆ7W'&VçEöWö6…öf–ÆUö–çFVw&—G•öæ÷E÷FV×÷&Åö6ö×&&–Æ—G£““BÂÓã3##CCSc3RÃÃãÆ7W'&VçEöWö6…öf–ÆUö–çFVw&—G•öæ÷E÷FV×÷&Åö6ö×&&–Æ—G£““RÂÓãƒ“S““““““ƒ33#“32ÃÃãÆ7W'&VçEöWö6…öf–ÆUö–çFVw&—G•öæ÷E÷FV×÷&Åö6ö×&&–Æ—G£““bÂÓãcs3“SRÃÃãÆ7W'&VçEöWö6…öf–ÆUö–çFVw&—G•öæ÷E÷FV×÷&Åö6ö×&&–Æ—G£““rÂÓãcS3“““““““ƒCC#"ÃÃãÆ7W'&VçEöWö6…öf–ÆUö–çFVw&—G•öæ÷E÷FV×÷&Åö6ö×&&–Æ—G£““‚ÂÓãs3CS#ƒc2ÃÃãÆ7W'&VçEöWö6…öf–ÆUö–çFVw&—G•öæ÷E÷FV×÷&Åö6ö×&&–Æ—G£““’Ãã#SSC““““““s“srÃÃãÆ7W'&VçEöWö6…öf–ÆUö–çFVw&—G•öæ÷E÷FV×÷&Åö6ö×&&–Æ—G£““ÃãCs3ƒ““““““ƒ#cssBÃÃãÆ7W'&VçEöWö6…öf–ÆUö–çFVw&—G•öæ÷E÷FV×÷&Åö6ö×&&–Æ—G£““Ãã#“33“3sRÃÃãÆ7W'&VçEöWö6…öf–ÆUö–çFVw&—G•öæ÷E÷FV×÷&Åö6ö×&&–Æ—G£““"ÃãCcƒCƒ3ƒ#‚ÃÃãÆ7W'&VçEöWö6…öf–ÆUö–çFVw&—G•öæ÷E÷FV×÷&Åö6ö×&&–Æ—G£““2ÂÓãcCS“cCcBÃÃãÆ7W'&VçEöWö6…öf–ÆUö–çFVw&—G•öæ÷E÷FV×÷&Åö6ö×&&–Æ—G£““BÂÓã3ƒC““““““ƒƒS“2ÃÃãÆ7W'&VçEöWö6…öf–ÆUö–çFVw&—G•öæ÷E÷FV×÷&Åö6ö×&&–Æ—G£““RÃãCƒsc“““““““sƒSs“bÃÃãÆ7W'&VçEöWö6…öf–ÆUö–çFVw&—G•öæ÷E÷FV×÷&Åö6ö×&&–Æ—G£““bÃãC“ƒcc#c3BÃÃãÆ7W'&VçEöWö6…öf–ÆUö–çFVw&—G•öæ÷E÷FV×÷&Åö6ö×&&–Æ—G£““rÂÓã#sssƒ““““““#ƒ“RÃÃãÆ7W'&VçEöWö6…öf–ÆUö–çFVw&—G•öæ÷E÷FV×÷&Åö6ö×&&–Æ—G£““‚Ãã#sCC““““““““S3C3BÃÃãÆ7W'&VçEöWö6…öf–ÆUö–çFVw&—G•öæ÷E÷FV×÷&Åö6ö×&&–Æ—G£““’ÃãCSƒ“““““““s3CSs2ÃÃãÆ7W'&VçEöWö6…öf–ÆUö–çFVw&—G•öæ÷E÷FV×÷&Åö6ö×&&–Æ—G£““#ÂÓã3S3“““““““sCc#RÃÃãÆ7W'&VçEöWö6…öf–ÆUö–çFVw&—G•öæ÷E÷FV×÷&Åö6ö×&&–Æ—G£““#Ããƒ“ƒs#"ÃÃãÆ7W'&VçEöWö6…öf–ÆUö–çFVw&—G•öæ÷E÷FV×÷&Åö6ö×&&–Æ—G£““#"ÂÓãs33ccƒCS"ÃÃãÆ7W'&VçEöWö6…öf–ÆUö–çFVw&—G•öæ÷E÷FV×÷&Åö6ö×&&–Æ—G£““#2ÂÓãS3#3C“ƒs#2ÃÃãÆ7W'&VçEöWö6…öf–ÆUö–çFVw&—G•öæ÷E÷FV×÷&Åö6ö×&&–Æ—G£““#BÂÓãCcsƒ“CrÃÃãÆ7W'&VçEöWö6…öf–ÆUö–çFVw&—G•öæ÷E÷FV×÷&Åö6ö×&&–Æ—G£““#RÃãCSS3#2ÃÃãÆ7W'&VçEöWö6…öf–ÆUö–çFVw&—G•öæ÷E÷FV×÷&Åö6ö×&&–Æ—G£““#bÃã3ssS#3#ƒ2ÃÃãÆ7W'&VçEöWö6…öf–ÆUö–çFVw&—G•öæ÷E÷FV×÷&Åö6ö×&&–Æ—G£““#rÃã#c“““““““SCs‚ÃÃãÆ7W'&VçEöWö6…öf–ÆUö–çFVw&—G•öæ÷E÷FV×÷&Åö6ö×&&–Æ—G£““#‚Ãã#scCc2ÃÃãÆ7W'&VçEöWö6…öf–ÆUö–çFVw&—G•öæ÷E÷FV×÷&Åö6ö×&&–Æ—G£““#’ÂÓã#ƒssscƒ3BÃÃãÆ7W'&VçEöWö6…öf–ÆUö–çFVw&—G•öæ÷E÷FV×÷&Åö6ö×&&–Æ—G£““3ÂÓã3“c““““““ƒ“BÃÃãÆ7W'&VçEöWö6…öf–ÆUö–çFVw&—G•öæ÷E÷FV×÷&Åö6ö×&&–Æ—G£““3ÂÓã#c33c"ÃÃãÆ7W'&VçEöWö6…öf–ÆUö–çFVw&—G•öæ÷E÷FV×÷&Åö6ö×&&–Æ—G£““3"ÂÓãƒSc““““““cƒSSbÃÃãÆ7W'&VçEöWö6…öf–ÆUö–çFVw&—G•öæ÷E÷FV×÷&Åö6ö×&&–Æ—G£““32Ãã#“Cƒ“““““““3SBÃÃãÆ7W'&VçEöWö6…öf–ÆUö–çFVw&—G•öæ÷E÷FV×÷&Åö6ö×&&–Æ—G£““3BÃã“ss““““““ƒƒc3sƒbÃÃãÆ7W'&VçEöWö6…öf–ÆUö–çFVw&—G•öæ÷E÷FV×÷&Åö6ö×&&–Æ—G£““3RÃãCƒcc3ƒƒBÃÃãÆ7W'&VçEöWö6…öf–ÆUö–çFVw&—G•öæ÷E÷FV×÷&Åö6ö×&&–Æ—G£““3bÂÓãccƒc332ÃÃãÆ7W'&VçEöWö6…öf–ÆUö–çFVw&—G•öæ÷E÷FV×÷&Åö6ö×&&–Æ—G£““3rÂÓãc“s“C‚ÃÃãÆ7W'&VçEöWö6…öf–ÆUö–çFVw&—G•öæ÷E÷FV×÷&Åö6ö×&&–Æ—G£““3‚ÂÓã3““““““S“ƒrÃÃãÆ7W'&VçEöWö6…öf–ÆUö–çFVw&—G•öæ÷E÷FV×÷&Åö6ö×&&–Æ—G£““3’ÃãCƒc33#““BÃÃãÆ7W'&VçEöWö6…öf–ÆUö–çFVw&—G•öæ÷E÷FV×÷&Åö6ö×&&–Æ—G£““CÃã#Ssƒ3ƒc“cRÃÃãÆ7W'&VçEöWö6…öf–ÆUö–çFVw&—G•öæ÷E÷FV×÷&Åö6ö×&&–Æ—G£““CÃãƒCs3ƒ‚ÃÃãÆ7W'&VçEöWö6…öf–ÆUö–çFVw&—G•öæ÷E÷FV×÷&Åö6ö×&&–Æ—G£““C"ÂÓã#Cƒ“““““““#cƒ’ÃÃãÆ7W'&VçEöWö6…öf–ÆUö–çFVw&—G•öæ÷E÷FV×÷&Åö6ö×&&–Æ—G£““C2ÂÓãc“S3cƒƒrÃÃãÆ7W'&VçEöWö6…öf–ÆUö–çFVw&—G•öæ÷E÷FV×÷&Åö6ö×&&–Æ—G£““CBÂÓã#“33Cƒ“bÃÃãÆ7W'&VçEöWö6…öf–ÆUö–çFVw&—G•öæ÷E÷FV×÷&Åö6ö×&&–Æ—G£““CRÃã#ƒCC#SbÃÃãÆ7W'&VçEöWö6…öf–ÆUö–çFVw&—G•öæ÷E÷FV×÷&Åö6ö×&&–Æ—G£““CbÃã##SS’ÃÃãÆ7W'&VçEöWö6…öf–ÆUö–çFVw&—G•öæ÷E÷FV×÷&Åö6ö×&&–Æ—G£““CrÂÓã#ƒC““““““Scc“3RÃÃãÆ7W'&VçEöWö6…öf–ÆUö–çFVw&—G•öæ÷E÷FV×÷&Åö6ö×&&–Æ—G£““C‚ÃãCcsC3ƒƒ’ÃÃãÆ7W'&VçEöWö6…öf–ÆUö–çFVw&—G•öæ÷E÷FV×÷&Åö6ö×&&–Æ—G£““C’ÂÓãcC“3CSƒc‚ÃÃãÆ7W'&VçEöWö6…öf–ÆUö–çFVw&—G•öæ÷E÷FV×÷&Åö6ö×&&–Æ—G£““SÂÓã#ƒ#“Ss2ÃÃãÆ7W'&VçEöWö6…öf–ÆUö–çFVw&—G•öæ÷E÷FV×÷&Åö6ö×&&–Æ—G£““SÃã#cS33ƒS"ÃÃãÆ7W'&VçEöWö6…öf–ÆUö–çFVw&—G•öæ÷E÷FV×÷&Åö6ö×&&–Æ—G£““S"Ãã““SsSƒrÃÃãÆ7W'&VçEöWö6…öf–ÆUö–çFVw&—G•öæ÷E÷FV×÷&Åö6ö×&&–Æ—G£““S2ÂÓã##cCRÃÃãÆ7W'&VçEöWö6…öf–ÆUö–çFVw&—G•öæ÷E÷FV×÷&Åö6ö×&&–Æ—G£““SBÃãC3#C“““““““S3C3BÃÃãÆ7W'&VçEöWö6…öf–ÆUö–çFVw&—G•öæ÷E÷FV×÷&Åö6ö×&&–Æ—G£““SRÃãƒ3s#cC3"ÃÃãÆ7W'&VçEöWö6…öf–ÆUö–çFVw&—G•öæ÷E÷FV×÷&Åö6ö×&&–Æ—G£““SbÃã#ƒc““““““ƒc#ƒRÃÃãÆ7W'&VçEöWö6…öf–ÆUö–çFVw&—G•öæ÷E÷FV×÷&Åö6ö×&&–Æ—G£““SrÂÓã33ƒ“““““““C“ÃÃãÆ7W'&VçEöWö6…öf–ÆUö–çFVw&—G•öæ÷E÷FV×÷&Åö6ö×&&–Æ—G£““S‚Ãã3c3““““““sS“#S2ÃÃãÆ7W'&VçEöWö6…öf–ÆUö–çFVw&—G•öæ÷E÷FV×÷&Åö6ö×&&–Æ—G£““S’Ãã““CcC#c2ÃÃãÆ7W'&VçEöWö6…öf–ÆUö–çFVw&—G•öæ÷E÷FV×÷&Åö6ö×&&–Æ—G£““cÂÓã3cc#““““““sCƒbÃÃãÆ7W'&VçEöWö6…öf–ÆUö–çFVw&—G•öæ÷E÷FV×÷&Åö6ö×&&–Æ—G£““cÃãS#S““““““Cs#2ÃÃãÆ7W'&VçEöWö6…öf–ÆUö–çFVw&—G•öæ÷E÷FV×÷&Åö6ö×&&–Æ—G£““c"ÂÓã3“C3#“cƒ‚ÃÃãÆ7W'&VçEöWö6…öf–ÆUö–çFVw&—G•öæ÷E÷FV×÷&Åö6ö×&&–Æ—G£““c2Ããsƒ“““““““Cƒ3bÃÃãÆ7W'&VçEöWö6…öf–ÆUö–çFVw&—G•öæ÷E÷FV×÷&Åö6ö×&&–Æ—G£““cBÂÓãCC#“““““““““3RÃÃãÆ7W'&VçEöWö6…öf–ÆUö–çFVw&—G•öæ÷E÷FV×÷&Åö6ö×&&–Æ—G£““cRÃãCƒcƒ#C“S“BÃÃãÆ7W'&VçEöWö6…öf–ÆUö–çFVw&—G•öæ÷E÷FV×÷&Åö6ö×&&–Æ—G£““cbÂÓã3C#“##ssscrÃÃãÆ7W'&VçEöWö6…öf–ÆUö–çFVw&—G•öæ÷E÷FV×÷&Åö6ö×&&–Æ—G£““crÃãC##S“3s"ÃÃãÆ7W'&VçEöWö6…öf–ÆUö–çFVw&—G•öæ÷E÷FV×÷&Åö6ö×&&–Æ—G£““c‚ÂÓã3#cS“#bÃÃãÆ7W'&VçEöWö6…öf–ÆUö–çFVw&—G•öæ÷E÷FV×÷&Åö6ö×&&–Æ—G£““c’Ãã““ƒ#C#BÃÃãÆ7W'&VçEöWö6…öf–ÆUö–çFVw&—G•öæ÷E÷FV×÷&Åö6ö×&&–Æ—G£““sÃã3Scc“ccBÃÃãÆ7W'&VçEöWö6…öf–ÆUö–çFVw&—G•öæ÷E÷FV×÷&Åö6ö×&&–Æ—G£““sÂÓãsscƒs“S‚ÃÃãÆ7W'&VçEöWö6…öf–ÆUö–çFVw&—G•öæ÷E÷FV×÷&Åö6ö×&&–Æ—G£““s"ÂÓãC““““““ƒƒSCCs2ÃÃãÆ7W'&VçEöWö6…öf–ÆUö–çFVw&—G•öæ÷E÷FV×÷&Åö6ö×&&–Æ—G£““s2Ããcc“““““““c“#ccBÃÃãÆ7W'&VçEöWö6…öf–ÆUö–çFVw&—G•öæ÷E÷FV×÷&Åö6ö×&&–Æ—G£““sBÂÓãcSSs#srÃÃãÆ7W'&VçEöWö6…öf–ÆUö–çFVw&—G•öæ÷E÷FV×÷&Åö6ö×&&–Æ—G£““sRÃã3cCC“““““““cC’ÃÃãÆ7W'&VçEöWö6…öf–ÆUö–çFVw&—G•öæ÷E÷FV×÷&Åö6ö×&&–Æ—G£““sbÃã#S“““““““ccScSS"ÃÃãÆ7W'&VçEöWö6…öf–ÆUö–çFVw&—G•öæ÷E÷FV×÷&Åö6ö×&&–Æ—G£““srÃã#s3““““““3#ccSBÃÃãÆ7W'&VçEöWö6…öf–ÆUö–çFVw&—G•öæ÷E÷FV×÷&Åö6ö×&&–Æ—G£““s‚ÃãCc““““““ƒ“3“BÃÃãÆ7W'&VçEöWö6…öf–ÆUö–çFVw&—G•öæ÷E÷FV×÷&Åö6ö×&&–Æ—G£““s’ÂÓãC“3“““““““CsƒCbÃÃãÆ7W'&VçEöWö6…öf–ÆUö–çFVw&—G•öæ÷E÷FV×÷&Åö6ö×&&–Æ—G£““ƒÂÓã#S“33ss2ÃÃãÆ7W'&VçEöWö6…öf–ÆUö–çFVw&—G•öæ÷E÷FV×÷&Åö6ö×&&–Æ—G£““ƒÂÓãCS#s“3“rÃÃãÆ7W'&VçEöWö6…öf–ÆUö–çFVw&—G•öæ÷E÷FV×÷&Åö6ö×&&–Æ—G£““ƒ"ÂÓãsƒ#ccSC2ÃÃãÆ7W'&VçEöWö6…öf–ÆUö–çFVw&—G•öæ÷E÷FV×÷&Åö6ö×&&–Æ—G£““ƒ2Ããsc#C3ƒÃÃãÆ7W'&VçEöWö6…öf–ÆUö–çFVw&—G•öæ÷E÷FV×÷&Åö6ö×&&–Æ—G£““ƒBÃã3C3“““““““ƒ#3RÃÃãÆ7W'&VçEöWö6…öf–ÆUö–çFVw&—G•öæ÷E÷FV×÷&Åö6ö×&&–Æ—G£““ƒRÃã3#CsC3“SƒBÃÃãÆ7W'&VçEöWö6…öf–ÆUö–çFVw&—G•öæ÷E÷FV×÷&Åö6ö×&&–Æ—G£““ƒbÂÓã33c“““““““ƒsƒ“2ÃÃãÆ7W'&VçEöWö6…öf–ÆUö–çFVw&—G•öæ÷E÷FV×÷&Åö6ö×&&–Æ—G£““ƒrÃãCc““““““““3ƒS#cbÃÃãÆ7W'&VçEöWö6…öf–ÆUö–çFVw&—G•öæ÷E÷FV×÷&Åö6ö×&&–Æ—G£““ƒ‚Ãã3#ƒ#““““““c“C#“2ÃÃãÆ7W'&VçEöWö6…öf–ÆUö–çFVw&—G•öæ÷E÷FV×÷&Åö6ö×&&–Æ—G£““ƒ’ÂÓã“s“ƒ““““““CsS"ÃÃãÆ7W'&VçEöWö6…öf–ÆUö–çFVw&—G•öæ÷E÷FV×÷&Åö6ö×&&–Æ—G£“““Ãã#SCc“““““““CsBÃÃãÆ7W'&VçEöWö6…öf–ÆUö–çFVw&—G•öæ÷E÷FV×÷&Åö6ö×&&–Æ—G£“““ÃãS“Cc3S‚ÃÃãÆ7W'&VçEöWö6…öf–ÆUö–çFVw&—G•öæ÷E÷FV×÷&Åö6ö×&&–Æ—G£“““"ÂÓãS3SCs“3“RÃÃãÆ7W'&VçEöWö6…öf–ÆUö–çFVw&—G•öæ÷E÷FV×÷&Åö6ö×&&–Æ—G£“““2Ãã#3ssƒ“““““““###3RÃÃãÆ7W'&VçEöWö6…öf–ÆUö–çFVw&—G•öæ÷E÷FV×÷&Åö6ö×&&–Æ—G£“““BÃãS“ƒSƒ#BÃÃãÆ7W'&VçEöWö6…öf–ÆUö–çFVw&—G•öæ÷E÷FV×÷&Åö6ö×&&–Æ—G£“““RÂÓã#scc#3’ÃÃãÆ7W'&VçEöWö6…öf–ÆUö–çFVw&—G•öæ÷E÷FV×÷&Åö6ö×&&–Æ—G£“““bÂÓã#SC““““““ƒƒƒ#C2ÃÃãÆ7W'&VçEöWö6…öf–ÆUö–çFVw&—G•öæ÷E÷FV×÷&Åö6ö×&&–Æ—G£“““rÂÓãSƒ““““““s#3sBÃÃãÆ7W'&VçEöWö6…öf–ÆUö–çFVw&—G•öæ÷E÷FV×÷&Åö6ö×&&–Æ—G£“““‚Ããs““““““ƒScÃÃãÆ7W'&VçEöWö6…öf–ÆUö–çFVw&—G•öæ÷E÷FV×÷&Åö6ö×&&–Æ—G£“““’ÂÓãCSƒ#“““““““ƒCcsRÃÃãÆ7W'&VçEöWö6…öf–ÆUö–çFVw&—G•öæ÷E÷FV×÷&Åö6ö×&&–Æ—G£ÃãCsC““““““3ƒS3#rÃÃãÆ7W'&VçEöWö6…öf–ÆUö–çFVw&—G•öæ÷E÷FV×÷&Åö6ö×&&–Æ—G£ÂÓã3##CCSc3RÃÃãÆ7W'&VçEöWö6…öf–ÆUö–çFVw&—G•öæ÷E÷FV×÷&Åö6ö×&&–Æ—G£"ÂÓã#Sc““““““ƒƒƒ“BÃÃãÆ7W'&VçEöWö6…öf–ÆUö–çFVw&—G•öæ÷E÷FV×÷&Åö6ö×&&–Æ—G£2ÂÓãƒc#“sCCBÃÃãÆ7W'&VçEöWö6…öf–ÆUö–çFVw&—G•öæ÷E÷FV×÷&Åö6ö×&&–Æ—G£BÂÓã“sScsS#’ÃÃãÆ7W'&VçEöWö6…öf–ÆUö–çFVw&—G•öæ÷E÷FV×÷&Åö6ö×&&–Æ—G£RÂÓã3ss#“““““““#ƒ#ƒ‚ÃÃãÆ7W'&VçEöWö6…öf–ÆUö–çFVw&—G•öæ÷E÷FV×÷&Åö6ö×&&–Æ—G£bÃã3ccCSsƒ3"ÃÃãÆ7W'&VçEöWö6…öf–ÆUö–çFVw&—G•öæ÷E÷FV×÷&Åö6ö×&&–Æ—G£rÃã###cc3cBÃÃãÆ7W'&VçEöWö6…öf–ÆUö–çFVw&—G•öæ÷E÷FV×÷&Åö6ö×&&–Æ—G£‚ÃãRÃÃãÆ7W'&VçEöWö6…öf–ÆUö–çFVw&—G•öæ÷E÷FV×÷&Åö6ö×&&–Æ—G£’ÂÓã33S#C““““““cCC“32ÃÃãÆ7W'&VçEöWö6…öf–ÆUö–çFVw&—G•öæ÷E÷FV×÷&Åö6ö×&&–Æ—G£ÃãC“cSƒ3ƒ’ÃÃãÆ7W'&VçEöWö6…öf–ÆUö–çFVw&—G•öæ÷E÷FV×÷&Åö6ö×&&–Æ—G£Ãã3ƒƒ3“““““““cƒbÃÃãÆ7W'&VçEöWö6…öf–ÆUö–çFVw&—G•öæ÷E÷FV×÷&Åö6ö×&&–Æ—G£"Ããsc#c““cbÃÃãÆ7W'&VçEöWö6…öf–ÆUö–çFVw&—G•öæ÷E÷FV×÷&Åö6ö×&&–Æ—G£2ÂÓãcƒsC““““““sƒ“c"ÃÃãÆ7W'&VçEöWö6…öf–ÆUö–çFVw&—G•öæ÷E÷FV×÷&Åö6ö×&&–Æ—G£BÃãƒc““““““ƒS“ƒ3S“RÃÃãÆ7W'&VçEöWö6…öf–ÆUö–çFVw&—G•öæ÷E÷FV×÷&Åö6ö×&&–Æ—G£RÂÓã#3S#““““““ƒ“RÃÃãÆ7W'&VçEöWö6…öf–ÆUö–çFVw&—G•öæ÷E÷FV×÷&Åö6ö×&&–Æ—G£bÂÓãC##“3c332ÃÃãÆ7W'&VçEöWö6…öf–ÆUö–çFVw&—G•öæ÷E÷FV×÷&Åö6ö×&&–Æ—G£rÂÓãcc3Sƒcs32ÃÃãÆ7W'&VçEöWö6…öf–ÆUö–çFVw&—G•öæ÷E÷FV×÷&Åö6ö×&&–Æ—G£‚ÃãCsƒ“““““““c#“‚ÃÃãÆ7W'&VçEöWö6…öf–ÆUö–çFVw&—G•öæ÷E÷FV×÷&Åö6ö×&&–Æ—G£’ÂÓã3CS“SCcbÃÃãÆ7W'&VçEöWö6…öf–ÆUö–çFVw&—G•öæ÷E÷FV×÷&Åö6ö×&&–Æ—G£#Ãã#“sS3ƒCrÃÃãÆ7W'&VçEöWö6…öf–ÆUö–çFVw&—G•öæ÷E÷FV×÷&Åö6ö×&&–Æ—G£#ÂÓãƒccƒCS#"ÃÃãÆ7W'&VçEöWö6…öf–ÆUö–çFVw&—G•öæ÷E÷FV×÷&Åö6ö×&&–Æ—G£#"Ãã3c#ƒcC#rÃÃãÆ7W'&VçEöWö6…öf–ÆUö–çFVw&—G•öæ÷E÷FV×÷&Åö6ö×&&–Æ—G£#2ÂÓãC#sSƒrÃÃãÆ7W'&VçEöWö6…öf–ÆUö–çFVw&—G•öæ÷E÷FV×÷&Åö6ö×&&–Æ—G£#BÂÓã#ƒc“““““““cCcÃÃãÆ7W'&VçEöWö6…öf–ÆUö–çFVw&—G•öæ÷E÷FV×÷&Åö6ö×&&–Æ—G£#RÂÓã3ƒCcScbÃÃãÆ7W'&VçEöWö6…öf–ÆUö–çFVw&—G•öæ÷E÷FV×÷&Åö6ö×&&–Æ—G£#bÃã3cScC3c##ƒBÃÃãÆ7W'&VçEöWö6…öf–ÆUö–çFVw&—G•öæ÷E÷FV×÷&Åö6ö×&&–Æ—G£#rÃãc“Ss3c“CrÃÃãÆ7W'&VçEöWö6…öf–ÆUö–çFVw&—G•öæ÷E÷FV×÷&Åö6ö×&&–Æ—G£#‚ÃãC#cƒCS"ÃÃãÆ7W'&VçEöWö6…öf–ÆUö–çFVw&—G•öæ÷E÷FV×÷&Åö6ö×&&–Æ—G£#’ÃãCS3C#Ccƒ2ÃÃãÆ7W'&VçEöWö6…öf–ÆUö–çFVw&—G•öæ÷E÷FV×÷&Åö6ö×&&–Æ—G£3ÂÓã“33““““““cƒƒ#3“‚ÃÃãÆ7W'&VçEöWö6…öf–ÆUö–çFVw&—G•öæ÷E÷FV×÷&Åö6ö×&&–Æ—G£3Ãã#ƒCs““““““S“cƒBÃÃãÆ7W'&VçEöWö6…öf–ÆUö–çFVw&—G•öæ÷E÷FV×÷&Åö6ö×&&–Æ—G£3"Ãã3ƒƒ#ƒCS2ÃÃãÆ7W'&VçEöWö6…öf–ÆUö–çFVw&—G•öæ÷E÷FV×÷&Åö6ö×&&–Æ—G£32ÂÓãCCCSSc2ÃÃãÆ7W'&VçEöWö6…öf–ÆUö–çFVw&—G•öæ÷E÷FV×÷&Åö6ö×&&–Æ—G£3BÂÓã3s““““““ƒ#SƒC#rÃÃãÆ7W'&VçEöWö6…öf–ÆUö–çFVw&—G•öæ÷E÷FV×÷&Åö6ö×&&–Æ—G£3RÂÓãsSs“C3"ÃÃãÆ7W'&VçEöWö6…öf–ÆUö–çFVw&—G•öæ÷E÷FV×÷&Åö6ö×&&–Æ—G£3bÂÓã#s3#sSC’ÃÃãÆ7W'&VçEöWö6…öf–ÆUö–çFVw&—G•öæ÷E÷FV×÷&Åö6ö×&&–Æ—G£3rÃãCssC““““““c“s3"ÃÃãÆ7W'&VçEöWö6…öf–ÆUö–çFVw&—G•öæ÷E÷FV×÷&Åö6ö×&&–Æ—G£3‚Ããc“ƒ“cBÃÃãÆ7W'&VçEöWö6…öf–ÆUö–çFVw&—G•öæ÷E÷FV×÷&Åö6ö×&&–Æ—G£3’Ãã#“3cƒ#C“S“BÃÃãÆ7W'&VçEöWö6…öf–ÆUö–çFVw&—G•öæ÷E÷FV×÷&Åö6ö×&&–Æ—G£CÂÓã#C##““SƒÃÃãÆ7W'&VçEöWö6…öf–ÆUö–çFVw&—G•öæ÷E÷FV×÷&Åö6ö×&&–Æ—G£CÃãC#c3“““““““ccCs#BÃÃãÆ7W'&VçEöWö6…öf–ÆUö–çFVw&—G•öæ÷E÷FV×÷&Åö6ö×&&–Æ—G£C"Ãã““““““““C“SCÃÃãÆ7W'&VçEöWö6…öf–ÆUö–çFVw&—G•öæ÷E÷FV×÷&Åö6ö×&&–Æ—G£C2ÂÓã#ƒs#ƒc3ƒ"ÃÃãÆ7W'&VçEöWö6…öf–ÆUö–çFVw&—G•öæ÷E÷FV×÷&Åö6ö×&&–Æ—G£CBÂÓã#ƒC#c3SƒSbÃÃãÆ7W'&VçEöWö6…öf–ÆUö–çFVw&—G•öæ÷E÷FV×÷&Åö6ö×&&–Æ—G£CRÃãS“#cC#CrÃÃãÆ7W'&VçEöWö6…öf–ÆUö–çFVw&—G•öæ÷E÷FV×÷&Åö6ö×&&–Æ—G£CbÃã##“#Sƒ3#RÃÃãÆ7W'&VçEöWö6…öf–ÆUö–çFVw&—G•öæ÷E÷FV×÷&Åö6ö×&&–Æ—G£CrÃã3ssS““““““CSCsÃÃãÆ7W'&VçEöWö6…öf–ÆUö–çFVw&—G•öæ÷E÷FV×÷&Åö6ö×&&–Æ—G£C‚ÃãCSC3#S3sbÃÃãÆ7W'&VçEöWö6…öf–ÆUö–çFVw&—G•öæ÷E÷FV×÷&Åö6ö×&&–Æ—G£C’ÂÓãC#“““““““SsS2ÃÃãÆ7W'&VçEöWö6…öf–ÆUö–çFVw&—G•öæ÷E÷FV×÷&Åö6ö×&&–Æ—G£SÃã#ƒ“““““““#ƒsSBÃÃãÆ7W'&VçEöWö6…öf–ÆUö–çFVw&—G•öæ÷E÷FV×÷&Åö6ö×&&–Æ—G£SÃã#sCC““““““““S3C3BÃÃãÆ7W'&VçEöWö6…öf–ÆUö–çFVw&—G•öæ÷E÷FV×÷&Åö6ö×&&–Æ—G£S"ÂÓã3“c““““““““s#c2ÃÃãÆ7W'&VçEöWö6…öf–ÆUö–çFVw&—G•öæ÷E÷FV×÷&Åö6ö×&&–Æ—G£S2ÂÓãsc“ƒC“"ÃÃãÆ7W'&VçEöWö6…öf–ÆUö–çFVw&—G•öæ÷E÷FV×÷&Åö6ö×&&–Æ—G£SBÃã“S3#““““““cCcSc2ÃÃãÆ7W'&VçEöWö6…öf–ÆUö–çFVw&—G•öæ÷E÷FV×÷&Åö6ö×&&–Æ—G£SRÃã“Ccc#sRÃÃãÆ7W'&VçEöWö6…öf–ÆUö–çFVw&—G•öæ÷E÷FV×÷&Åö6ö×&&–Æ—G£SbÂÓã3“““““““ƒ“cSsRÃÃãÆ7W'&VçEöWö6…öf–ÆUö–çFVw&—G•öæ÷E÷FV×÷&Åö6ö×&&–Æ—G£S‚ÂÓãc“3##33S#’ÃÃãÆ7W'&VçEöWö6…öf–ÆUö–çFVw&—G•öæ÷E÷FV×÷&Åö6ö×&&–Æ—G£cÂÓãCS““““““ƒƒSCCs2ÃÃãÆ7W'&VçEöWö6…öf–ÆUö–çFVw&—G•öæ÷E÷FV×÷&Åö6ö×&&–Æ—G£cÂÓãsƒ“““““““Cƒ3bÃÃãÆ7W'&VçEöWö6…öf–ÆUö–çFVw&—G•öæ÷E÷FV×÷&Åö6ö×&&–Æ—G£c"ÂÓã“SS““““““sCSRÃÃãÆ7W'&VçEöWö6…öf–ÆUö–çFVw&—G•öæ÷E÷FV×÷&Åö6ö×&&–Æ—G£c2ÂÓã#sƒƒCcSrÃÃãÆ7W'&VçEöWö6…öf–ÆUö–çFVw&—G•öæ÷E÷FV×÷&Åö6ö×&&–Æ—G£cBÃã3Cc3S“s3ÃÃãÆ7W'&VçEöWö6…öf–ÆUö–çFVw&—G•öæ÷E÷FV×÷&Åö6ö×&&–Æ—G£cRÃã33“““““““ƒsc3BÃÃãÆ7W'&VçEöWö6…öf–ÆUö–çFVw&—G•öæ÷E÷FV×÷&Åö6ö×&&–Æ—G£cbÃãCssC#c“RÃÃãÆ7W'&VçEöWö6…öf–ÆUö–çFVw&—G•öæ÷E÷FV×÷&Åö6ö×&&–Æ—G£crÃãCsC“sÃÃãÆ7W'&VçEöWö6…öf–ÆUö–çFVw&—G•öæ÷E÷FV×÷&Åö6ö×&&–Æ—G£c‚ÂÓãs#sCsC"ÃÃãÆ7W'&VçEöWö6…öf–ÆUö–çFVw&—G•öæ÷E÷FV×÷&Åö6ö×&&–Æ—G£c’Ãã33ƒ33s33bÃÃãÆ7W'&VçEöWö6…öf–ÆUö–çFVw&—G•öæ÷E÷FV×÷&Åö6ö×&&–Æ—G£sÂÓã#CSC““““““ƒ““ƒƒ#‚ÃÃãÆ7W'&VçEöWö6…öf–ÆUö–çFVw&—G•öæ÷E÷FV×÷&Åö6ö×&&–Æ—G£sÂÓã3“S““CS3’ÃÃãÆ7W'&VçEöWö6…öf–ÆUö–çFVw&—G•öæ÷E÷FV×÷&Åö6ö×&&–Æ—G£s"ÃãS#““““““ssSƒSbÃÃãÆ7W'&VçEöWö6…öf–ÆUö–çFVw&—G•öæ÷E÷FV×÷&Åö6ö×&&–Æ—G£s2ÂÓãCcS3ccC“rÃÃãÆ7W'&VçEöWö6…öf–ÆUö–çFVw&—G•öæ÷E÷FV×÷&Åö6ö×&&–Æ—G£sBÃãCƒc“““““““cCc“sBÃÃãÆ7W'&VçEöWö6…öf–ÆUö–çFVw&—G•öæ÷E÷FV×÷&Åö6ö×&&–Æ—G£sRÂÓã#“c3“““““““““bÃÃãÆ7W'&VçEöWö6…öf–ÆUö–çFVw&—G•öæ÷E÷FV×÷&Åö6ö×&&–Æ—G£sbÂÓãsƒc#cc3S‚ÃÃãÆ7W'&VçEöWö6…öf–ÆUö–çFVw&—G•öæ÷E÷FV×÷&Åö6ö×&&–Æ—G£srÂÓã3C#ƒ3ƒSÃÃãÆ7W'&VçEöWö6…öf–ÆUö–çFVw&—G•öæ÷E÷FV×÷&Åö6ö×&&–Æ—G£s‚ÂÓã3““Cƒƒ“CBÃÃãÆ7W'&VçEöWö6…öf–ÆUö–çFVw&—G•öæ÷E÷FV×÷&Åö6ö×&&–Æ—G£s’ÃãC#SS#s"ÃÃãÆ7W'&VçEöWö6…öf–ÆUö–çFVw&—G•öæ÷E÷FV×÷&Åö6ö×&&–Æ—G£ƒÃã3S“CƒsCBÃÃãÆ7W'&VçEöWö6…öf–ÆUö–çFVw&—G•öæ÷E÷FV×÷&Åö6ö×&&–Æ—G£ƒÂÓãC“s3ƒ3scbÃÃãÆ7W'&VçEöWö6…öf–ÆUö–çFVw&—G•öæ÷E÷FV×÷&Åö6ö×&&–Æ—G£ƒ"ÂÓãsSƒsc3“ƒ’ÃÃãÆ7W'&VçEöWö6…öf–ÆUö–çFVw&—G•öæ÷E÷FV×÷&Åö6ö×&&–Æ—G£ƒ2Ãã“#c33cÃÃãÆ7W'&VçEöWö6…öf–ÆUö–çFVw&—G•öæ÷E÷FV×÷&Åö6ö×&&–Æ—G£ƒBÂÓã#3“3#““““““cc“ƒCbÃÃãÆ7W'&VçEöWö6…öf–ÆUö–çFVw&—G•öæ÷E÷FV×÷&Åö6ö×&&–Æ—G£ƒRÂÓãC“#“c3###BÃÃãÆ7W'&VçEöWö6…öf–ÆUö–çFVw&—G•öæ÷E÷FV×÷&Åö6ö×&&–Æ—G£ƒbÂÓãƒCSƒ#Cc"ÃÃãÆ7W'&VçEöWö6…öf–ÆUö–çFVw&—G•öæ÷E÷FV×÷&Åö6ö×&&–Æ—G£ƒrÂÓãCƒ3Sc““““““ccƒ“RÃÃãÆ7W'&VçEöWö6…öf–ÆUö–çFVw&—G•öæ÷E÷FV×÷&Åö6ö×&&–Æ—G£ƒ‚Ãã3ƒ##“““““““sCƒSC2ÃÃãÆ7W'&VçEöWö6…öf–ÆUö–çFVw&—G•öæ÷E÷FV×÷&Åö6ö×&&–Æ—G£ƒ’Ãã“3“““““““S3cccrÃÃãÆ7W'&VçEöWö6…öf–ÆUö–çFVw&—G•öæ÷E÷FV×÷&Åö6ö×&&–Æ—G£“Ããsc““““““sC3rÃÃãÆ7W'&VçEöWö6…öf–ÆUö–çFVw&—G•öæ÷E÷FV×÷&Åö6ö×&&–Æ—G£“ÂÓã3ƒ3C“““““““c#sCrÃÃãÆ7W'&VçEöWö6…öf–ÆUö–çFVw&—G•öæ÷E÷FV×÷&Åö6ö×&&–Æ—G£“"ÂÓãsCC““““““ƒ“s3BÃÃãÆ7W'&VçEöWö6…öf–ÆUö–çFVw&—G•öæ÷E÷FV×÷&Åö6ö×&&–Æ—G£“2Ãã3#SccSbÃÃãÆ7W'&VçEöWö6…öf–ÆUö–çFVw&—G•öæ÷E÷FV×÷&Åö6ö×&&–Æ—G£“BÂÓã3#RÃÃãÆ7W'&VçEöWö6…öf–ÆUö–çFVw&—G•öæ÷E÷FV×÷&Åö6ö×&&–Æ—G£“RÂÓãc““““““““ƒ“s’ÃÃãÆ7W'&VçEöWö6…öf–ÆUö–çFVw&—G•öæ÷E÷FV×÷&Åö6ö×&&–Æ—G£“bÃãCcƒS#cssSRÃÃãÆ7W'&VçEöWö6…öf–ÆUö–çFVw&—G•öæ÷E÷FV×÷&Åö6ö×&&–Æ—G£“‚ÃãCCƒc33S#sbÃÃãÆ7W'&VçEöWö6…öf–ÆUö–çFVw&—G•öæ÷E÷FV×÷&Åö6ö×&&–Æ—G£“’ÂÓã#cS“““““““CSS“rÃÃãÆ7W'&VçEöWö6…öf–ÆUö–çFVw&—G•öæ÷E÷FV×÷&Åö6ö×&&–Æ—G£ÃãC3“““““““ƒƒcƒCC2ÃÃãÆ7W'&VçEöWö6…öf–ÆUö–çFVw&—G•öæ÷E÷FV×÷&Åö6ö×&&–Æ—G£Ãã“s3#3“c‚ÃÃãÆ7W'&VçEöWö6…öf–ÆUö–çFVw&—G•öæ÷E÷FV×÷&Åö6ö×&&–Æ—G£"Ãã“#ƒ“CrÃÃãÆ7W'&VçEöWö6…öf–ÆUö–çFVw&—G•öæ÷E÷FV×÷&Åö6ö×&&–Æ—G£2ÂÓãS3#cS“3’ÃÃãÆ7W'&VçEöWö6…öf–ÆUö–çFVw&—G•öæ÷E÷FV×÷&Åö6ö×&&–Æ—G£BÂÓã#“SSsCSbÃÃãÆ7W'&VçEöWö6…öf–ÆUö–çFVw&—G•öæ÷E÷FV×÷&Åö6ö×&&–Æ—G£RÂÓãCsC““““““ƒS“ƒƒBÃÃãÆ7W'&VçEöWö6…öf–ÆUö–çFVw&—G•öæ÷E÷FV×÷&Åö6ö×&&–Æ—G£bÂÓã3sS“#ScbÃÃãÆ7W'&VçEöWö6…öf–ÆUö–çFVw&—G•öæ÷E÷FV×÷&Åö6ö×&&–Æ—G£rÂÓãS“c““““““ƒ“#C3#"ÃÃãÆ7W'&VçEöWö6…öf–ÆUö–çFVw&—G•öæ÷E÷FV×÷&Åö6ö×&&–Æ—G£‚ÂÓãCSs#C3ss"ÃÃãÆ7W'&VçEöWö6…öf–ÆUö–çFVw&—G•öæ÷E÷FV×÷&Åö6ö×&&–Æ—G£’ÂÓã3“3“c#C32ÃÃãÆ7W'&VçEöWö6…öf–ÆUö–çFVw&—G•öæ÷E÷FV×÷&Åö6ö×&&–Æ—G£ÂÓã#sc3““““““s33cC"ÃÃãÆ7W'&VçEöWö6…öf–ÆUö–çFVw&—G•öæ÷E÷FV×÷&Åö6ö×&&–Æ—G£ÂÓã3##S“33"ÃÃãÆ7W'&VçEöWö6…öf–ÆUö–çFVw&—G•öæ÷E÷FV×÷&Åö6ö×&&–Æ—G£"ÂÓãs3“““““““CSS“RÃÃãÆ7W'&VçEöWö6…öf–ÆUö–çFVw&—G•öæ÷E÷FV×÷&Åö6ö×&&–Æ—G£2Ãã#SsCSS‚ÃÃãÆ7W'&VçEöWö6…öf–ÆUö–çFVw&—G•öæ÷E÷FV×÷&Åö6ö×&&–Æ—G£BÂÓã#“s““““““ƒ“33c3SrÃÃãÆ7W'&VçEöWö6…öf–ÆUö–çFVw&—G•öæ÷E÷FV×÷&Åö6ö×&&–Æ—G£RÃã“““““““C3“S3SRÃÃãÆ7W'&VçEöWö6…öf–ÆUö–çFVw&—G•öæ÷E÷FV×÷&Åö6ö×&&–Æ—G£bÃãSCC3““““““ƒC3s"ÃÃãÆ7W'&VçEöWö6…öf–ÆUö–çFVw&—G•öæ÷E÷FV×÷&Åö6ö×&&–Æ—G£rÂÓã#3ƒ“C#“#rÃÃãÆ7W'&VçEöWö6…öf–ÆUö–çFVw&—G•öæ÷E÷FV×÷&Åö6ö×&&–Æ—G£‚Ãã3#sC““““““ƒS3SBÃÃãÆ7W'&VçEöWö6…öf–ÆUö–çFVw&—G•öæ÷E÷FV×÷&Åö6ö×&&–Æ—G£’ÂÓãC“ss“““““““s3c’ÃÃãÆ7W'&VçEöWö6…öf–ÆUö–çFVw&—G•öæ÷E÷FV×÷&Åö6ö×&&–Æ—G£#Ãã#S#Cs““““““SSSsbÃÃãÆ7W'&VçEöWö6…öf–ÆUö–çFVw&—G•öæ÷E÷FV×÷&Åö6ö×&&–Æ—G£#ÃãCƒSSƒ‚ÃÃãÆ7W'&VçEöWö6…öf–ÆUö–çFVw&—G•öæ÷E÷FV×÷&Åö6ö×&&–Æ—G£#"ÂÓãƒ““““““ƒS“ƒ3bÃÃãÆ7W'&VçEöWö6…öf–ÆUö–çFVw&—G•öæ÷E÷FV×÷&Åö6ö×&&–Æ—G£#2ÂÓãCCsCCSc3RÃÃãÆ7W'&VçEöWö6…öf–ÆUö–çFVw&—G•öæ÷E÷FV×÷&Åö6ö×&&–Æ—G£#BÃãccsccsS"ÃÃãÆ7W'&VçEöWö6…öf–ÆUö–çFVw&—G•öæ÷E÷FV×÷&Åö6ö×&&–Æ—G£#RÃã#ƒ#csrÃÃãÆ7W'&VçEöWö6…öf–ÆUö–çFVw&—G•öæ÷E÷FV×÷&Åö6ö×&&–Æ—G£#bÃãC##“ƒ“““““““sSrÃÃãÆ7W'&VçEöWö6…öf–ÆUö–çFVw&—G•öæ÷E÷FV×÷&Åö6ö×&&–Æ—G£#rÂÓã3cc#“““““““C##S‚ÃÃãÆ7W'&VçEöWö6…öf–ÆUö–çFVw&—G•öæ÷E÷FV×÷&Åö6ö×&&–Æ—G£#‚ÃãS##c“c‚ÃÃãÆ7W'&VçEöWö6…öf–ÆUö–çFVw&—G•öæ÷E÷FV×÷&Åö6ö×&&–Æ—G£#’ÂÓã3S##SCSrÃÃãÆ7W'&VçEöWö6…öf–ÆUö–çFVw&—G•öæ÷E÷FV×÷&Åö6ö×&&–Æ—G£3ÂÓã“#c#3“ƒbÃÃãÆ7W'&VçEöWö6…öf–ÆUö–çFVw&—G•öæ÷E÷FV×÷&Åö6ö×&&–Æ—G£3ÃãC#cScsbÃÃãÆ7W'&VçEöWö6…öf–ÆUö–çFVw&—G•öæ÷E÷FV×÷&Åö6ö×&&–Æ—G£3"ÂÓãCSS#CcƒRÃÃãÆ7W'&VçEöWö6…öf–ÆUö–çFVw&—G•öæ÷E÷FV×÷&Åö6ö×&&–Æ—G£32ÂÓãC3““““““cS#RÃÃãÆ7W'&VçEöWö6…öf–ÆUö–çFVw&—G•öæ÷E÷FV×÷&Åö6ö×&&–Æ—G£3BÃã#3C#c#3“ƒbÃÃãÆ7W'&VçEöWö6…öf–ÆUö–çFVw&—G•öæ÷E÷FV×÷&Åö6ö×&&–Æ—G£3RÂÓã#SSC““““““““3RÃÃãÆ7W'&VçEöWö6…öf–ÆUö–çFVw&—G•öæ÷E÷FV×÷&Åö6ö×&&–Æ—G£3bÃã#33csC3ƒ’ÃÃãÆ7W'&VçEöWö6…öf–ÆUö–çFVw&—G•öæ÷E÷FV×÷&Åö6ö×&&–Æ—G£3rÃã3“““““““3sƒ3C#"ÃÃãÆ7W'&VçEöWö6…öf–ÆUö–çFVw&—G•öæ÷E÷FV×÷&Åö6ö×&&–Æ—G£3‚ÂÓãCsscc3cBÃÃãÆ7W'&VçEöWö6…öf–ÆUö–çFVw&—G•öæ÷E÷FV×÷&Åö6ö×&&–Æ—G£3’ÂÓã#““33cCcÃÃãÆ7W'&VçEöWö6…öf–ÆUö–çFVw&—G•öæ÷E÷FV×÷&Åö6ö×&&–Æ—G£CÃã3ƒ“3““““““ƒSCsBÃÃãÆ7W'&VçEöWö6…öf–ÆUö–çFVw&—G•öæ÷E÷FV×÷&Åö6ö×&&–Æ—G£CÂÓã3c3Sƒcs32ÃÃãÆ7W'&VçEöWö6…öf–ÆUö–çFVw&—G•öæ÷E÷FV×÷&Åö6ö×&&–Æ—G£C"Ãã#c3s“““““““#cC#bÃÃãÆ7W'&VçEöWö6…öf–ÆUö–çFVw&—G•öæ÷E÷FV×÷&Åö6ö×&&–Æ—G£C2ÂÓãCC#3“SSRÃÃãÆ7W'&VçEöWö6…öf–ÆUö–çFVw&—G•öæ÷E÷FV×÷&Åö6ö×&&–Æ—G£CBÂÓã#SC“SCbÃÃãÆ7W'&VçEöWö6…öf–ÆUö–çFVw&—G•öæ÷E÷FV×÷&Åö6ö×&&–Æ—G£CRÂÓã““sc3S#S2ÃÃãÆ7W'&VçEöWö6…öf–ÆUö–çFVw&—G•öæ÷E÷FV×÷&Åö6ö×&&–Æ—G£CbÂÓãSS3““““““ƒƒs3ÃÃãÆ7W'&VçEöWö6…öf–ÆUö–çFVw&—G•öæ÷E÷FV×÷&Åö6ö×&&–Æ—G£CrÃã“Cs“““““““ccCcbÃÃãÆ7W'&VçEöWö6…öf–ÆUö–çFVw&—G•öæ÷E÷FV×÷&Åö6ö×&&–Æ—G£C‚ÂÓã#ƒ#““““““ƒ#ƒrÃÃãÆ7W'&VçEöWö6…öf–ÆUö–çFVw&—G•öæ÷E÷FV×÷&Åö6ö×&&–Æ—G£C’ÂÓãCc“33““““““c“2ÃÃãÆ7W'&VçEöWö6…öf–ÆUö–çFVw&—G•öæ÷E÷FV×÷&Åö6ö×&&–Æ—G£SÂÓãSs“cƒ#c#RÃÃãÆ7W'&VçEöWö6…öf–ÆUö–çFVw&—G•öæ÷E÷FV×÷&Åö6ö×&&–Æ—G£SÂÓã3ƒ3“““““““cƒS‚ÃÃãÆ7W'&VçEöWö6…öf–ÆUö–çFVw&—G•öæ÷E÷FV×÷&Åö6ö×&&–Æ—G£S"ÂÓãƒ##SCSrÃÃãÆ7W'&VçEöWö6…öf–ÆUö–çFVw&—G•öæ÷E÷FV×÷&Åö6ö×&&–Æ—G£S2ÂÓãCcc3“““““““33ƒsbÃÃãÆ7W'&VçEöWö6…öf–ÆUö–çFVw&—G•öæ÷E÷FV×÷&Åö6ö×&&–Æ—G£SBÂÓã##S“““““““cccs2ÃÃãÆ7W'&VçEöWö6…öf–ÆUö–çFVw&—G•öæ÷E÷FV×÷&Åö6ö×&&–Æ—G£SRÃã#Sc“““““““ƒ3#3c"ÃÃãÆ7W'&VçEöWö6…öf–ÆUö–çFVw&—G•öæ÷E÷FV×÷&Åö6ö×&&–Æ—G£SbÃã3ƒ3S#S3sƒSBÃÃãÆ7W'&VçEöWö6…öf–ÆUö–çFVw&—G•öæ÷E÷FV×÷&Åö6ö×&&–Æ—G£SrÂÓãCCC“““““““c“s3"ÃÃãÆ7W'&VçEöWö6…öf–ÆUö–çFVw&—G•öæ÷E÷FV×÷&Åö6ö×&&–Æ—G£S‚ÂÓãC#SsCSbÃÃãÆ7W'&VçEöWö6…öf–ÆUö–çFVw&—G•öæ÷E÷FV×÷&Åö6ö×&&–Æ—G£S’ÂÓã#ƒCƒ“““““““ƒsC#rÃÃãÆ7W'&VçEöWö6…öf–ÆUö–çFVw&—G•öæ÷E÷FV×÷&Åö6ö×&&–Æ—G£cÂÓã3“sƒ3S#BÃÃãÆ7W'&VçEöWö6…öf–ÆUö–çFVw&—G•öæ÷E÷FV×÷&Åö6ö×&&–Æ—G£cÂÓãS““““““““CS“ƒ32ÃÃãÆ7W'&VçEöWö6…öf–ÆUö–çFVw&—G•öæ÷E÷FV×÷&Åö6ö×&&–Æ—G£c"Ãã3#c““cbÃÃãÆ7W'&VçEöWö6…öf–ÆUö–çFVw&—G•öæ÷E÷FV×÷&Åö6ö×&&–Æ—G£c2ÂÓã#Cs3#c‚ÃÃãÆ7W'&VçEöWö6…öf–ÆUö–çFVw&—G•öæ÷E÷FV×÷&Åö6ö×&&–Æ—G£cBÃãC#3C#ƒsssƒrÃÃãÆ7W'&VçEöWö6…öf–ÆUö–çFVw&—G•öæ÷E÷FV×÷&Åö6ö×&&–Æ—G£cRÃã#ƒ#“Sc"ÃÃãÆ7W'&VçEöWö6…öf–ÆUö–çFVw&—G•öæ÷E÷FV×÷&Åö6ö×&&–Æ—G£cbÃã##“#Sƒ3#RÃÃãÆ7W'&VçEöWö6…öf–ÆUö–çFVw&—G•öæ÷E÷FV×÷&Åö6ö×&&–Æ—G£crÃã#cS““““““““sC3’ÃÃãÆ7W'&VçEöWö6…öf–ÆUö–çFVw&—G•öæ÷E÷FV×÷&Åö6ö×&&–Æ—G£c‚ÂÓãC3S#ƒƒsÃÃãÆ7W'&VçEöWö6…öf–ÆUö–çFVw&—G•öæ÷E÷FV×÷&Åö6ö×&&–Æ—G£c’ÃãCc““““““ssƒ3CRÃÃãÆ7W'&VçEöWö6…öf–ÆUö–çFVw&—G•öæ÷E÷FV×÷&Åö6ö×&&–Æ—G£sÂÓã3Cƒƒs3RÃÃãÆ7W'&VçEöWö6…öf–ÆUö–çFVw&—G•öæ÷E÷FV×÷&Åö6ö×&&–Æ—G£sÃã3““C3C“CcrÃÃãÆ7W'&VçEöWö6…öf–ÆUö–çFVw&—G•öæ÷E÷FV×÷&Åö6ö×&&–Æ—G£s"Ãã333CsƒrÃÃãÆ7W'&VçEöWö6…öf–ÆUö–çFVw&—G•öæ÷E÷FV×÷&Åö6ö×&&–Æ—G£s2ÂÓãc##sS“"ÃÃãÆ7W'&VçEöWö6…öf–ÆUö–çFVw&—G•öæ÷E÷FV×÷&Åö6ö×&&–Æ—G£sBÃã3S“3ƒ““““““sƒ#ÃÃãÆ7W'&VçEöWö6…öf–ÆUö–çFVw&—G•öæ÷E÷FV×÷&Åö6ö×&&–Æ—G£sRÃãCcƒ““““““ƒcc3SS"ÃÃãÆ7W'&VçEöWö6…öf–ÆUö–çFVw&—G•öæ÷E÷FV×÷&Åö6ö×&&–Æ—G£sbÃã#3““““““ƒsCc‚ÃÃãÆ7W'&VçEöWö6…öf–ÆUö–çFVw&—G•öæ÷E÷FV×÷&Åö6ö×&&–Æ—G£srÃã3#““SCƒBÃÃãÆ7W'&VçEöWö6…öf–ÆUö–çFVw&—G•öæ÷E÷FV×÷&Åö6ö×&&–Æ—G£s‚Ãã#3“““““““S#S#SRÃÃãÆ7W'&VçEöWö6…öf–ÆUö–çFVw&—G•öæ÷E÷FV×÷&Åö6ö×&&–Æ—G£s’Ãã#cC#‚ÃÃãÆ7W'&VçEöWö6…öf–ÆUö–çFVw&—G•öæ÷E÷FV×÷&Åö6ö×&&–Æ—G£ƒÃã#“#“““““““3#“CRÃÃãÆ7W'&VçEöWö6…öf–ÆUö–çFVw&—G•öæ÷E÷FV×÷&Åö6ö×&&–Æ—G£ƒÂÓã#cƒ3cSCs"ÃÃãÆ7W'&VçEöWö6…öf–ÆUö–çFVw&—G•öæ÷E÷FV×÷&Åö6ö×&&–Æ—G£ƒ"Ãã3###C““““““sC3ƒƒbÃÃãÆ7W'&VçEöWö6…öf–ÆUö–çFVw&—G•öæ÷E÷FV×÷&Åö6ö×&&–Æ—G£ƒ2ÃãCc““““““ƒsc3BÃÃãÆ7W'&VçEöWö6…öf–ÆUö–çFVw&—G•öæ÷E÷FV×÷&Åö6ö×&&–Æ—G£ƒBÂÓãcƒ#ƒCS3BÃÃãÆ7W'&VçEöWö6…öf–ÆUö–çFVw&—G•öæ÷E÷FV×÷&Åö6ö×&&–Æ—G£ƒRÃãCc3ƒ““““““csSC3BÃÃãÆ7W'&VçEöWö6…öf–ÆUö–çFVw&—G•öæ÷E÷FV×÷&Åö6ö×&&–Æ—G£ƒbÃã#sS““““““ƒ#C"ÃÃãÆ7W'&VçEöWö6…öf–ÆUö–çFVw&—G•öæ÷E÷FV×÷&Åö6ö×&&–Æ—G£ƒrÃãCsCCCcs2ÃÃãÆ7W'&VçEöWö6…öf–ÆUö–çFVw&—G•öæ÷E÷FV×÷&Åö6ö×&&–Æ—G£ƒ‚ÂÓãCCcƒ“““““““S3cccrÃÃãÆ7W'&VçEöWö6…öf–ÆUö–çFVw&—G•öæ÷E÷FV×÷&Åö6ö×&&–Æ—G£ƒ’ÂÓã#ƒC“““““““CS“ƒ32ÃÃãÆ7W'&VçEöWö6…öf–ÆUö–çFVw&—G•öæ÷E÷FV×÷&Åö6ö×&&–Æ—G£“Ããsc##32ÃÃãÆ7W'&VçEöWö6…öf–ÆUö–çFVw&—G•öæ÷E÷FV×÷&Åö6ö×&&–Æ—G£“ÂÓã3cc““““““ƒCs#c2ÃÃãÆ7W'&VçEöWö6…öf–ÆUö–çFVw&—G•öæ÷E÷FV×÷&Åö6ö×&&–Æ—G£“"Ããƒ##ƒ““““““ƒCcScRÃÃãÆ7W'&VçEöWö6…öf–ÆUö–çFVw&—G•öæ÷E÷FV×÷&Åö6ö×&&–Æ—G£“2Ãã“#ƒ#s‚ÃÃãÆ7W'&VçEöWö6…öf–ÆUö–çFVw&—G•öæ÷E÷FV×÷&Åö6ö×&&–Æ—G£“BÂÓãsssƒc#bÃÃãÆ7W'&VçEöWö6…öf–ÆUö–çFVw&—G•öæ÷E÷FV×÷&Åö6ö×&&–Æ—G£“RÃã#3#““““““Sƒ#scrÃÃãÆ7W'&VçEöWö6…öf–ÆUö–çFVw&—G•öæ÷E÷FV×÷&Åö6ö×&&–Æ—G£“bÂÓã#SsS“#3"ÃÃãÆ7W'&VçEöWö6…öf–ÆUö–çFVw&—G•öæ÷E÷FV×÷&Åö6ö×&&–Æ—G£“rÃã3#ƒc““““““C#“ÃÃãÆ7W'&VçEöWö6…öf–ÆUö–çFVw&—G•öæ÷E÷FV×÷&Åö6ö×&&–Æ—G£“‚ÃãCƒ““““““ƒSSs’ÃÃãÆ7W'&VçEöWö6…öf–ÆUö–çFVw&—G•öæ÷E÷FV×÷&Åö6ö×&&–Æ—G£“’Ãã3ƒS#SCbÃÃãÆ7W'&VçEöWö6…öf–ÆUö–çFVw&—G•öæ÷E÷FV×÷&Åö6ö×&&–Æ—G£#ÃãC#SSS#ƒS#bÃÃãÆ7W'&VçEöWö6…öf–ÆUö–çFVw&—G•öæ÷E÷FV×÷&Åö6ö×&&–Æ—G£#ÂÓã3cƒs3“cC2ÃÃãÆ7W'&VçEöWö6…öf–ÆUö–çFVw&—G•öæ÷E÷FV×÷&Åö6ö×&&–Æ—G£#"Ãã33cS“““““““Sƒs2ÃÃãÆ7W'&VçEöWö6…öf–ÆUö–çFVw&—G•öæ÷E÷FV×÷&Åö6ö×&&–Æ—G£#2ÂÓãCC“““““““s“CS"ÃÃãÆ7W'&VçEöWö6…öf–ÆUö–çFVw&—G•öæ÷E÷FV×÷&Åö6ö×&&–Æ—G£#BÃãCSC““““““ssƒ#bÃÃãÆ7W'&VçEöWö6…öf–ÆUö–çFVw&—G•öæ÷E÷FV×÷&Åö6ö×&&–Æ—G£#RÂÓãs3CS“““““““c3RÃÃãÆ7W'&VçEöWö6…öf–ÆUö–çFVw&—G•öæ÷E÷FV×÷&Åö6ö×&&–Æ—G£#bÂÓã3ƒ3s“““““““S“s#2ÃÃãÆ7W'&VçEöWö6…öf–ÆUö–çFVw&—G•öæ÷E÷FV×÷&Åö6ö×&&–Æ—G£#rÃãC3““““““““CC#cRÃÃãÆ7W'&VçEöWö6…öf–ÆUö–çFVw&—G•öæ÷E÷FV×÷&Åö6ö×&&–Æ—G£#‚Ãã33#s““““““sCcc‚ÃÃãÆ7W'&VçEöWö6…öf–ÆUö–çFVw&—G•öæ÷E÷FV×÷&Åö6ö×&&–Æ—G£#’ÂÓã3ƒ3“““““““CSSsbÃÃãÆ7W'&VçEöWö6…öf–ÆUö–çFVw&—G•öæ÷E÷FV×÷&Åö6ö×&&–Æ—G£#ÃãC“3c#““““““s#rÃÃãÆ7W'&VçEöWö6…öf–ÆUö–çFVw&—G•öæ÷E÷FV×÷&Åö6ö×&&–Æ—G£#ÂÓã#33ccƒCS#"ÃÃãÆ7W'&VçEöWö6…öf–ÆUö–çFVw&—G•öæ÷E÷FV×÷&Åö6ö×&&–Æ—G£#"ÃãCs#““““““““ƒ3s3RÃÃãÆ7W'&VçEöWö6…öf–ÆUö–çFVw&—G•öæ÷E÷FV×÷&Åö6ö×&&–Æ—G£#2ÃãCc#c“3ƒ3RÃÃãÆ7W'&VçEöWö6…öf–ÆUö–çFVw&—G•öæ÷E÷FV×÷&Åö6ö×&&–Æ—G£#BÂÓãs““CƒcsrÃÃãÆ7W'&VçEöWö6…öf–ÆUö–çFVw&—G•öæ÷E÷FV×÷&Åö6ö×&&–Æ—G£#RÂÓã##SSƒ#srÃÃãÆ7W'&VçEöWö6…öf–ÆUö–çFVw&—G•öæ÷E÷FV×÷&Åö6ö×&&–Æ—G£#bÃãC3ƒ““““““s#ccSrÃÃãÆ7W'&VçEöWö6…öf–ÆUö–çFVw&—G•öæ÷E÷FV×÷&Åö6ö×&&–Æ—G£#rÂÓã33“““““““cƒ3rÃÃãÆ7W'&VçEöWö6…öf–ÆUö–çFVw&—G•öæ÷E÷FV×÷&Åö6ö×&&–Æ—G£#‚ÂÓã3““ƒ#ƒcƒRÃÃãÆ7W'&VçEöWö6…öf–ÆUö–çFVw&—G•öæ÷E÷FV×÷&Åö6ö×&&–Æ—G£#’ÃãC3ƒC““““““3Ss3’ÃÃãÆ7W'&VçEöWö6…öf–ÆUö–çFVw&—G•öæ÷E÷FV×÷&Åö6ö×&&–Æ—G£##ÂÓãs“““““““3ƒcrÃÃãÆ7W'&VçEöWö6…öf–ÆUö–çFVw&—G•öæ÷E÷FV×÷&Åö6ö×&&–Æ—G£##Ãã#CS“““““““s#““bÃÃãÆ7W'&VçEöWö6…öf–ÆUö–çFVw&—G•öæ÷E÷FV×÷&Åö6ö×&&–Æ—G£##"Ãã3cS3C“3bÃÃãÆ7W'&VçEöWö6…öf–ÆUö–çFVw&—G•öæ÷E÷FV×÷&Åö6ö×&&–Æ—G£##2Ãã33#csrÃÃãÆ7W'&VçEöWö6…öf–ÆUö–çFVw&—G•öæ÷E÷FV×÷&Åö6ö×&&–Æ—G£##BÂÓãcSSƒs“3SBÃÃãÆ7W'&VçEöWö6…öf–ÆUö–çFVw&—G•öæ÷E÷FV×÷&Åö6ö×&&–Æ—G£##RÃãS3“Sƒ#ÃÃãÆ7W'&VçEöWö6…öf–ÆUö–çFVw&—G•öæ÷E÷FV×÷&Åö6ö×&&–Æ—G£##bÂÓã3Sc#“#ccrÃÃãÆ7W'&VçEöWö6…öf–ÆUö–çFVw&—G•öæ÷E÷FV×÷&Åö6ö×&&–Æ—G£##rÃã#cƒCCƒ#rÃÃãÆ7W'&VçEöWö6…öf–ÆUö–çFVw&—G•öæ÷E÷FV×÷&Åö6ö×&&–Æ—G£##‚Ãã#3s#3#3bÃÃãÆ7W'&VçEöWö6…öf–ÆUö–çFVw&—G•öæ÷E÷FV×÷&Åö6ö×&&–Æ—G£##’Ãã#Cc“““““““s3“##“rÃÃãÆ7W'&VçEöWö6…öf–ÆUö–çFVw&—G•öæ÷E÷FV×÷&Åö6ö×&&–Æ—G£#3Ãã33ScS““““““sS‚ÃÃãÆ7W'&VçEöWö6…öf–ÆUö–çFVw&—G•öæ÷E÷FV×÷&Åö6ö×&&–Æ—G£#3ÂÓã#c“““““““S#“cƒ"ÃÃãÆ7W'&VçEöWö6…öf–ÆUö–çFVw&—G•öæ÷E÷FV×÷&Åö6ö×&&–Æ—G£#3"ÂÓã#“ƒ3#C#ƒÃÃãÆ7W'&VçEöWö6…öf–ÆUö–çFVw&—G•öæ÷E÷FV×÷&Åö6ö×&&–Æ—G£#32ÂÓãC#“““““““SsS2ÃÃãÆ7W'&VçEöWö6…öf–ÆUö–çFVw&—G•öæ÷E÷FV×÷&Åö6ö×&&–Æ—G£#3BÂÓãCƒSCC#3s‚ÃÃãÆ7W'&VçEöWö6…öf–ÆUö–çFVw&—G•öæ÷E÷FV×÷&Åö6ö×&&–Æ—G£#3RÃã3SS“““““““CSS"ÃÃãÆ7W'&VçEöWö6…öf–ÆUö–çFVw&—G•öæ÷E÷FV×÷&Åö6ö×&&–Æ—G£#3bÃãSCC33sscSÃÃãÆ7W'&VçEöWö6…öf–ÆUö–çFVw&—G•öæ÷E÷FV×÷&Åö6ö×&&–Æ—G£#3rÃã3ƒc““““““CS#3ƒ#2ÃÃãÆ7W'&VçEöWö6…öf–ÆUö–çFVw&—G•öæ÷E÷FV×÷&Åö6ö×&&–Æ—G£#3‚ÂÓã3cS“““““““c#SBÃÃãÆ7W'&VçEöWö6…öf–ÆUö–çFVw&—G•öæ÷E÷FV×÷&Åö6ö×&&–Æ—G£#3’Ãã#s“3““““““““CC"ÃÃãÆ7W'&VçEöWö6…öf–ÆUö–çFVw&—G•öæ÷E÷FV×÷&Åö6ö×&&–Æ—G£#CÂÓãƒScS3bÃÃãÆ7W'&VçEöWö6…öf–ÆUö–çFVw&—G•öæ÷E÷FV×÷&Åö6ö×&&–Æ—G£#CÂÓã3cƒ3““““““ssSSSÃÃãÆ7W'&VçEöWö6…öf–ÆUö–çFVw&—G•öæ÷E÷FV×÷&Åö6ö×&&–Æ—G£#C"ÂÓãCSs#3BÃÃãÆ7W'&VçEöWö6…öf–ÆUö–çFVw&—G•öæ÷E÷FV×÷&Åö6ö×&&–Æ—G£#C2ÂÓãs3C“““““““ƒc3"ÃÃãÆ7W'&VçEöWö6…öf–ÆUö–çFVw&—G•öæ÷E÷FV×÷&Åö6ö×&&–Æ—G£#CBÂÓãC#cS3“rÃÃãÆ7W'&VçEöWö6…öf–ÆUö–çFVw&—G•öæ÷E÷FV×÷&Åö6ö×&&–Æ—G£#CRÂÓã3Sƒ““““““ƒƒ3#RÃÃãÆ7W'&VçEöWö6…öf–ÆUö–çFVw&—G•öæ÷E÷FV×÷&Åö6ö×&&–Æ—G£#CbÂÓãSS#C3#S“’ÃÃãÆ7W'&VçEöWö6…öf–ÆUö–çFVw&—G•öæ÷E÷FV×÷&Åö6ö×&&–Æ—G£#CrÃã#Ss““““““s“s“2ÃÃãÆ7W'&VçEöWö6…öf–ÆUö–çFVw&—G•öæ÷E÷FV×÷&Åö6ö×&&–Æ—G£#C‚ÃãCƒSS33‚ÃÃãÆ7W'&VçEöWö6…öf–ÆUö–çFVw&—G•öæ÷E÷FV×÷&Åö6ö×&&–Æ—G£#C’Ãã3S#“““““““3ƒ““ƒBÃÃãÆ7W'&VçEöWö6…öf–ÆUö–çFVw&—G•öæ÷E÷FV×÷&Åö6ö×&&–Æ—G£#SÃãƒCS“SCbÃÃãÆ7W'&VçEöWö6…öf–ÆUö–çFVw&—G•öæ÷E÷FV×÷&Åö6ö×&&–Æ—G£#SÃãCƒcCC#3‚ÃÃãÆ7W'&VçEöWö6…öf–ÆUö–çFVw&—G•öæ÷E÷FV×÷&Åö6ö×&&–Æ—G£#S"ÃãC3c33sc‚ÃÃãÆ7W'&VçEöWö6…öf–ÆUö–çFVw&—G•öæ÷E÷FV×÷&Åö6ö×&&–Æ—G£#S2ÂÓãcƒS“““““““ƒc“cRÃÃãÆ7W'&VçEöWö6…öf–ÆUö–çFVw&—G•öæ÷E÷FV×÷&Åö6ö×&&–Æ—G£#SBÃã“sƒ###“3RÃÃãÆ7W'&VçEöWö6…öf–ÆUö–çFVw&—G•öæ÷E÷FV×÷&Åö6ö×&&–Æ—G£#SRÃãCƒ“““““““ƒ“Sc“bÃÃãÆ7W'&VçEöWö6…öf–ÆUö–çFVw&—G•öæ÷E÷FV×÷&Åö6ö×&&–Æ—G£#SbÃãcSS#s“3“rÃÃãÆ7W'&VçEöWö6…öf–ÆUö–çFVw&—G•öæ÷E÷FV×÷&Åö6ö×&&–Æ—G£#SrÂÓãS#sƒ““““““#ƒ“RÃÃãÆ7W'&VçEöWö6…öf–ÆUö–çFVw&—G•öæ÷E÷FV×÷&Åö6ö×&&–Æ—G£#S‚ÂÓãS#““““““Ccs#ƒ2ÃÃãÆ7W'&VçEöWö6…öf–ÆUö–çFVw&—G•öæ÷E÷FV×÷&Åö6ö×&&–Æ—G£#S’ÂÓã#3“““““““sSsƒSc2ÃÃãÆ7W'&VçEöWö6…öf–ÆUö–çFVw&—G•öæ÷E÷FV×÷&Åö6ö×&&–Æ—G£#cÂÓãC“s““““““““#3cbÃÃãÆ7W'&VçEöWö6…öf–ÆUö–çFVw&—G•öæ÷E÷FV×÷&Åö6ö×&&–Æ—G£#cÃãS“cssscSC2ÃÃãÆ7W'&VçEöWö6…öf–ÆUö–çFVw&—G•öæ÷E÷FV×÷&Åö6ö×&&–Æ—G£#c"ÂÓã#sc““““““S“RÃÃãÆ7W'&VçEöWö6…öf–ÆUö–çFVw&—G•öæ÷E÷FV×÷&Åö6ö×&&–Æ—G£#c2ÂÓã#CC#““““““CSs“rÃÃãÆ7W'&VçEöWö6…öf–ÆUö–çFVw&—G•öæ÷E÷FV×÷&Åö6ö×&&–Æ—G£#cBÃã3ƒc““““““SS“33BÃÃãÆ7W'&VçEöWö6…öf–ÆUö–çFVw&—G•öæ÷E÷FV×÷&Åö6ö×&&–Æ—G£#cRÂÓã#3ƒs““““““Sc“s2ÃÃãÆ7W'&VçEöWö6…öf–ÆUö–çFVw&—G•öæ÷E÷FV×÷&Åö6ö×&&–Æ—G£#cbÂÓã“ƒ““““““““CC"ÃÃãÆ7W'&VçEöWö6…öf–ÆUö–çFVw&—G•öæ÷E÷FV×÷&Åö6ö×&&–Æ—G£#crÃãC3C#sƒƒBÃÃãÆ7W'&VçEöWö6…öf–ÆUö–çFVw&—G•öæ÷E÷FV×÷&Åö6ö×&&–Æ—G£#c‚ÂÓãC#Cƒs“c#‚ÃÃãÆ7W'&VçEöWö6…öf–ÆUö–çFVw&—G•öæ÷E÷FV×÷&Åö6ö×&&–Æ—G£#c’ÃãSc“““““““C#C“ƒ2ÃÃãÆ7W'&VçEöWö6…öf–ÆUö–çFVw&—G•öæ÷E÷FV×÷&Åö6ö×&&–Æ—G£#sÃãCƒCcSC3C#rÃÃãÆ7W'&VçEöWö6…öf–ÆUö–çFVw&—G•öæ÷E÷FV×÷&Åö6ö×&&–Æ—G£#sÃãC3ƒ3ƒ““““““SscbÃÃãÆ7W'&VçEöWö6…öf–ÆUö–çFVw&—G•öæ÷E÷FV×÷&Åö6ö×&&–Æ—G£#s"Ãã#ƒs3ƒSsc#bÃÃãÆ7W'&VçEöWö6…öf–ÆUö–çFVw&—G•öæ÷E÷FV×÷&Åö6ö×&&–Æ—G£#s2ÂÓãcS“““““““#sc’ÃÃãÆ7W'&VçEöWö6…öf–ÆUö–çFVw&—G•öæ÷E÷FV×÷&Åö6ö×&&–Æ—G£#sBÂÓãC“ss3“scsRÃÃãÆ7W'&VçEöWö6…öf–ÆUö–çFVw&—G•öæ÷E÷FV×÷&Åö6ö×&&–Æ—G£#sRÂÓãCSc3ccC32ÃÃãÆ7W'&VçEöWö6…öf–ÆUö–çFVw&—G•öæ÷E÷FV×÷&Åö6ö×&&–Æ—G£#sbÃãCss““““““““3CƒÃÃãÆ7W'&VçEöWö6…öf–ÆUö–çFVw&—G•öæ÷E÷FV×÷&Åö6ö×&&–Æ—G£#srÂÓã3Ss““cSRÃÃãÆ7W'&VçEöWö6…öf–ÆUö–çFVw&—G•öæ÷E÷FV×÷&Åö6ö×&&–Æ—G£#s‚ÂÓã3#cCs"ÃÃãÆ7W'&VçEöWö6…öf–ÆUö–çFVw&—G•öæ÷E÷FV×÷&Åö6ö×&&–Æ—G£#s’ÂÓã“CC33““bÃÃãÆ7W'&VçEöWö6…öf–ÆUö–çFVw&—G•öæ÷E÷FV×÷&Åö6ö×&&–Æ—G£#ƒÂÓã#3“3“rÃÃãÆ7W'&VçEöWö6…öf–ÆUö–çFVw&—G•öæ÷E÷FV×÷&Åö6ö×&&–Æ—G£#ƒÂÓãƒ#c“SrÃÃãÆ7W'&VçEöWö6…öf–ÆUö–çFVw&—G•öæ÷E÷FV×÷&Åö6ö×&&–Æ—G£#ƒ"ÂÓãCs#3“scsRÃÃãÆ7W'&VçEöWö6…öf–ÆUö–çFVw&—G•öæ÷E÷FV×÷&Åö6ö×&&–Æ—G£#ƒ2Ãã“ƒSScƒc‚ÃÃãÆ7W'&VçEöWö6…öf–ÆUö–çFVw&—G•öæ÷E÷FV×÷&Åö6ö×&&–Æ—G£#ƒBÃã333#““““““s###32ÃÃãÆ7W'&VçEöWö6…öf–ÆUö–çFVw&—G•öæ÷E÷FV×÷&Åö6ö×&&–Æ—G£#ƒRÃã#“S“““““““#““‚ÃÃãÆ7W'&VçEöWö6…öf–ÆUö–çFVw&—G•öæ÷E÷FV×÷&Åö6ö×&&–Æ—G£#ƒbÂÓã3ƒ3“““““““cƒS‚ÃÃãÆ7W'&VçEöWö6…öf–ÆUö–çFVw&—G•öæ÷E÷FV×÷&Åö6ö×&&–Æ—G£#ƒrÃã3#s“3ƒcRÃÃãÆ7W'&VçEöWö6…öf–ÆUö–çFVw&—G•öæ÷E÷FV×÷&Åö6ö×&&–Æ—G£#ƒ‚Ãã#CC#rÃÃãÆ7W'&VçEöWö6…öf–ÆUö–çFVw&—G•öæ÷E÷FV×÷&Åö6ö×&&–Æ—G£#ƒ’Ãã#C“###“rÃÃãÆ7W'&VçEöWö6…öf–ÆUö–çFVw&—G•öæ÷E÷FV×÷&Åö6ö×&&–Æ—G£#“ÃãCS#“C"ÃÃãÆ7W'&VçEöWö6…öf–ÆUö–çFVw&—G•öæ÷E÷FV×÷&Åö6ö×&&–Æ—G£#“Ãã“#“Ss3“BÃÃãÆ7W'&VçEöWö6…öf–ÆUö–çFVw&—G•öæ÷E÷FV×÷&Åö6ö×&&–Æ—G£#“"ÂÓãSscS“#bÃÃãÆ7W'&VçEöWö6…öf–ÆUö–çFVw&—G•öæ÷E÷FV×÷&Åö6ö×&&–Æ—G£#“2ÂÓãSSscCcCRÃÃãÆ7W'&VçEöWö6…öf–ÆUö–çFVw&—G•öæ÷E÷FV×÷&Åö6ö×&&–Æ—G£#“BÃã“#c“Cc3bÃÃãÆ7W'&VçEöWö6…öf–ÆUö–çFVw&—G•öæ÷E÷FV×÷&Åö6ö×&&–Æ—G£#“RÂÓãScc“““““““c3csƒBÃÃãÆ7W'&VçEöWö6…öf–ÆUö–çFVw&—G•öæ÷E÷FV×÷&Åö6ö×&&–Æ—G£#“bÂÓã#sSC3sƒ"ÃÃãÆ7W'&VçEöWö6…öf–ÆUö–çFVw&—G•öæ÷E÷FV×÷&Åö6ö×&&–Æ—G£#“rÃãƒ##C3ss#"ÃÃãÆ7W'&VçEöWö6…öf–ÆUö–çFVw&—G•öæ÷E÷FV×÷&Åö6ö×&&–Æ—G£#“‚ÂÓãC3s“Scƒ#“BÃÃãÆ7W'&VçEöWö6…öf–ÆUö–çFVw&—G•öæ÷E÷FV×÷&Åö6ö×&&–Æ—G£#“’ÃãCcsc#3ƒ3RÃÃãÆ7W'&VçEöWö6…öf–ÆUö–çFVw&—G•öæ÷E÷FV×÷&Åö6ö×&&–Æ—G£3Ãã33“““““““ƒS“ƒƒBÃÃãÆ7W'&VçEöWö6…öf–ÆUö–çFVw&—G•öæ÷E÷FV×÷&Åö6ö×&&–Æ—G£3ÂÓãC3ssC““““““s3##CRÃÃãÆ7W'&VçEöWö6…öf–ÆUö–çFVw&—G•öæ÷E÷FV×÷&Åö6ö×&&–Æ—G£3"ÂÓãcs“““““““CsƒBÃÃãÆ7W'&VçEöWö6…öf–ÆUö–çFVw&—G•öæ÷E÷FV×÷&Åö6ö×&&–Æ—G£32Ãã#cƒCƒrÃÃãÆ7W'&VçEöWö6…öf–ÆUö–çFVw&—G•öæ÷E÷FV×÷&Åö6ö×&&–Æ—G£3BÃã#“S“““““““cssÃÃãÆ7W'&VçEöWö6…öf–ÆUö–çFVw&—G•öæ÷E÷FV×÷&Åö6ö×&&–Æ—G£3RÂÓãC#““““““c#3sCSrÃÃãÆ7W'&VçEöWö6…öf–ÆUö–çFVw&—G•öæ÷E÷FV×÷&Åö6ö×&&–Æ—G£3bÂÓã3#ƒ##3CSRÃÃãÆ7W'&VçEöWö6…öf–ÆUö–çFVw&—G•öæ÷E÷FV×÷&Åö6ö×&&–Æ—G£3rÃãCsSSC3rÃÃãÆ7W'&VçEöWö6…öf–ÆUö–çFVw&—G•öæ÷E÷FV×÷&Åö6ö×&&–Æ—G£3‚Ãã“3Sƒcs32ÃÃãÆ7W'&VçEöWö6…öf–ÆUö–çFVw&—G•öæ÷E÷FV×÷&Åö6ö×&&–Æ—G£3’ÃãCScSSƒs“BÃÃãÆ7W'&VçEöWö6…öf–ÆUö–çFVw&—G•öæ÷E÷FV×÷&Åö6ö×&&–Æ—G£3ÂÓãs“ƒcs“ƒcRÃÃãÆ7W'&VçEöWö6…öf–ÆUö–çFVw&—G•öæ÷E÷FV×÷&Åö6ö×&&–Æ—G£3ÂÓãC3#““““““ƒc#3“rÃÃãÆ7W'&VçEöWö6…öf–ÆUö–çFVw&—G•öæ÷E÷FV×÷&Åö6ö×&&–Æ—G£3"ÂÓã#“ƒƒC“““““““#"ÃÃãÆ7W'&VçEöWö6…öf–ÆUö–çFVw&—G•öæ÷E÷FV×÷&Åö6ö×&&–Æ—G£32ÂÓã3“s#cC“3"ÃÃãÆ7W'&VçEöWö6…öf–ÆUö–çFVw&—G•öæ÷E÷FV×÷&Åö6ö×&&–Æ—G£3BÃã3S3“33’ÃÃãÆ7W'&VçEöWö6…öf–ÆUö–çFVw&—G•öæ÷E÷FV×÷&Åö6ö×&&–Æ—G£3RÃãCC#ƒƒ“SƒRÃÃãÆ7W'&VçEöWö6…öf–ÆUö–çFVw&—G•öæ÷E÷FV×÷&Åö6ö×&&–Æ—G£3bÃãC“cƒ##c3BÃÃãÆ7W'&VçEöWö6…öf–ÆUö–çFVw&—G•öæ÷E÷FV×÷&Åö6ö×&&–Æ—G£3rÂÓãCcCƒS3“3CƒBÃÃãÆ7W'&VçEöWö6…öf–ÆUö–çFVw&—G•öæ÷E÷FV×÷&Åö6ö×&&–Æ—G£3‚ÃãC#“““““““““3SÃÃãÆ7W'&VçEöWö6…öf–ÆUö–çFVw&—G•öæ÷E÷FV×÷&Åö6ö×&&–Æ—G£3’ÂÓãsc“3CCƒ"ÃÃãÆ7W'&VçEöWö6…öf–ÆUö–çFVw&—G•öæ÷E÷FV×÷&Åö6ö×&&–Æ—G£3#ÃãC“ƒ“““““““3c#CBÃÃãÆ7W'&VçEöWö6…öf–ÆUö–çFVw&—G•öæ÷E÷FV×÷&Åö6ö×&&–Æ—G£3#Ãã3S“““““““sscC‚ÃÃãÆ7W'&VçEöWö6…öf–ÆUö–çFVw&—G•öæ÷E÷FV×÷&Åö6ö×&&–Æ—G£3#"ÃãCscS33ƒ"ÃÃãÆ7W'&VçEöWö6…öf–ÆUö–çFVw&—G•öæ÷E÷FV×÷&Åö6ö×&&–Æ—G£3#2Ããƒ“““““““cƒSssBÃÃãÆ7W'&VçEöWö6…öf–ÆUö–çFVw&—G•öæ÷E÷FV×÷&Åö6ö×&&–Æ—G£3#BÂÓã#C##CcƒS“"ÃÃãÆ7W'&VçEöWö6…öf–ÆUö–çFVw&—G•öæ÷E÷FV×÷&Åö6ö×&&–Æ—G£3#RÂÓã3sc“3#3sRÃÃãÆ7W'&VçEöWö6…öf–ÆUö–çFVw&—G•öæ÷E÷FV×÷&Åö6ö×&&–Æ—G£3#bÃã#C““““““ƒ#ƒc3cbÃÃãÆ7W'&VçEöWö6…öf–ÆUö–çFVw&—G•öæ÷E÷FV×÷&Åö6ö×&&–Æ—G£3#rÃãCc“#3#C#cÃÃãÆ7W'&VçEöWö6…öf–ÆUö–çFVw&—G•öæ÷E÷FV×÷&Åö6ö×&&–Æ—G£3#‚ÂÓãCCc““““““sƒ3#3RÃÃãÆ7W'&VçEöWö6…öf–ÆUö–çFVw&—G•öæ÷E÷FV×÷&Åö6ö×&&–Æ—G£3#’Ãã#cSS3C#ƒ’ÃÃãÆ7W'&VçEöWö6…öf–ÆUö–çFVw&—G•öæ÷E÷FV×÷&Åö6ö×&&–Æ—G£33ÂÓã#““C““““““csS"ÃÃãÆ7W'&VçEöWö6…öf–ÆUö–çFVw&—G•öæ÷E÷FV×÷&Åö6ö×&&–Æ—G£33Ãã3“3“““““““C##S"ÃÃãÆ7W'&VçEöWö6…öf–ÆUö–çFVw&—G•öæ÷E÷FV×÷&Åö6ö×&&–Æ—G£33"ÃãCCƒ#““““““ƒ“3RÃÃãÆ7W'&VçEöWö6…öf–ÆUö–çFVw&—G•öæ÷E÷FV×÷&Åö6ö×&&–Æ—G£332ÂÓãƒƒ“““““““3Ss3ƒrÃÃãÆ7W'&VçEöWö6…öf–ÆUö–çFVw&—G•öæ÷E÷FV×÷&Åö6ö×&&–Æ—G£33BÃãƒs#“““““““SRÃÃãÆ7W'&VçEöWö6…öf–ÆUö–çFVw&—G•öæ÷E÷FV×÷&Åö6ö×&&–Æ—G£33RÂÓã3“s#““““““S3#CsbÃÃãÆ7W'&VçEöWö6…öf–ÆUö–çFVw&—G•öæ÷E÷FV×÷&Åö6ö×&&–Æ—G£33bÃã#C3cc‚ÃÃãÆ7W'&VçEöWö6…öf–ÆUö–çFVw&—G•öæ÷E÷FV×÷&Åö6ö×&&–Æ—G£33rÂÓã#s33ssƒbÃÃãÆ7W'&VçEöWö6…öf–ÆUö–çFVw&—G•öæ÷E÷FV×÷&Åö6ö×&&–Æ—G£33‚ÂÓãCcCcs2ÃÃãÆ7W'&VçEöWö6…öf–ÆUö–çFVw&—G•öæ÷E÷FV×÷&Åö6ö×&&–Æ—G£33’ÃãCƒCSc’ÃÃãÆ7W'&VçEöWö6…öf–ÆUö–çFVw&—G•öæ÷E÷FV×÷&Åö6ö×&&–Æ—G£3CÃã#sƒ“Cs“c2ÃÃãÆ7W'&VçEöWö6…öf–ÆUö–çFVw&—G•öæ÷E÷FV×÷&Åö6ö×&&–Æ—G£3CÃãC3CC““““““#s3SrÃÃãÆ7W'&VçEöWö6…öf–ÆUö–çFVw&—G•öæ÷E÷FV×÷&Åö6ö×&&–Æ—G£3C"ÂÓãS3S““““““3ƒc"ÃÃãÆ7W'&VçEöWö6…öf–ÆUö–çFVw&—G•öæ÷E÷FV×÷&Åö6ö×&&–Æ—G£3C2ÂÓãC3s#C3“SƒBÃÃãÆ7W'&VçEöWö6…öf–ÆUö–çFVw&—G•öæ÷E÷FV×÷&Åö6ö×&&–Æ—G£3CBÂÓã3“S3#c‚ÃÃãÆ7W'&VçEöWö6…öf–ÆUö–çFVw&—G•öæ÷E÷FV×÷&Åö6ö×&&–Æ—G£3CRÂÓãSƒ“““““““#“#3BÃÃãÆ7W'&VçEöWö6…öf–ÆUö–çFVw&—G•öæ÷E÷FV×÷&Åö6ö×&&–Æ—G£3CbÃã3##3C"ÃÃãÆ7W'&VçEöWö6…öf–ÆUö–çFVw&—G•öæ÷E÷FV×÷&Åö6ö×&&–Æ—G£3CrÃã3““s#csSBÃÃãÆ7W'&VçEöWö6…öf–ÆUö–çFVw&—G•öæ÷E÷FV×÷&Åö6ö×&&–Æ—G£3C‚Ãã3“CS““““““““c#sRÃÃãÆ7W'&VçEöWö6…öf–ÆUö–çFVw&—G•öæ÷E÷FV×÷&Åö6ö×&&–Æ—G£3C’ÃãC““““““““ƒƒ3SƒCrÃÃãÆ7W'&VçEöWö6…öf–ÆUö–çFVw&—G•öæ÷E÷FV×÷&Åö6ö×&&–Æ—G£3SÃãCƒ#3““““““SS#RÃÃãÆ7W'&VçEöWö6…öf–ÆUö–çFVw&—G•öæ÷E÷FV×÷&Åö6ö×&&–Æ—G£3SÂÓã#333“““““““3ccrÃÃãÆ7W'&VçEöWö6…öf–ÆUö–çFVw&—G•öæ÷E÷FV×÷&Åö6ö×&&–Æ—G£3S"ÂÓãƒ3CC#ScÃÃãÆ7W'&VçEöWö6…öf–ÆUö–çFVw&—G•öæ÷E÷FV×÷&Åö6ö×&&–Æ—G£3S2ÂÓãCcC“#ƒcbÃÃãÆ7W'&VçEöWö6…öf–ÆUö–çFVw&—G•öæ÷E÷FV×÷&Åö6ö×&&–Æ—G£3SBÂÓã#c“““““““s#BÃÃãÆ7W'&VçEöWö6…öf–ÆUö–çFVw&—G•öæ÷E÷FV×÷&Åö6ö×&&–Æ—G£3SRÂÓãC3SSsRÃÃãÆ7W'&VçEöWö6…öf–ÆUö–çFVw&—G•öæ÷E÷FV×÷&Åö6ö×&&–Æ—G£3SbÂÓã#sC3ƒƒ“2ÃÃãÆ7W'&VçEöWö6…öf–ÆUö–çFVw&—G•öæ÷E÷FV×÷&Åö6ö×&&–Æ—G£3SrÃãƒS3“““““““c#“s“’ÃÃãÆ7W'&VçEöWö6…öf–ÆUö–çFVw&—G•öæ÷E÷FV×÷&Åö6ö×&&–Æ—G£3S‚ÂÓãSsƒƒ““‚ÃÃãÆ7W'&VçEöWö6…öf–ÆUö–çFVw&—G•öæ÷E÷FV×÷&Åö6ö×&&–Æ—G£3S’ÂÓãCC“cS““““““ƒC#‚ÃÃãÆ7W'&VçEöWö6…öf–ÆUö–çFVw&—G•öæ÷E÷FV×÷&Åö6ö×&&–Æ—G£3cÂÓã3sCS““““““sSs3’ÃÃãÆ7W'&VçEöWö6…öf–ÆUö–çFVw&—G•öæ÷E÷FV×÷&Åö6ö×&&–Æ—G£3cÂÓã#s“3““““““““CC"ÃÃãÆ7W'&VçEöWö6…öf–ÆUö–çFVw&—G•öæ÷E÷FV×÷&Åö6ö×&&–Æ—G£3c"Ãã#CC“““““““#SC“C"ÃÃãÆ7W'&VçEöWö6…öf–ÆUö–çFVw&—G•öæ÷E÷FV×÷&Åö6ö×&&–Æ—G£3c2Ãã#CcƒCsSBÃÃãÆ7W'&VçEöWö6…öf–ÆUö–çFVw&—G•öæ÷E÷FV×÷&Åö6ö×&&–Æ—G£3cBÃãSS“““““““sCSS‚ÃÃãÆ7W'&VçEöWö6…öf–ÆUö–çFVw&—G•öæ÷E÷FV×÷&Åö6ö×&&–Æ—G£3cRÃãƒs3s““““““s#c’ÃÃãÆ7W'&VçEöWö6…öf–ÆUö–çFVw&—G•öæ÷E÷FV×÷&Åö6ö×&&–Æ—G£3cbÃãC3C“#CbÃÃãÆ7W'&VçEöWö6…öf–ÆUö–çFVw&—G•öæ÷E÷FV×÷&Åö6ö×&&–Æ—G£3crÃãsSƒƒ““““““ƒcc“’ÃÃãÆ7W'&VçEöWö6…öf–ÆUö–çFVw&—G•öæ÷E÷FV×÷&Åö6ö×&&–Æ—G£3c‚ÂÓãSCS““““““sCcÃÃãÆ7W'&VçEöWö6…öf–ÆUö–çFVw&—G•öæ÷E÷FV×÷&Åö6ö×&&–Æ—G£3c’ÂÓãc#S““““““cSc3C"ÃÃãÆ7W'&VçEöWö6…öf–ÆUö–çFVw&—G•öæ÷E÷FV×÷&Åö6ö×&&–Æ—G£3sÂÓãC“c3s3rÃÃãÆ7W'&VçEöWö6…öf–ÆUö–çFVw&—G•öæ÷E÷FV×÷&Åö6ö×&&–Æ—G£3sÃã##c“ƒsSCC2ÃÃãÆ7W'&VçEöWö6…öf–ÆUö–çFVw&—G•öæ÷E÷FV×÷&Åö6ö×&&–Æ—G£3s"Ãã3ƒc33S#sbÃÃãÆ7W'&VçEöWö6…öf–ÆUö–çFVw&—G•öæ÷E÷FV×÷&Åö6ö×&&–Æ—G£3s2ÂÓãƒ3#2ÃÃãÆ7W'&VçEöWö6…öf–ÆUö–çFVw&—G•öæ÷E÷FV×÷&Åö6ö×&&–Æ—G£3sBÃãCsSs#““““““ƒ#“33RÃÃãÆ7W'&VçEöWö6…öf–ÆUö–çFVw&—G•öæ÷E÷FV×÷&Åö6ö×&&–Æ—G£3sRÂÓãccScc3ScrÃÃãÆ7W'&VçEöWö6…öf–ÆUö–çFVw&—G•öæ÷E÷FV×÷&Åö6ö×&&–Æ—G£3sbÂÓã3“#ƒCC33bÃÃãÆ7W'&VçEöWö6…öf–ÆUö–çFVw&—G•öæ÷E÷FV×÷&Åö6ö×&&–Æ—G£3srÃã3ƒs“““““““ƒƒƒ#BÃÃãÆ7W'&VçEöWö6…öf–ÆUö–çFVw&—G•öæ÷E÷FV×÷&Åö6ö×&&–Æ—G£3s‚ÂÓãCScƒ“““““““#‚ÃÃãÆ7W'&VçEöWö6…öf–ÆUö–çFVw&—G•öæ÷E÷FV×÷&Åö6ö×&&–Æ—G£3s’Ãã3C“33ccs2ÃÃãÆ7W'&VçEöWö6…öf–ÆUö–çFVw&—G•öæ÷E÷FV×÷&Åö6ö×&&–Æ—G£3ƒÂÓãs#“““““““c3RÃÃãÆ7W'&VçEöWö6…öf–ÆUö–çFVw&—G•öæ÷E÷FV×÷&Åö6ö×&&–Æ—G£3ƒÂÓãCcƒ“ƒ“cbÃÃãÆ7W'&VçEöWö6…öf–ÆUö–çFVw&—G•öæ÷E÷FV×÷&Åö6ö×&&–Æ—G£3ƒ"Ãã#C#s#SCSrÃÃãÆ7W'&VçEöWö6…öf–ÆUö–çFVw&—G•öæ÷E÷FV×÷&Åö6ö×&&–Æ—G£3ƒ2ÂÓãCSS“““““““cc“3‚ÃÃãÆ7W'&VçEöWö6…öf–ÆUö–çFVw&—G•öæ÷E÷FV×÷&Åö6ö×&&–Æ—G£3ƒRÂÓã“C““““““3““#“rÃÃãÆ7W'&VçEöWö6…öf–ÆUö–çFVw&—G•öæ÷E÷FV×÷&Åö6ö×&&–Æ—G£3ƒbÂÓãSC3““““““““CC"ÃÃãÆ7W'&VçEöWö6…öf–ÆUö–çFVw&—G•öæ÷E÷FV×÷&Åö6ö×&&–Æ—G£3ƒrÃã#Ss3C“““““““ƒc2ÃÃãÆ7W'&VçEöWö6…öf–ÆUö–çFVw&—G•öæ÷E÷FV×÷&Åö6ö×&&–Æ—G£3ƒ‚ÂÓã#C3C“““““““cƒSc‚ÃÃãÆ7W'&VçEöWö6…öf–ÆUö–çFVw&—G•öæ÷E÷FV×÷&Åö6ö×&&–Æ—G£3ƒ’ÃãCƒS“““““““SS#“cRÃÃãÆ7W'&VçEöWö6…öf–ÆUö–çFVw&—G•öæ÷E÷FV×÷&Åö6ö×&&–Æ—G£3“ÃãcC#3c’ÃÃãÆ7W'&VçEöWö6…öf–ÆUö–çFVw&—G•öæ÷E÷FV×÷&Åö6ö×&&–Æ—G£3“ÂÓãSc“csƒ“‚ÃÃãÆ7W'&VçEöWö6…öf–ÆUö–çFVw&—G•öæ÷E÷FV×÷&Åö6ö×&&–Æ—G£3“"Ãã#c#ƒƒ““““““ƒS2ÃÃãÆ7W'&VçEöWö6…öf–ÆUö–çFVw&—G•öæ÷E÷FV×÷&Åö6ö×&&–Æ—G£3“2ÃãcS“s“bÃÃãÆ7W'&VçEöWö6…öf–ÆUö–çFVw&—G•öæ÷E÷FV×÷&Åö6ö×&&–Æ—G£3“BÂÓã3sƒSSƒƒbÃÃãÆ7W'&VçEöWö6…öf–ÆUö–çFVw&—G•öæ÷E÷FV×÷&Åö6ö×&&–Æ—G£3“RÂÓã##ScS#SBÃÃãÆ7W'&VçEöWö6…öf–ÆUö–çFVw&—G•öæ÷E÷FV×÷&Åö6ö×&&–Æ—G£3“bÃãC3c““““““ƒs#cBÃÃãÆ7W'&VçEöWö6…öf–ÆUö–çFVw&—G•öæ÷E÷FV×÷&Åö6ö×&&–Æ—G£3“rÃã33CC“s3#c2ÃÃãÆ7W'&VçEöWö6…öf–ÆUö–çFVw&—G•öæ÷E÷FV×÷&Åö6ö×&&–Æ—G£3“’Ãã3##“““““““#32ÃÃãÆ7W'&VçEöWö6…öf–ÆUö–çFVw&—G•öæ÷E÷FV×÷&Åö6ö×&&–Æ—G£CÂÓã#CSS““#ÃÃãÆ7W'&VçEöWö6…öf–ÆUö–çFVw&—G•öæ÷E÷FV×÷&Åö6ö×&&–Æ—G£CÂÓãC#Cƒ““““““cs“c#RÃÃãÆ7W'&VçEöWö6…öf–ÆUö–çFVw&—G•öæ÷E÷FV×÷&Åö6ö×&&–Æ—G£C"Ãã#c“S““““““““c#sCrÃÃãÆ7W'&VçEöWö6…öf–ÆUö–çFVw&—G•öæ÷E÷FV×÷&Åö6ö×&&–Æ—G£C2ÃãC“SsSƒrÃÃãÆ7W'&VçEöWö6…öf–ÆUö–çFVw&—G•öæ÷E÷FV×÷&Åö6ö×&&–Æ—G£CBÂÓã#3““““““““s“CS"ÃÃãÆ7W'&VçEöWö6…öf–ÆUö–çFVw&—G•öæ÷E÷FV×÷&Åö6ö×&&–Æ—G£CRÂÓã33S3cbÃÃãÆ7W'&VçEöWö6…öf–ÆUö–çFVw&—G•öæ÷E÷FV×÷&Åö6ö×&&–Æ—G£CbÂÓãS#cƒƒc3’ÃÃãÆ7W'&VçEöWö6…öf–ÆUö–çFVw&—G•öæ÷E÷FV×÷&Åö6ö×&&–Æ—G£CrÃã3Cs“SƒS‚ÃÃãÆ7W'&VçEöWö6…öf–ÆUö–çFVw&—G•öæ÷E÷FV×÷&Åö6ö×&&–Æ—G£C‚ÂÓãCC#c““““““3ƒCƒbÃÃãÆ7W'&VçEöWö6…öf–ÆUö–çFVw&—G•öæ÷E÷FV×÷&Åö6ö×&&–Æ—G£C’Ãã3c“cC#c#bÃÃãÆ7W'&VçEöWö6…öf–ÆUö–çFVw&—G•öæ÷E÷FV×÷&Åö6ö×&&–Æ—G£CÃãScc“““““““##s"ÃÃãÆ7W'&VçEöWö6…öf–ÆUö–çFVw&—G•öæ÷E÷FV×÷&Åö6ö×&&–Æ—G£CÃã##3ƒcCrÃÃãÆ7W'&VçEöWö6…öf–ÆUö–çFVw&—G•öæ÷E÷FV×÷&Åö6ö×&&–Æ—G£C"ÂÓãƒ#Sƒ“cRÃÃãÆ7W'&VçEöWö6…öf–ÆUö–çFVw&—G•öæ÷E÷FV×÷&Åö6ö×&&–Æ—G£C2ÃãCc“s“““““““ccCcbÃÃãÆ7W'&VçEöWö6…öf–ÆUö–çFVw&—G•öæ÷E÷FV×÷&Åö6ö×&&–Æ—G£CBÃãCƒSC3c332ÃÃãÆ7W'&VçEöWö6…öf–ÆUö–çFVw&—G•öæ÷E÷FV×÷&Åö6ö×&&–Æ—G£CRÃãC#ƒƒcÃÃãÆ7W'&VçEöWö6…öf–ÆUö–çFVw&—G•öæ÷E÷FV×÷&Åö6ö×&&–Æ—G£CbÃãSSs#ssRÃÃãÆ7W'&VçEöWö6…öf–ÆUö–çFVw&—G•öæ÷E÷FV×÷&Åö6ö×&&–Æ—G£CrÂÓãSƒ““““““““sCSbÃÃãÆ7W'&VçEöWö6…öf–ÆUö–çFVw&—G•öæ÷E÷FV×÷&Åö6ö×&&–Æ—G£C‚ÂÓã#CScS3ÃÃãÆ7W'&VçEöWö6…öf–ÆUö–çFVw&—G•öæ÷E÷FV×÷&Åö6ö×&&–Æ—G£C’Ãã3#s“3#RÃÃãÆ7W'&VçEöWö6…öf–ÆUö–çFVw&—G•öæ÷E÷FV×÷&Åö6ö×&&–Æ—G£C#ÂÓãC3#“Sc“RÃÃãÆ7W'&VçEöWö6…öf–ÆUö–çFVw&—G•öæ÷E÷FV×÷&Åö6ö×&&–Æ—G£C#ÂÓã3#3S#““““““C#s"ÃÃãÆ7W'&VçEöWö6…öf–ÆUö–çFVw&—G•öæ÷E÷FV×÷&Åö6ö×&&–Æ—G£C#"ÂÓã33C#ScBÃÃãÆ7W'&VçEöWö6…öf–ÆUö–çFVw&—G•öæ÷E÷FV×÷&Åö6ö×&&–Æ—G£C#2Ãã##S““““““ƒCccc‚ÃÃãÆ7W'&VçEöWö6…öf–ÆUö–çFVw&—G•öæ÷E÷FV×÷&Åö6ö×&&–Æ—G£C#BÂÓã“#““““““ƒsCs3rÃÃãÆ7W'&VçEöWö6…öf–ÆUö–çFVw&—G•öæ÷E÷FV×÷&Åö6ö×&&–Æ—G£C#RÂÓãC3#“C3C#3rÃÃãÆ7W'&VçEöWö6…öf–ÆUö–çFVw&—G•öæ÷E÷FV×÷&Åö6ö×&&–Æ—G£C#bÂÓãC3#CS3SSBÃÃãÆ7W'&VçEöWö6…öf–ÆUö–çFVw&—G•öæ÷E÷FV×÷&Åö6ö×&&–Æ—G£C#rÂÓã#cS“S““““““c““CbÃÃãÆ7W'&VçEöWö6…öf–ÆUö–çFVw&—G•öæ÷E÷FV×÷&Åö6ö×&&–Æ—G£C#‚Ãã3ƒ3CS““““““s#ƒS"ÃÃãÆ7W'&VçEöWö6…öf–ÆUö–çFVw&—G•öæ÷E÷FV×÷&Åö6ö×&&–Æ—G£C#’Ãã#“cC“““““““csC3rÃÃãÆ7W'&VçEöWö6…öf–ÆUö–çFVw&—G•öæ÷E÷FV×÷&Åö6ö×&&–Æ—G£C3Ãã3ccScS3ÃÃãÆ7W'&VçEöWö6…öf–ÆUö–çFVw&—G•öæ÷E÷FV×÷&Åö6ö×&&–Æ—G£C3ÂÓã3Sc#s3ƒc32ÃÃãÆ7W'&VçEöWö6…öf–ÆUö–çFVw&—G•öæ÷E÷FV×÷&Åö6ö×&&–Æ—G£C3"ÂÓã3#scƒs“bÃÃãÆ7W'&VçEöWö6…öf–ÆUö–çFVw&—G•öæ÷E÷FV×÷&Åö6ö×&&–Æ—G£C32ÂÓãCccC“bÃÃãÆ7W'&VçEöWö6…öf–ÆUö–çFVw&—G•öæ÷E÷FV×÷&Åö6ö×&&–Æ—G£C3BÃã3#S#C““““““CC#bÃÃãÆ7W'&VçEöWö6…öf–ÆUö–çFVw&—G•öæ÷E÷FV×÷&Åö6ö×&&–Æ—G£C3RÃã““““““““Scc“3RÃÃãÆ7W'&VçEöWö6…öf–ÆUö–çFVw&—G•öæ÷E÷FV×÷&Åö6ö×&&–Æ—G£C3bÃãCcC3c“RÃÃãÆ7W'&VçEöWö6…öf–ÆUö–çFVw&—G•öæ÷E÷FV×÷&Åö6ö×&&–Æ—G£C3rÂÓã33S#““““““sc““c32ÃÃãÆ7W'&VçEöWö6…öf–ÆUö–çFVw&—G•öæ÷E÷FV×÷&Åö6ö×&&–Æ—G£C3‚ÃãcCC#C#2ÃÃãÆ7W'&VçEöWö6…öf–ÆUö–çFVw&—G•öæ÷E÷FV×÷&Åö6ö×&&–Æ—G£C3’ÂÓãC3S#““““““S“S3BÃÃãÆ7W'&VçEöWö6…öf–ÆUö–çFVw&—G•öæ÷E÷FV×÷&Åö6ö×&&–Æ—G£CCÃã3sc33S3’ÃÃãÆ7W'&VçEöWö6…öf–ÆUö–çFVw&—G•öæ÷E÷FV×÷&Åö6ö×&&–Æ—G£CCÂÓãc““““““SsSsC’ÃÃãÆ7W'&VçEöWö6…öf–ÆUö–çFVw&—G•öæ÷E÷FV×÷&Åö6ö×&&–Æ—G£CC"ÂÓãC“s3csCrÃÃãÆ7W'&VçEöWö6…öf–ÆUö–çFVw&—G•öæ÷E÷FV×÷&Åö6ö×&&–Æ—G£CC2ÂÓã3sƒƒ3C“sbÃÃãÆ7W'&VçEöWö6…öf–ÆUö–çFVw&—G•öæ÷E÷FV×÷&Åö6ö×&&–Æ—G£CCBÂÓã3#““““““““c#sCrÃÃãÆ7W'&VçEöWö6…öf–ÆUö–çFVw&—G•öæ÷E÷FV×÷&Åö6ö×&&–Æ—G£CCRÂÓãs“ƒcs“ƒrÃÃãÆ7W'&VçEöWö6…öf–ÆUö–çFVw&—G•öæ÷E÷FV×÷&Åö6ö×&&–Æ—G£CCbÃãCƒcsƒScƒrÃÃãÆ7W'&VçEöWö6…öf–ÆUö–çFVw&—G•öæ÷E÷FV×÷&Åö6ö×&&–Æ—G£CCrÂÓãC“ƒ#C#BÃÃãÆ7W'&VçEöWö6…öf–ÆUö–çFVw&—G•öæ÷E÷FV×÷&Åö6ö×&&–Æ—G£CC‚ÃãCC3#““““““sc3CCBÃÃãÆ7W'&VçEöWö6…öf–ÆUö–çFVw&—G•öæ÷E÷FV×÷&Åö6ö×&&–Æ—G£CC’Ãã33““““““sƒ#s’ÃÃãÆ7W'&VçEöWö6…öf–ÆUö–çFVw&—G•öæ÷E÷FV×÷&Åö6ö×&&–Æ—G£CSÃã#CsƒC"ÃÃãÆ7W'&VçEöWö6…öf–ÆUö–çFVw&—G•öæ÷E÷FV×÷&Åö6ö×&&–Æ—G£CSÂÓãs3ƒ3#c‚ÃÃãÆ7W'&VçEöWö6…öf–ÆUö–çFVw&—G•öæ÷E÷FV×÷&Åö6ö×&&–Æ—G£CS"ÃãCƒƒ““““““s3S’ÃÃãÆ7W'&VçEöWö6…öf–ÆUö–çFVw&—G•öæ÷E÷FV×÷&Åö6ö×&&–Æ—G£CS2Ãã#C3c3#bÃÃãÆ7W'&VçEöWö6…öf–ÆUö–çFVw&—G•öæ÷E÷FV×÷&Åö6ö×&&–Æ—G£CSBÃã#s#3CSS#rÃÃãÆ7W'&VçEöWö6…öf–ÆUö–çFVw&—G•öæ÷E÷FV×÷&Åö6ö×&&–Æ—G£CSRÂÓãƒ3C##cc#RÃÃãÆ7W'&VçEöWö6…öf–ÆUö–çFVw&—G•öæ÷E÷FV×÷&Åö6ö×&&–Æ—G£CSbÃã#“#3#SC#RÃÃãÆ7W'&VçEöWö6…öf–ÆUö–çFVw&—G•öæ÷E÷FV×÷&Åö6ö×&&–Æ—G£CSrÃã3#cc#“C#“‚ÃÃãÆ7W'&VçEöWö6…öf–ÆUö–çFVw&—G•öæ÷E÷FV×÷&Åö6ö×&&–Æ—G£CS‚ÂÓã#3S#CCRÃÃãÆ7W'&VçEöWö6…öf–ÆUö–çFVw&—G•öæ÷E÷FV×÷&Åö6ö×&&–Æ—G£CS’ÂÓãC“Scs3ƒƒ3bÃÃãÆ7W'&VçEöWö6…öf–ÆUö–çFVw&—G•öæ÷E÷FV×÷&Åö6ö×&&–Æ—G£CcÃãCƒs3Cc“S#2ÃÃãÆ7W'&VçEöWö6…öf–ÆUö–çFVw&—G•öæ÷E÷FV×÷&Åö6ö×&&–Æ—G£CcÃã3“#c“““““““cc“3‚ÃÃãÆ7W'&VçEöWö6…öf–ÆUö–çFVw&—G•öæ÷E÷FV×÷&Åö6ö×&&–Æ—G£Cc"Ãã#s“ƒ““““““cC“ƒ##rÃÃãÆ7W'&VçEöWö6…öf–ÆUö–çFVw&—G•öæ÷E÷FV×÷&Åö6ö×&&–Æ—G£Cc2Ãã3“ƒ“““““““ƒS“’ÃÃãÆ7W'&VçEöWö6…öf–ÆUö–çFVw&—G•öæ÷E÷FV×÷&Åö6ö×&&–Æ—G£CcBÃãs“#““““““ƒƒƒsrÃÃãÆ7W'&VçEöWö6…öf–ÆUö–çFVw&—G•öæ÷E÷FV×÷&Åö6ö×&&–Æ—G£CcRÂÓãC33““““““css‚ÃÃãÆ7W'&VçEöWö6…öf–ÆUö–çFVw&—G•öæ÷E÷FV×÷&Åö6ö×&&–Æ—G£CcbÃãcS#3#ƒ2ÃÃãÆ7W'&VçEöWö6…öf–ÆUö–çFVw&—G•öæ÷E÷FV×÷&Åö6ö×&&–Æ—G£CcrÂÓã3Ss3c““““““sƒ““ƒrÃÃãÆ7W'&VçEöWö6…öf–ÆUö–çFVw&—G•öæ÷E÷FV×÷&Åö6ö×&&–Æ—G£Cc‚Ãã3Sƒ“““““““scCƒBÃÃãÆ7W'&VçEöWö6…öf–ÆUö–çFVw&—G•öæ÷E÷FV×÷&Åö6ö×&&–Æ—G£Cc’Ãã3ƒ3ƒ“ScBÃÃãÆ7W'&VçEöWö6…öf–ÆUö–çFVw&—G•öæ÷E÷FV×÷&Åö6ö×&&–Æ—G£CsÂÓãcƒ#““““““ƒCCCc“ÃÃãÆ7W'&VçEöWö6…öf–ÆUö–çFVw&—G•öæ÷E÷FV×÷&Åö6ö×&&–Æ—G£CsÂÓã“cS“““““““Scc“3RÃÃãÆ7W'&VçEöWö6…öf–ÆUö–çFVw&—G•öæ÷E÷FV×÷&Åö6ö×&&–Æ—G£Cs"ÂÓã3sƒs##“RÃÃãÆ7W'&VçEöWö6…öf–ÆUö–çFVw&—G•öæ÷E÷FV×÷&Åö6ö×&&–Æ—G£Cs2ÂÓã3s#sC““““““C““CBÃÃãÆ7W'&VçEöWö6…öf–ÆUö–çFVw&—G•öæ÷E÷FV×÷&Åö6ö×&&–Æ—G£CsBÃãƒC#ScBÃÃãÆ7W'&VçEöWö6…öf–ÆUö–çFVw&—G•öæ÷E÷FV×÷&Åö6ö×&&–Æ—G£CsRÃã3s3C3““““““SsS3rÃÃãÆ7W'&VçEöWö6…öf–ÆUö–çFVw&—G•öæ÷E÷FV×÷&Åö6ö×&&–Æ—G£CsbÂÓã#33““““““ƒsƒCc#BÃÃãÆ7W'&VçEöWö6…öf–ÆUö–çFVw&—G•öæ÷E÷FV×÷&Åö6ö×&&–Æ—G£CsrÃãS#s“““““““c#CƒbÃÃãÆ7W'&VçEöWö6…öf–ÆUö–çFVw&—G•öæ÷E÷FV×÷&Åö6ö×&&–Æ—G£Cs‚ÂÓã3ƒs““““““sS‚ÃÃãÆ7W'&VçEöWö6…öf–ÆUö–çFVw&—G•öæ÷E÷FV×÷&Åö6ö×&&–Æ—G£Cs’ÂÓãSC3s#S2ÃÃãÆ7W'&VçEöWö6…öf–ÆUö–çFVw&—G•öæ÷E÷FV×÷&Åö6ö×&&–Æ—G£CƒÃãC3sƒ““““““ƒc“ƒRÃÃãÆ7W'&VçEöWö6…öf–ÆUö–çFVw&—G•öæ÷E÷FV×÷&Åö6ö×&&–Æ—G£CƒÃã#C“S3CSs“"ÃÃãÆ7W'&VçEöWö6…öf–ÆUö–çFVw&—G•öæ÷E÷FV×÷&Åö6ö×&&–Æ—G£Cƒ"ÂÓãcc#ƒƒsÃÃãÆ7W'&VçEöWö6…öf–ÆUö–çFVw&—G•öæ÷E÷FV×÷&Åö6ö×&&–Æ—G£Cƒ2Ãã##SƒCsC’ÃÃãÆ7W'&VçEöWö6…öf–ÆUö–çFVw&—G•öæ÷E÷FV×÷&Åö6ö×&&–Æ—G£CƒBÃã“S3“““““““S“2ÃÃãÆ7W'&VçEöWö6…öf–ÆUö–çFVw&—G•öæ÷E÷FV×÷&Åö6ö×&&–Æ—G£CƒRÂÓãsSSCsS"ÃÃãÆ7W'&VçEöWö6…öf–ÆUö–çFVw&—G•öæ÷E÷FV×÷&Åö6ö×&&–Æ—G£CƒbÃãC#sƒ““““““sCc#rÃÃãÆ7W'&VçEöWö6…öf–ÆUö–çFVw&—G•öæ÷E÷FV×÷&Åö6ö×&&–Æ—G£CƒrÃãCƒ#c““““““Ccc3RÃÃãÆ7W'&VçEöWö6…öf–ÆUö–çFVw&—G•öæ÷E÷FV×÷&Åö6ö×&&–Æ—G£Cƒ‚ÂÓã#sƒ3ƒS‚ÃÃãÆ7W'&VçEöWö6…öf–ÆUö–çFVw&—G•öæ÷E÷FV×÷&Åö6ö×&&–Æ—G£Cƒ’Ãã3s#ƒ“#“2ÃÃãÆ7W'&VçEöWö6…öf–ÆUö–çFVw&—G•öæ÷E÷FV×÷&Åö6ö×&&–Æ—G£C“ÂÓã3“c““““““ƒƒ3’ÃÃãÆ7W'&VçEöWö6…öf–ÆUö–çFVw&—G•öæ÷E÷FV×÷&Åö6ö×&&–Æ—G£C“ÂÓãC33#SƒsBÃÃãÆ7W'&VçEöWö6…öf–ÆUö–çFVw&—G•öæ÷E÷FV×÷&Åö6ö×&&–Æ—G£C“"Ãã#“s““““““ƒcS"ÃÃãÆ7W'&VçEöWö6…öf–ÆUö–çFVw&—G•öæ÷E÷FV×÷&Åö6ö×&&–Æ—G£C“2ÂÓã3cƒcsc3‚ÃÃãÆ7W'&VçEöWö6…öf–ÆUö–çFVw&—G•öæ÷E÷FV×÷&Åö6ö×&&–Æ—G£C“BÂÓãƒS“““““““ƒc“cC‚ÃÃãÆ7W'&VçEöWö6…öf–ÆUö–çFVw&—G•öæ÷E÷FV×÷&Åö6ö×&&–Æ—G£C“RÃãs3sSsc"ÃÃãÆ7W'&VçEöWö6…öf–ÆUö–çFVw&—G•öæ÷E÷FV×÷&Åö6ö×&&–Æ—G£C“bÂÓãSC3““““““““CC"ÃÃãÆ7W'&VçEöWö6…öf–ÆUö–çFVw&—G•öæ÷E÷FV×÷&Åö6ö×&&–Æ—G£C“‚Ãã#ƒ3“ƒRÃÃãÆ7W'&VçEöWö6…öf–ÆUö–çFVw&—G•öæ÷E÷FV×÷&Åö6ö×&&–Æ—G£C“’ÂÓã#cS##3c"ÃÃãÆ7W'&VçEöWö6…öf–ÆUö–çFVw&—G•öæ÷E÷FV×÷&Åö6ö×&&–Æ—G£SÂÓã3sc““““““““cC"ÃÃãÆ7W'&VçEöWö6…öf–ÆUö–çFVw&—G•öæ÷E÷FV×÷&Åö6ö×&&–Æ—G£SÂÓãc#3ƒSsc#bÃÃãÆ7W'&VçEöWö6…öf–ÆUö–çFVw&—G•öæ÷E÷FV×÷&Åö6ö×&&–Æ—G£S"Ãã#ƒ“““““““ƒCC###bÃÃãÆ7W'&VçEöWö6…öf–ÆUö–çFVw&—G•öæ÷E÷FV×÷&Åö6ö×&&–Æ—G£S2Ãã#S3#s3CrÃÃãÆ7W'&VçEöWö6…öf–ÆUö–çFVw&—G•öæ÷E÷FV×÷&Åö6ö×&&–Æ—G£SBÂÓãcssc3cƒRÃÃãÆ7W'&VçEöWö6…öf–ÆUö–çFVw&—G•öæ÷E÷FV×÷&Åö6ö×&&–Æ—G£SRÂÓã“S#““““““ƒc3“SbÃÃãÆ7W'&VçEöWö6…öf–ÆUö–çFVw&—G•öæ÷E÷FV×÷&Åö6ö×&&–Æ—G£SbÃãS“C##crÃÃãÆ7W'&VçEöWö6…öf–ÆUö–çFVw&—G•öæ÷E÷FV×÷&Åö6ö×&&–Æ—G£SrÂÓãc#cCsC“sRÃÃãÆ7W'&VçEöWö6…öf–ÆUö–çFVw&—G•öæ÷E÷FV×÷&Åö6ö×&&–Æ—G£S‚ÂÓã#Sƒ““““““““““bÃÃãÆ7W'&VçEöWö6…öf–ÆUö–çFVw&—G•öæ÷E÷FV×÷&Åö6ö×&&–Æ—G£S’ÂÓãƒ3c“““““““C3#crÃÃãÆ7W'&VçEöWö6…öf–ÆUö–çFVw&—G•öæ÷E÷FV×÷&Åö6ö×&&–Æ—G£SÃãCsSCssBÃÃãÆ7W'&VçEöWö6…öf–ÆUö–çFVw&—G•öæ÷E÷FV×÷&Åö6ö×&&–Æ—G£SÂÓã##3ƒ“““““““s##“3"ÃÃãÆ7W'&VçEöWö6…öf–ÆUö–çFVw&—G•öæ÷E÷FV×÷&Åö6ö×&&–Æ—G£S"ÂÓã3s#“““““““SSÃÃãÆ7W'&VçEöWö6…öf–ÆUö–çFVw&—G•öæ÷E÷FV×÷&Åö6ö×&&–Æ—G£S2Ãã#ƒ#““““““c3C“#"ÃÃãÆ7W'&VçEöWö6…öf–ÆUö–çFVw&—G•öæ÷E÷FV×÷&Åö6ö×&&–Æ—G£SBÂÓãs#cC"ÃÃãÆ7W'&VçEöWö6…öf–ÆUö–çFVw&—G•öæ÷E÷FV×÷&Åö6ö×&&–Æ—G£SRÃã#3csƒScƒ"ÃÃãÆ7W'&VçEöWö6…öf–ÆUö–çFVw&—G•öæ÷E÷FV×÷&Åö6ö×&&–Æ—G£SbÂÓã3ƒCC““““““ƒsS"ÃÃãÆ7W'&VçEöWö6…öf–ÆUö–çFVw&—G•öæ÷E÷FV×÷&Åö6ö×&&–Æ—G£SrÂÓãCc““““““ƒ“BÃÃãÆ7W'&VçEöWö6…öf–ÆUö–çFVw&—G•öæ÷E÷FV×÷&Åö6ö×&&–Æ—G£S‚ÃãƒCS“SCbÃÃãÆ7W'&VçEöWö6…öf–ÆUö–çFVw&—G•öæ÷E÷FV×÷&Åö6ö×&&–Æ—G£S’Ãã“cs““““““C#S3sBÃÃãÆ7W'&VçEöWö6…öf–ÆUö–çFVw&—G•öæ÷E÷FV×÷&Åö6ö×&&–Æ—G£S#Ãã3#ƒ333“c"ÃÃãÆ7W'&VçEöWö6…öf–ÆUö–çFVw&—G•öæ÷E÷FV×÷&Åö6ö×&&–Æ—G£S#ÂÓãƒ3“““““““S#C“cRÃÃãÆ7W'&VçEöWö6…öf–ÆUö–çFVw&—G•öæ÷E÷FV×÷&Åö6ö×&&–Æ—G£S#"ÃãC“Sƒ““““““css‚ÃÃãÆ7W'&VçEöWö6…öf–ÆUö–çFVw&—G•öæ÷E÷FV×÷&Åö6ö×&&–Æ—G£S#2ÂÓã“cs3“““““““CƒbÃÃãÆ7W'&VçEöWö6…öf–ÆUö–çFVw&—G•öæ÷E÷FV×÷&Åö6ö×&&–Æ—G£S#BÃã3sƒC“s3ƒ2ÃÃãÆ7W'&VçEöWö6…öf–ÆUö–çFVw&—G•öæ÷E÷FV×÷&Åö6ö×&&–Æ—G£S#RÃã#ƒƒ3CsRÃÃãÆ7W'&VçEöWö6…öf–ÆUö–çFVw&—G•öæ÷E÷FV×÷&Åö6ö×&&–Æ—G£S#bÃã3“Ss3#ƒBÃÃãÆ7W'&VçEöWö6…öf–ÆUö–çFVw&—G•öæ÷E÷FV×÷&Åö6ö×&&–Æ—G£S#rÂÓãCCss““““““ssSbÃÃãÆ7W'&VçEöWö6…öf–ÆUö–çFVw&—G•öæ÷E÷FV×÷&Åö6ö×&&–Æ—G£S#‚ÃãCS33““““““sƒ#ÃÃãÆ7W'&VçEöWö6…öf–ÆUö–çFVw&—G•öæ÷E÷FV×÷&Åö6ö×&&–Æ—G£S#’Ãã33ƒ“#““““““ƒs#bÃÃãÆ7W'&VçEöWö6…öf–ÆUö–çFVw&—G•öæ÷E÷FV×÷&Åö6ö×&&–Æ—G£S3Ãã“c#“3sƒ"ÃÃãÆ7W'&VçEöWö6…öf–ÆUö–çFVw&—G•öæ÷E÷FV×÷&Åö6ö×&&–Æ—G£S3ÂÓãsccc““““““C““cBÃÃãÆ7W'&VçEöWö6…öf–ÆUö–çFVw&—G•öæ÷E÷FV×÷&Åö6ö×&&–Æ—G£S3"ÂÓãCSƒSs“c#BÃÃãÆ7W'&VçEöWö6…öf–ÆUö–çFVw&—G•öæ÷E÷FV×÷&Åö6ö×&&–Æ—G£S32ÂÓã#ƒ#c““““““ƒ3#rÃÃãÆ7W'&VçEöWö6…öf–ÆUö–çFVw&—G•öæ÷E÷FV×÷&Åö6ö×&&–Æ—G£S3BÂÓã#SS““““““““3“CcBÃÃãÆ7W'&VçEöWö6…öf–ÆUö–çFVw&—G•öæ÷E÷FV×÷&Åö6ö×&&–Æ—G£S3RÂÓãCc““““““ƒ3Sc#bÃÃãÆ7W'&VçEöWö6…öf–ÆUö–çFVw&—G•öæ÷E÷FV×÷&Åö6ö×&&–Æ—G£S3bÂÓã##“cS““““““s#3ƒc2ÃÃãÆ7W'&VçEöWö6…öf–ÆUö–çFVw&—G•öæ÷E÷FV×÷&Åö6ö×&&–Æ—G£S3rÂÓã“S3“““““““S“2ÃÃãÆ7W'&VçEöWö6…öf–ÆUö–çFVw&—G•öæ÷E÷FV×÷&Åö6ö×&&–Æ—G£S3‚ÂÓãsSƒc“““““““###2ÃÃãÆ7W'&VçEöWö6…öf–ÆUö–çFVw&—G•öæ÷E÷FV×÷&Åö6ö×&&–Æ—G£S3’ÂÓãsƒ“““““““S3cccrÃÃãÆ7W'&VçEöWö6…öf–ÆUö–çFVw&—G•öæ÷E÷FV×÷&Åö6ö×&&–Æ—G£SCÃã“Sc“ƒC’ÃÃãÆ7W'&VçEöWö6…öf–ÆUö–çFVw&—G•öæ÷E÷FV×÷&Åö6ö×&&–Æ—G£SCÃãss““““““““s#bÃÃãÆ7W'&VçEöWö6…öf–ÆUö–çFVw&—G•öæ÷E÷FV×÷&Åö6ö×&&–Æ—G£SC"Ãã33““““““““CƒssrÃÃãÆ7W'&VçEöWö6…öf–ÆUö–çFVw&—G•öæ÷E÷FV×÷&Åö6ö×&&–Æ—G£SC2Ãã#““““““sC“#2ÃÃãÆ7W'&VçEöWö6…öf–ÆUö–çFVw&—G•öæ÷E÷FV×÷&Åö6ö×&&–Æ—G£SCBÃãC#s#SSC3rÃÃãÆ7W'&VçEöWö6…öf–ÆUö–çFVw&—G•öæ÷E÷FV×÷&Åö6ö×&&–Æ—G£SCRÃãs“““““““ƒSScCRÃÃãÆ7W'&VçEöWö6…öf–ÆUö–çFVw&—G•öæ÷E÷FV×÷&Åö6ö×&&–Æ—G£SCbÃã#“sc“““““““SS#“cRÃÃãÆ7W'&VçEöWö6…öf–ÆUö–çFVw&—G•öæ÷E÷FV×÷&Åö6ö×&&–Æ—G£SCrÂÓã#ƒ#ScCRÃÃãÆ7W'&VçEöWö6…öf–ÆUö–çFVw&—G•öæ÷E÷FV×÷&Åö6ö×&&–Æ—G£SC‚Ãã#S33S3’ÃÃãÆ7W'&VçEöWö6…öf–ÆUö–çFVw&—G•öæ÷E÷FV×÷&Åö6ö×&&–Æ—G£SC’ÃãC#ƒCC33cRÃÃãÆ7W'&VçEöWö6…öf–ÆUö–çFVw&—G•öæ÷E÷FV×÷&Åö6ö×&&–Æ—G£SSÃãcƒ3“CCBÃÃãÆ7W'&VçEöWö6…öf–ÆUö–çFVw&—G•öæ÷E÷FV×÷&Åö6ö×&&–Æ—G£SSÂÓã#“3C3CcbÃÃãÆ7W'&VçEöWö6…öf–ÆUö–çFVw&—G•öæ÷E÷FV×÷&Åö6ö×&&–Æ—G£SS"ÂÓã“C3SS##sC2ÃÃãÆ7W'&VçEöWö6…öf–ÆUö–çFVw&—G•öæ÷E÷FV×÷&Åö6ö×&&–Æ—G£SS2ÂÓãSƒ“3c3#bÃÃãÆ7W'&VçEöWö6…öf–ÆUö–çFVw&—G•öæ÷E÷FV×÷&Åö6ö×&&–Æ—G£SSBÃã#““““““s“ƒ“2ÃÃãÆ7W'&VçEöWö6…öf–ÆUö–çFVw&—G•öæ÷E÷FV×÷&Åö6ö×&&–Æ—G£SSRÂÓãƒ#3“““““““sƒc“bÃÃãÆ7W'&VçEöWö6…öf–ÆUö–çFVw&—G•öæ÷E÷FV×÷&Åö6ö×&&–Æ—G£SSbÂÓã“scs#ƒ3Sƒ‚ÃÃãÆ7W'&VçEöWö6…öf–ÆUö–çFVw&—G•öæ÷E÷FV×÷&Åö6ö×&&–Æ—G£SSrÂÓã#ƒCSCbÃÃãÆ7W'&VçEöWö6…öf–ÆUö–çFVw&—G•öæ÷E÷FV×÷&Åö6ö×&&–Æ—G£SS‚ÂÓãsƒ““““““cƒS#2ÃÃãÆ7W'&VçEöWö6…öf–ÆUö–çFVw&—G•öæ÷E÷FV×÷&Åö6ö×&&–Æ—G£SS’ÃãCC33“3c3"ÃÃãÆ7W'&VçEöWö6…öf–ÆUö–çFVw&—G•öæ÷E÷FV×÷&Åö6ö×&&–Æ—G£ScÃãsƒ#C3ssBÃÃãÆ7W'&VçEöWö6…öf–ÆUö–çFVw&—G•öæ÷E÷FV×÷&Åö6ö×&&–Æ—G£ScÂÓã#“3ƒSƒ3“3bÃÃãÆ7W'&VçEöWö6…öf–ÆUö–çFVw&—G•öæ÷E÷FV×÷&Åö6ö×&&–Æ—G£Sc"Ãã“#s““““““ƒƒƒS‚ÃÃãÆ7W'&VçEöWö6…öf–ÆUö–çFVw&—G•öæ÷E÷FV×÷&Åö6ö×&&–Æ—G£Sc2ÂÓã3ƒs3#C#BÃÃãÆ7W'&VçEöWö6…öf–ÆUö–çFVw&—G•öæ÷E÷FV×÷&Åö6ö×&&–Æ—G£ScBÃã#Cs3##Cs‚ÃÃãÆ7W'&VçEöWö6…öf–ÆUö–çFVw&—G•öæ÷E÷FV×÷&Åö6ö×&&–Æ—G£ScRÃã33cSCƒƒ“CBÃÃãÆ7W'&VçEöWö6…öf–ÆUö–çFVw&—G•öæ÷E÷FV×÷&Åö6ö×&&–Æ—G£ScbÃãCcCcs2ÃÃãÆ7W'&VçEöWö6…öf–ÆUö–çFVw&—G•öæ÷E÷FV×÷&Åö6ö×&&–Æ—G£ScrÃã3C3#3c3RÃÃãÆ7W'&VçEöWö6…öf–ÆUö–çFVw&—G•öæ÷E÷FV×÷&Åö6ö×&&–Æ—G£Sc‚Ãã##S“S““““““c#BÃÃãÆ7W'&VçEöWö6…öf–ÆUö–çFVw&—G•öæ÷E÷FV×÷&Åö6ö×&&–Æ—G£Sc’Ãã3CSsS3ƒSBÃÃãÆ7W'&VçEöWö6…öf–ÆUö–çFVw&—G•öæ÷E÷FV×÷&Åö6ö×&&–Æ—G£SsÃã#ƒS3C“#CbÃÃãÆ7W'&VçEöWö6…öf–ÆUö–çFVw&—G•öæ÷E÷FV×÷&Åö6ö×&&–Æ—G£SsÃãCsc#ƒ“cC2ÃÃãÆ7W'&VçEöWö6…öf–ÆUö–çFVw&—G•öæ÷E÷FV×÷&Åö6ö×&&–Æ—G£Ss"ÂÓã3SƒS““““““C3C2ÃÃãÆ7W'&VçEöWö6…öf–ÆUö–çFVw&—G•öæ÷E÷FV×÷&Åö6ö×&&–Æ—G£Ss2ÂÓãCc333s33bÃÃãÆ7W'&VçEöWö6…öf–ÆUö–çFVw&—G•öæ÷E÷FV×÷&Åö6ö×&&–Æ—G£SsBÃã#C“ƒ““““““s#s#"ÃÃãÆ7W'&VçEöWö6…öf–ÆUö–çFVw&—G•öæ÷E÷FV×÷&Åö6ö×&&–Æ—G£SsRÂÓãCcƒcS#S#c"ÃÃãÆ7W'&VçEöWö6…öf–ÆUö–çFVw&—G•öæ÷E÷FV×÷&Åö6ö×&&–Æ—G£SsbÂÓã#s““““““ƒƒs“rÃÃãÆ7W'&VçEöWö6…öf–ÆUö–çFVw&—G•öæ÷E÷FV×÷&Åö6ö×&&–Æ—G£SsrÃã#c“S#csrÃÃãÆ7W'&VçEöWö6…öf–ÆUö–çFVw&—G•öæ÷E÷FV×÷&Åö6ö×&&–Æ—G£Ss‚Ãã3c“ƒ3#CÃÃãÆ7W'&VçEöWö6…öf–ÆUö–çFVw&—G•öæ÷E÷FV×÷&Åö6ö×&&–Æ—G£Ss’Ãã“Cs“““““““sCƒSC2ÃÃãÆ7W'&VçEöWö6…öf–ÆUö–çFVw&—G•öæ÷E÷FV×÷&Åö6ö×&&–Æ—G£SƒÃã3“s““““““ƒ3C““2ÃÃãÆ7W'&VçEöWö6…öf–ÆUö–çFVw&—G•öæ÷E÷FV×÷&Åö6ö×&&–Æ—G£SƒÂÓãCƒ3ƒ##ƒsSRÃÃãÆ7W'&VçEöWö6…öf–ÆUö–çFVw&—G•öæ÷E÷FV×÷&Åö6ö×&&–Æ—G£Sƒ"ÂÓãCS“3““““““c“s2ÃÃãÆ7W'&VçEöWö6…öf–ÆUö–çFVw&—G•öæ÷E÷FV×÷&Åö6ö×&&–Æ—G£Sƒ2ÂÓã3“3sS3SRÃÃãÆ7W'&VçEöWö6…öf–ÆUö–çFVw&—G•öæ÷E÷FV×÷&Åö6ö×&&–Æ—G£SƒBÃã“S#cCƒCBÃÃãÆ7W'&VçEöWö6…öf–ÆUö–çFVw&—G•öæ÷E÷FV×÷&Åö6ö×&&–Æ—G£SƒRÃã“c##“Ss#bÃÃãÆ7W'&VçEöWö6…öf–ÆUö–çFVw&—G•öæ÷E÷FV×÷&Åö6ö×&&–Æ—G£SƒbÃã3cS##3SsBÃÃãÆ7W'&VçEöWö6…öf–ÆUö–çFVw&—G•öæ÷E÷FV×÷&Åö6ö×&&–Æ—G£SƒrÃãScC“““““““3C3C"ÃÃãÆ7W'&VçEöWö6…öf–ÆUö–çFVw&—G•öæ÷E÷FV×÷&Åö6ö×&&–Æ—G£Sƒ‚ÂÓã3ƒ“ƒƒ#CC“BÃÃãÆ7W'&VçEöWö6…öf–ÆUö–çFVw&—G•öæ÷E÷FV×÷&Åö6ö×&&–Æ—G£Sƒ’ÃãC33“““““““SsC#BÃÃãÆ7W'&VçEöWö6…öf–ÆUö–çFVw&—G•öæ÷E÷FV×÷&Åö6ö×&&–Æ—G£S“ÃãCS#“““““““csƒc“BÃÃãÆ7W'&VçEöWö6…öf–ÆUö–çFVw&—G•öæ÷E÷FV×÷&Åö6ö×&&–Æ—G£S“ÂÓãCc“““““““ƒsS#2ÃÃãÆ7W'&VçEöWö6…öf–ÆUö–çFVw&—G•öæ÷E÷FV×÷&Åö6ö×&&–Æ—G£S“"ÂÓãC3#S“c2ÃÃãÆ7W'&VçEöWö6…öf–ÆUö–çFVw&—G•öæ÷E÷FV×÷&Åö6ö×&&–Æ—G£S“2Ãã“s“#c3ÃÃãÆ7W'&VçEöWö6…öf–ÆUö–çFVw&—G•öæ÷E÷FV×÷&Åö6ö×&&–Æ—G£S“BÂÓã#ƒCS“#“3bÃÃãÆ7W'&VçEöWö6…öf–ÆUö–çFVw&—G•öæ÷E÷FV×÷&Åö6ö×&&–Æ—G£S“RÂÓã“ƒ#S#ƒSrÃÃãÆ7W'&VçEöWö6…öf–ÆUö–çFVw&—G•öæ÷E÷FV×÷&Åö6ö×&&–Æ—G£S“bÃãCƒ3“““““““ƒsc3BÃÃãÆ7W'&VçEöWö6…öf–ÆUö–çFVw&—G•öæ÷E÷FV×÷&Åö6ö×&&–Æ—G£S“rÃã3Ss333c"ÃÃãÆ7W'&VçEöWö6…öf–ÆUö–çFVw&—G•öæ÷E÷FV×÷&Åö6ö×&&–Æ—G£S“‚ÂÓãC“““““““ƒ“#’ÃÃãÆ7W'&VçEöWö6…öf–ÆUö–çFVw&—G•öæ÷E÷FV×÷&Åö6ö×&&–Æ—G£S“’ÂÓãSCcsrÃÃãÆ7W'&VçEöWö6…öf–ÆUö–çFVw&—G•öæ÷E÷FV×÷&Åö6ö×&&–Æ—G£cÂÓã#Ssƒccƒ##BÃÃãÆ7W'&VçEöWö6…öf–ÆUö–çFVw&—G•öæ÷E÷FV×÷&Åö6ö×&&–Æ—G£cÃã3ƒ“3C“C‚ÃÃãÆ7W'&VçEöWö6…öf–ÆUö–çFVw&—G•öæ÷E÷FV×÷&Åö6ö×&&–Æ—G£c"ÂÓãccs““““““ƒƒƒsrÃÃãÆ7W'&VçEöWö6…öf–ÆUö–çFVw&—G•öæ÷E÷FV×÷&Åö6ö×&&–Æ—G£c2ÂÓã##cS“““““““CSS"ÃÃãÆ7W'&VçEöWö6…öf–ÆUö–çFVw&—G•öæ÷E÷FV×÷&Åö6ö×&&–Æ—G£cBÂÓã3sSƒ3ƒ’ÃÃãÆ7W'&VçEöWö6…öf–ÆUö–çFVw&—G•öæ÷E÷FV×÷&Åö6ö×&&–Æ—G£cRÂÓã3#ƒC3““““““sC““BÃÃãÆ7W'&VçEöWö6…öf–ÆUö–çFVw&—G•öæ÷E÷FV×÷&Åö6ö×&&–Æ—G£cbÃã3SC““““““ƒ“sSSCRÃÃãÆ7W'&VçEöWö6…öf–ÆUö–çFVw&—G•öæ÷E÷FV×÷&Åö6ö×&&–Æ—G£crÂÓã#sƒ“ƒ#ssS3BÃÃãÆ7W'&VçEöWö6…öf–ÆUö–çFVw&—G•öæ÷E÷FV×÷&Åö6ö×&&–Æ—G£c‚Ããcs“3ƒCrÃÃãÆ7W'&VçEöWö6…öf–ÆUö–çFVw&—G•öæ÷E÷FV×÷&Åö6ö×&&–Æ—G£c’ÂÓã#ƒ#3““““““““3#C‚ÃÃãÆ7W'&VçEöWö6…öf–ÆUö–çFVw&—G•öæ÷E÷FV×÷&Åö6ö×&&–Æ—G£cÃãCs3S“““““““sS3"ÃÃãÆ7W'&VçEöWö6…öf–ÆUö–çFVw&—G•öæ÷E÷FV×÷&Åö6ö×&&–Æ—G£cÂÓã3C““““““ƒƒcƒCC2ÃÃãÆ7W'&VçEöWö6…öf–ÆUö–çFVw&—G•öæ÷E÷FV×÷&Åö6ö×&&–Æ—G£c"ÂÓãs3ƒ3““““““s#ƒ“ƒRÃÃãÆ7W'&VçEöWö6…öf–ÆUö–çFVw&—G•öæ÷E÷FV×÷&Åö6ö×&&–Æ—G£c2Ãã#“sƒ3ccCsRÃÃãÆ7W'&VçEöWö6…öf–ÆUö–çFVw&—G•öæ÷E÷FV×÷&Åö6ö×&&–Æ—G£cBÂÓãcScs##“RÃÃãÆ7W'&VçEöWö6…öf–ÆUö–çFVw&—G•öæ÷E÷FV×÷&Åö6ö×&&–Æ—G£cRÃãCƒS“““““““ss“’ÃÃãÆ7W'&VçEöWö6…öf–ÆUö–çFVw&—G•öæ÷E÷FV×÷&Åö6ö×&&–Æ—G£cbÃãƒƒS#“CSrÃÃãÆ7W'&VçEöWö6…öf–ÆUö–çFVw&—G•öæ÷E÷FV×÷&Åö6ö×&&–Æ—G£crÃã3SS“““““““““scsrÃÃãÆ7W'&VçEöWö6…öf–ÆUö–çFVw&—G•öæ÷E÷FV×÷&Åö6ö×&&–Æ—G£c‚ÂÓã#cƒ3“3c"ÃÃãÆ7W'&VçEöWö6…öf–ÆUö–çFVw&—G•öæ÷E÷FV×÷&Åö6ö×&&–Æ—G£c’ÃãCCCƒsSCBÃÃãÆ7W'&VçEöWö6…öf–ÆUö–çFVw&—G•öæ÷E÷FV×÷&Åö6ö×&&–Æ—G£c#Ãã##s#““““““CSScC"ÃÃãÆ7W'&VçEöWö6…öf–ÆUö–çFVw&—G•öæ÷E÷FV×÷&Åö6ö×&&–Æ—G£c#ÂÓã3SSSc“““““““sS“RÃÃãÆ7W'&VçEöWö6…öf–ÆUö–çFVw&—G•öæ÷E÷FV×÷&Åö6ö×&&–Æ—G£c#"Ãã#“c“3CS“ƒbÃÃãÆ7W'&VçEöWö6…öf–ÆUö–çFVw&—G•öæ÷E÷FV×÷&Åö6ö×&&–Æ—G£c#2ÂÓãC“““““““““Cs“#2ÃÃãÆ7W'&VçEöWö6…öf–ÆUö–çFVw&—G•öæ÷E÷FV×÷&Åö6ö×&&–Æ—G£c#BÂÓã#S#3csƒrÃÃãÆ7W'&VçEöWö6…öf–ÆUö–çFVw&—G•öæ÷E÷FV×÷&Åö6ö×&&–Æ—G£c#RÂÓãC#ƒs3s3rÃÃãÆ7W'&VçEöWö6…öf–ÆUö–çFVw&—G•öæ÷E÷FV×÷&Åö6ö×&&–Æ—G£c#bÃã#3Cƒ“““““““Sƒ3#32ÃÃãÆ7W'&VçEöWö6…öf–ÆUö–çFVw&—G•öæ÷E÷FV×÷&Åö6ö×&&–Æ—G£c#rÃã#3““““““ƒc#32ÃÃãÆ7W'&VçEöWö6…öf–ÆUö–çFVw&—G•öæ÷E÷FV×÷&Åö6ö×&&–Æ—G£c#‚ÂÓã#S#3#ƒ3cBÃÃãÆ7W'&VçEöWö6…öf–ÆUö–çFVw&—G•öæ÷E÷FV×÷&Åö6ö×&&–Æ—G£c#’Ãã#c3#cƒ##’ÃÃãÆ7W'&VçEöWö6…öf–ÆUö–çFVw&—G•öæ÷E÷FV×÷&Åö6ö×&&–Æ—G£c3ÃãCc3S“C“RÃÃãÆ7W'&VçEöWö6…öf–ÆUö–çFVw&—G•öæ÷E÷FV×÷&Åö6ö×&&–Æ—G£c3Ãã#Ssƒ“““““““cƒƒrÃÃãÆ7W'&VçEöWö6…öf–ÆUö–çFVw&—G•öæ÷E÷FV×÷&Åö6ö×&&–Æ—G£c3"Ãã3s““#ccssbÃÃãÆ7W'&VçEöWö6…öf–ÆUö–çFVw&—G•öæ÷E÷FV×÷&Åö6ö×&&–Æ—G£c32ÂÓãƒ“CSS3ƒSBÃÃãÆ7W'&VçEöWö6…öf–ÆUö–çFVw&—G•öæ÷E÷FV×÷&Åö6ö×&&–Æ—G£c3BÃã#Cc“S#““#2ÃÃãÆ7W'&VçEöWö6…öf–ÆUö–çFVw&—G•öæ÷E÷FV×÷&Åö6ö×&&–Æ—G£c3RÃã#3S3#S“c2ÃÃãÆ7W'&VçEöWö6…öf–ÆUö–çFVw&—G•öæ÷E÷FV×÷&Åö6ö×&&–Æ—G£c3bÃã3#“““““““#s3Sc‚ÃÃãÆ7W'&VçEöWö6…öf–ÆUö–çFVw&—G•öæ÷E÷FV×÷&Åö6ö×&&–Æ—G£c3rÃãSSS#s"ÃÃãÆ7W'&VçEöWö6…öf–ÆUö–çFVw&—G•öæ÷E÷FV×÷&Åö6ö×&&–Æ—G£c3‚ÃãSsC“““““““S3C33’ÃÃãÆ7W'&VçEöWö6…öf–ÆUö–çFVw&—G•öæ÷E÷FV×÷&Åö6ö×&&–Æ—G£c3’ÂÓã3#c3“““““““ƒ#cRÃÃãÆ7W'&VçEöWö6…öf–ÆUö–çFVw&—G•öæ÷E÷FV×÷&Åö6ö×&&–Æ—G£cCÂÓã#ƒƒ“““““““SC3#BÃÃãÆ7W'&VçEöWö6…öf–ÆUö–çFVw&—G•öæ÷E÷FV×÷&Åö6ö×&&–Æ—G£cCÃã#3cc““““““cC“#BÃÃãÆ7W'&VçEöWö6…öf–ÆUö–çFVw&—G•öæ÷E÷FV×÷&Åö6ö×&&–Æ—G£cC"ÂÓã3#ss““““““sBÃÃãÆ7W'&VçEöWö6…öf–ÆUö–çFVw&—G•öæ÷E÷FV×÷&Åö6ö×&&–Æ—G£cC2Ããc#C#s“rÃÃãÆ7W'&VçEöWö6…öf–ÆUö–çFVw&—G•öæ÷E÷FV×÷&Åö6ö×&&–Æ—G£cCBÂÓãscc3#S“bÃÃãÆ7W'&VçEöWö6…öf–ÆUö–çFVw&—G•öæ÷E÷FV×÷&Åö6ö×&&–Æ—G£cCRÂÓã#3“““““““sSsƒSc2ÃÃãÆ7W'&VçEöWö6…öf–ÆUö–çFVw&—G•öæ÷E÷FV×÷&Åö6ö×&&–Æ—G£cCbÂÓãsSscS’ÃÃãÆ7W'&VçEöWö6…öf–ÆUö–çFVw&—G•öæ÷E÷FV×÷&Åö6ö×&&–Æ—G£cCrÂÓã3ƒCcScbÃÃãÆ7W'&VçEöWö6…öf–ÆUö–çFVw&—G•öæ÷E÷FV×÷&Åö6ö×&&–Æ—G£cC‚ÃãcCC#“33crÃÃãÆ7W'&VçEöWö6…öf–ÆUö–çFVw&—G•öæ÷E÷FV×÷&Åö6ö×&&–Æ—G£cC’Ãã3csC#ƒrÃÃãÆ7W'&VçEöWö6…öf–ÆUö–çFVw&—G•öæ÷E÷FV×÷&Åö6ö×&&–Æ—G£cSÃã#S“ƒ3ƒ"ÃÃãÆ7W'&VçEöWö6…öf–ÆUö–çFVw&—G•öæ÷E÷FV×÷&Åö6ö×&&–Æ—G£cSÂÓãCS3““““““CCC“3sRÃÃãÆ7W'&VçEöWö6…öf–ÆUö–çFVw&—G•öæ÷E÷FV×÷&Åö6ö×&&–Æ—G£cS"ÂÓãCƒC““““““ƒCrÃÃãÆ7W'&VçEöWö6…öf–ÆUö–çFVw&—G•öæ÷E÷FV×÷&Åö6ö×&&–Æ—G£cS2Ãã#S“33C#s#crÃÃãÆ7W'&VçEöWö6…öf–ÆUö–çFVw&—G•öæ÷E÷FV×÷&Åö6ö×&&–Æ—G£cSBÃã#““#ƒScƒrÃÃãÆ7W'&VçEöWö6…öf–ÆUö–çFVw&—G•öæ÷E÷FV×÷&Åö6ö×&&–Æ—G£cSRÂÓã3s#c3S#S2ÃÃãÆ7W'&VçEöWö6…öf–ÆUö–çFVw&—G•öæ÷E÷FV×÷&Åö6ö×&&–Æ—G£cSbÃã“s“““““““Cc“RÃÃãÆ7W'&VçEöWö6…öf–ÆUö–çFVw&—G•öæ÷E÷FV×÷&Åö6ö×&&–Æ—G£cSrÂÓãCƒS#CCSRÃÃãÆ7W'&VçEöWö6…öf–ÆUö–çFVw&—G•öæ÷E÷FV×÷&Åö6ö×&&–Æ—G£cS‚Ããƒ3C““““““ƒCc33‚ÃÃãÆ7W'&VçEöWö6…öf–ÆUö–çFVw&—G•öæ÷E÷FV×÷&Åö6ö×&&–Æ—G£cS’Ãã3“CcscrÃÃãÆ7W'&VçEöWö6…öf–ÆUö–çFVw&—G•öæ÷E÷FV×÷&Åö6ö×&&–Æ—G£ccÃã#S3“csÃÃãÆ7W'&VçEöWö6…öf–ÆUö–çFVw&—G•öæ÷E÷FV×÷&Åö6ö×&&–Æ—G£ccÃã3s“““““““ƒ“sRÃÃãÆ7W'&VçEöWö6…öf–ÆUö–çFVw&—G•öæ÷E÷FV×÷&Åö6ö×&&–Æ—G£cc"ÂÓãs#ƒ““““““““#ƒ3‚ÃÃãÆ7W'&VçEöWö6…öf–ÆUö–çFVw&—G•öæ÷E÷FV×÷&Åö6ö×&&–Æ—G£cc2ÃãC##“““““““SSs"ÃÃãÆ7W'&VçEöWö6…öf–ÆUö–çFVw&—G•öæ÷E÷FV×÷&Åö6ö×&&–Æ—G£ccBÃãCsƒc““““““ƒ#“‚ÃÃãÆ7W'&VçEöWö6…öf–ÆUö–çFVw&—G•öæ÷E÷FV×÷&Åö6ö×&&–Æ—G£ccbÃãSCs““““““ss##“"ÃÃãÆ7W'&VçEöWö6…öf–ÆUö–çFVw&—G•öæ÷E÷FV×÷&Åö6ö×&&–Æ—G£ccrÂÓã#CS3“SRÃÃãÆ7W'&VçEöWö6…öf–ÆUö–çFVw&—G•öæ÷E÷FV×÷&Åö6ö×&&–Æ—G£cc’ÂÓã##cC33“ÃÃãÆ7W'&VçEöWö6…öf–ÆUö–çFVw&—G•öæ÷E÷FV×÷&Åö6ö×&&–Æ—G£csÃã3sCs"ÃÃãÆ7W'&VçEöWö6…öf–ÆUö–çFVw&—G•öæ÷E÷FV×÷&Åö6ö×&&–Æ—G£csÃã3S#33#RÃÃãÆ7W'&VçEöWö6…öf–ÆUö–çFVw&—G•öæ÷E÷FV×÷&Åö6ö×&&–Æ—G£cs"ÂÓãCSC#““““““3SƒrÃÃãÆ7W'&VçEöWö6…öf–ÆUö–çFVw&—G•öæ÷E÷FV×÷&Åö6ö×&&–Æ—G£cs2ÂÓãS#S#3#ƒ2ÃÃãÆ7W'&VçEöWö6…öf–ÆUö–çFVw&—G•öæ÷E÷FV×÷&Åö6ö×&&–Æ—G£csBÃã3s#“ƒ#2ÃÃãÆ7W'&VçEöWö6…öf–ÆUö–çFVw&—G•öæ÷E÷FV×÷&Åö6ö×&&–Æ—G£csRÂÓãƒƒ33s33bÃÃãÆ7W'&VçEöWö6…öf–ÆUö–çFVw&—G•öæ÷E÷FV×÷&Åö6ö×&&–Æ—G£csbÃã3CC#“““““““s“‚ÃÃãÆ7W'&VçEöWö6…öf–ÆUö–çFVw&—G•öæ÷E÷FV×÷&Åö6ö×&&–Æ—G£csrÃã3Scc#s"ÃÃãÆ7W'&VçEöWö6…öf–ÆUö–çFVw&—G•öæ÷E÷FV×÷&Åö6ö×&&–Æ—G£cs‚ÂÓãsCC#““““““““’ÃÃãÆ7W'&VçEöWö6…öf–ÆUö–çFVw&—G•öæ÷E÷FV×÷&Åö6ö×&&–Æ—G£cs’ÂÓã#sSC3sƒ"ÃÃãÆ7W'&VçEöWö6…öf–ÆUö–çFVw&—G•öæ÷E÷FV×÷&Åö6ö×&&–Æ—G£cƒÂÓãCCc#S““““““c“ƒ#RÃÃãÆ7W'&VçEöWö6…öf–ÆUö–çFVw&—G•öæ÷E÷FV×÷&Åö6ö×&&–Æ—G£cƒÂÓã3ƒ3cS33““2ÃÃãÆ7W'&VçEöWö6…öf–ÆUö–çFVw&—G•öæ÷E÷FV×÷&Åö6ö×&&–Æ—G£cƒ"ÂÓã3C#sƒ““““““SCs‚ÃÃãÆ7W'&VçEöWö6…öf–ÆUö–çFVw&—G•öæ÷E÷FV×÷&Åö6ö×&&–Æ—G£cƒ2ÂÓãC“c“““““““s3“##“rÃÃãÆ7W'&VçEöWö6…öf–ÆUö–çFVw&—G•öæ÷E÷FV×÷&Åö6ö×&&–Æ—G£cƒBÃãS“ƒƒcS#3“ÃÃãÆ7W'&VçEöWö6…öf–ÆUö–çFVw&—G•öæ÷E÷FV×÷&Åö6ö×&&–Æ—G£cƒRÂÓã#ƒC“SscC’ÃÃãÆ7W'&VçEöWö6…öf–ÆUö–çFVw&—G•öæ÷E÷FV×÷&Åö6ö×&&–Æ—G£cƒbÂÓã#Sc““““““333BÃÃãÆ7W'&VçEöWö6…öf–ÆUö–çFVw&—G•öæ÷E÷FV×÷&Åö6ö×&&–Æ—G£cƒrÂÓãCs““““““Cssc#BÃÃãÆ7W'&VçEöWö6…öf–ÆUö–çFVw&—G•öæ÷E÷FV×÷&Åö6ö×&&–Æ—G£cƒ‚Ãã3ƒCc“““““““ScBÃÃãÆ7W'&VçEöWö6…öf–ÆUö–çFVw&—G•öæ÷E÷FV×÷&Åö6ö×&&–Æ—G£cƒ’Ããc#cCsC“sRÃÃãÆ7W'&VçEöWö6…öf–ÆUö–çFVw&—G•öæ÷E÷FV×÷&Åö6ö×&&–Æ—G£c“Ãã“ƒs“““““““ƒ33BÃÃãÆ7W'&VçEöWö6…öf–ÆUö–çFVw&—G•öæ÷E÷FV×÷&Åö6ö×&&–Æ—G£c“ÂÓãƒCSS“3’ÃÃãÆ7W'&VçEöWö6…öf–ÆUö–çFVw&—G•öæ÷E÷FV×÷&Åö6ö×&&–Æ—G£c“"ÂÓãCC““““““““cƒÃÃãÆ7W'&VçEöWö6…öf–ÆUö–çFVw&—G•öæ÷E÷FV×÷&Åö6ö×&&–Æ—G£c“2ÂÓãC““3sS“‚ÃÃãÆ7W'&VçEöWö6…öf–ÆUö–çFVw&—G•öæ÷E÷FV×÷&Åö6ö×&&–Æ—G£c“BÃãƒ“““““““cc“3‚ÃÃãÆ7W'&VçEöWö6…öf–ÆUö–çFVw&—G•öæ÷E÷FV×÷&Åö6ö×&&–Æ—G£c“RÂÓã##““““““““ƒ3s3SRÃÃãÆ7W'&VçEöWö6…öf–ÆUö–çFVw&—G•öæ÷E÷FV×÷&Åö6ö×&&–Æ—G£c“bÃãCc#c“3ƒ3RÃÃãÆ7W'&VçEöWö6…öf–ÆUö–çFVw&—G•öæ÷E÷FV×÷&Åö6ö×&&–Æ—G£c“rÃã#c3ƒ“““““““ƒ#cRÃÃãÆ7W'&VçEöWö6…öf–ÆUö–çFVw&—G•öæ÷E÷FV×÷&Åö6ö×&&–Æ—G£c“‚Ãã3s3cC““ƒ’ÃÃãÆ7W'&VçEöWö6…öf–ÆUö–çFVw&—G•öæ÷E÷FV×÷&Åö6ö×&&–Æ—G£c“’Ãã3sc“““““““#3s"ÃÃãÆ7W'&VçEöWö6…öf–ÆUö–çFVw&—G•öæ÷E÷FV×÷&Åö6ö×&&–Æ—G£sÃãcsCcc#c3bÃÃãÆ7W'&VçEöWö6…öf–ÆUö–çFVw&—G•öæ÷E÷FV×÷&Åö6ö×&&–Æ—G£sÃã##“3“““““““#CSc2ÃÃãÆ7W'&VçEöWö6…öf–ÆUö–çFVw&—G•öæ÷E÷FV×÷&Åö6ö×&&–Æ—G£s"ÂÓãS““““““cCCCcsbÃÃãÆ7W'&VçEöWö6…öf–ÆUö–çFVw&—G•öæ÷E÷FV×÷&Åö6ö×&&–Æ—G£s2ÃãC“sc#C#CBÃÃãÆ7W'&VçEöWö6…öf–ÆUö–çFVw&—G•öæ÷E÷FV×÷&Åö6ö×&&–Æ—G£sBÃãCS33“““““““ƒS“’ÃÃãÆ7W'&VçEöWö6…öf–ÆUö–çFVw&—G•öæ÷E÷FV×÷&Åö6ö×&&–Æ—G£sRÃã3#c“ƒC’ÃÃãÆ7W'&VçEöWö6…öf–ÆUö–çFVw&—G•öæ÷E÷FV×÷&Åö6ö×&&–Æ—G£sbÂÓãCƒSs““““““3SS“’ÃÃãÆ7W'&VçEöWö6…öf–ÆUö–çFVw&—G•öæ÷E÷FV×÷&Åö6ö×&&–Æ—G£srÂÓã3c#C““““““ƒƒ3SƒCrÃÃãÆ7W'&VçEöWö6…öf–ÆUö–çFVw&—G•öæ÷E÷FV×÷&Åö6ö×&&–Æ—G£s‚ÂÓã3c##3#3bÃÃãÆ7W'&VçEöWö6…öf–ÆUö–çFVw&—G•öæ÷E÷FV×÷&Åö6ö×&&–Æ—G£sÂÓãƒc#CCSRÃÃãÆ7W'&VçEöWö6…öf–ÆUö–çFVw&—G•öæ÷E÷FV×÷&Åö6ö×&&–Æ—G£sÃã“Sƒ““““““#sC“cRÃÃãÆ7W'&VçEöWö6…öf–ÆUö–çFVw&—G•öæ÷E÷FV×÷&Åö6ö×&&–Æ—G£s"ÂÓãCC#3#ƒ2ÃÃãÆ7W'&VçEöWö6…öf–ÆUö–çFVw&—G•öæ÷E÷FV×÷&Åö6ö×&&–Æ—G£s2ÂÓã3ƒ3“Cc‚ÃÃãÆ7W'&VçEöWö6…öf–ÆUö–çFVw&—G•öæ÷E÷FV×÷&Åö6ö×&&–Æ—G£sBÃãC#c““““““ƒsCssRÃÃãÆ7W'&VçEöWö6…öf–ÆUö–çFVw&—G•öæ÷E÷FV×÷&Åö6ö×&&–Æ—G£sRÂÓãC3“33ƒRÃÃãÆ7W'&VçEöWö6…öf–ÆUö–çFVw&—G•öæ÷E÷FV×÷&Åö6ö×&&–Æ—G£sbÂÓã3““CCSrÃÃãÆ7W'&VçEöWö6…öf–ÆUö–çFVw&—G•öæ÷E÷FV×÷&Åö6ö×&&–Æ—G£srÂÓã3Cs3ƒ““““““S3Ss3bÃÃãÆ7W'&VçEöWö6…öf–ÆUö–çFVw&—G•öæ÷E÷FV×÷&Åö6ö×&&–Æ—G£s‚ÂÓã#ƒsCccƒ3#RÃÃãÆ7W'&VçEöWö6…öf–ÆUö–çFVw&—G•öæ÷E÷FV×÷&Åö6ö×&&–Æ—G£s’Ãã##Ccs#ƒ‚ÃÃãÆ7W'&VçEöWö6…öf–ÆUö–çFVw&—G•öæ÷E÷FV×÷&Åö6ö×&&–Æ—G£s#Ãã33CS#c3“ƒbÃÃãÆ7W'&VçEöWö6…öf–ÆUö–çFVw&—G•öæ÷E÷FV×÷&Åö6ö×&&–Æ—G£s#ÂÓãCC##CƒcSBÃÃãÆ7W'&VçEöWö6…öf–ÆUö–çFVw&—G•öæ÷E÷FV×÷&Åö6ö×&&–Æ—G£s#"ÂÓã#sƒcc3Sƒ3#bÃÃãÆ7W'&VçEöWö6…öf–ÆUö–çFVw&—G•öæ÷E÷FV×÷&Åö6ö×&&–Æ—G£s#2ÂÓãCc3“““““““ƒ3#3bÃÃãÆ7W'&VçEöWö6…öf–ÆUö–çFVw&—G•öæ÷E÷FV×÷&Åö6ö×&&–Æ—G£s#BÂÓãs#3#ƒ“sSrÃÃãÆ7W'&VçEöWö6…öf–ÆUö–çFVw&—G•öæ÷E÷FV×÷&Åö6ö×&&–Æ—G£s#RÃã#cs3cs“ƒcRÃÃãÆ7W'&VçEöWö6…öf–ÆUö–çFVw&—G•öæ÷E÷FV×÷&Åö6ö×&&–Æ—G£s#bÂÓãCsc“““““““CS“ƒ32ÃÃãÆ7W'&VçEöWö6…öf–ÆUö–çFVw&—G•öæ÷E÷FV×÷&Åö6ö×&&–Æ—G£s#rÃã3ƒ“#SsCbÃÃãÆ7W'&VçEöWö6…öf–ÆUö–çFVw&—G•öæ÷E÷FV×÷&Åö6ö×&&–Æ—G£s#‚Ãã3#SS3S3“#bÃÃãÆ7W'&VçEöWö6…öf–ÆUö–çFVw&—G•öæ÷E÷FV×÷&Åö6ö×&&–Æ—G£s#’ÃãCc#cSC#rÃÃãÆ7W'&VçEöWö6…öf–ÆUö–çFVw&—G•öæ÷E÷FV×÷&Åö6ö×&&–Æ—G£s3ÃãcSS#s“3“rÃÃãÆ7W'&VçEöWö6…öf–ÆUö–çFVw&—G•öæ÷E÷FV×÷&Åö6ö×&&–Æ—G£s3ÃãC#ƒS““““““““#sƒ"ÃÃãÆ7W'&VçEöWö6…öf–ÆUö–çFVw&—G•öæ÷E÷FV×÷&Åö6ö×&&–Æ—G£s3"Ãã“s3“sƒ"ÃÃãÆ7W'&VçEöWö6…öf–ÆUö–çFVw&—G•öæ÷E÷FV×÷&Åö6ö×&&–Æ—G£s32Ãã3#ƒScƒƒBÃÃãÆ7W'&VçEöWö6…öf–ÆUö–çFVw&—G•öæ÷E÷FV×÷&Åö6ö×&&–Æ—G£s3BÃã3#ƒ#“““““““3scBÃÃãÆ7W'&VçEöWö6…öf–ÆUö–çFVw&—G•öæ÷E÷FV×÷&Åö6ö×&&–Æ—G£s3RÂÓãS3c““““““sss‚ÃÃãÆ7W'&VçEöWö6…öf–ÆUö–çFVw&—G•öæ÷E÷FV×÷&Åö6ö×&&–Æ—G£s3bÃãCc#CC“““““““ƒ2ÃÃãÆ7W'&VçEöWö6…öf–ÆUö–çFVw&—G•öæ÷E÷FV×÷&Åö6ö×&&–Æ—G£s3rÂÓã#Sc#ƒcC2ÃÃãÆ7W'&VçEöWö6…öf–ÆUö–çFVw&—G•öæ÷E÷FV×÷&Åö6ö×&&–Æ—G£s3‚Ãã#“C““““““sccRÃÃãÆ7W'&VçEöWö6…öf–ÆUö–çFVw&—G•öæ÷E÷FV×÷&Åö6ö×&&–Æ—G£s3’ÂÓãƒ#“3sc#SBÃÃãÆ7W'&VçEöWö6…öf–ÆUö–çFVw&—G•öæ÷E÷FV×÷&Åö6ö×&&–Æ—G£sCÃãsƒs“““““““3cbÃÃãÆ7W'&VçEöWö6…öf–ÆUö–çFVw&—G•öæ÷E÷FV×÷&Åö6ö×&&–Æ—G£sCÃã“““““““ƒ“#ƒ“s“BÃÃãÆ7W'&VçEöWö6…öf–ÆUö–çFVw&—G•öæ÷E÷FV×÷&Åö6ö×&&–Æ—G£sC"ÂÓã##CCSS#SBÃÃãÆ7W'&VçEöWö6…öf–ÆUö–çFVw&—G•öæ÷E÷FV×÷&Åö6ö×&&–Æ—G£sC2ÂÓã#sc“ƒ““““““ƒCss2ÃÃãÆ7W'&VçEöWö6…öf–ÆUö–çFVw&—G•öæ÷E÷FV×÷&Åö6ö×&&–Æ—G£sCBÃã#““““““““Ssc#C‚ÃÃãÆ7W'&VçEöWö6…öf–ÆUö–çFVw&—G•öæ÷E÷FV×÷&Åö6ö×&&–Æ—G£sCRÃãC#ƒƒbÃÃãÆ7W'&VçEöWö6…öf–ÆUö–çFVw&—G•öæ÷E÷FV×÷&Åö6ö×&&–Æ—G£sCbÂÓã3#“s#Cƒ’ÃÃãÆ7W'&VçEöWö6…öf–ÆUö–çFVw&—G•öæ÷E÷FV×÷&Åö6ö×&&–Æ—G£sCrÂÓã#SS“““““““S“#‚ÃÃãÆ7W'&VçEöWö6…öf–ÆUö–çFVw&—G•öæ÷E÷FV×÷&Åö6ö×&&–Æ—G£sC‚Ãã3c3s““““““ss3CSbÃÃãÆ7W'&VçEöWö6…öf–ÆUö–çFVw&—G•öæ÷E÷FV×÷&Åö6ö×&&–Æ—G£sC’Ãã#ƒS3C“#CbÃÃãÆ7W'&VçEöWö6…öf–ÆUö–çFVw&—G•öæ÷E÷FV×÷&Åö6ö×&&–Æ—G£sSÃãCccCCs“c2ÃÃãÆ7W'&VçEöWö6…öf–ÆUö–çFVw&—G•öæ÷E÷FV×÷&Åö6ö×&&–Æ—G£sSÃãƒcC33’ÃÃãÆ7W'&VçEöWö6…öf–ÆUö–çFVw&—G•öæ÷E÷FV×÷&Åö6ö×&&–Æ—G£sS"ÃãCCCSƒ3C3ÃÃãÆ7W'&VçEöWö6…öf–ÆUö–çFVw&—G•öæ÷E÷FV×÷&Åö6ö×&&–Æ—G£sS2ÂÓã“33C#cSCSrÃÃãÆ7W'&VçEöWö6…öf–ÆUö–çFVw&—G•öæ÷E÷FV×÷&Åö6ö×&&–Æ—G£sSBÃã3ƒ3C“““““““c#sCrÃÃãÆ7W'&VçEöWö6…öf–ÆUö–çFVw&—G•öæ÷E÷FV×÷&Åö6ö×&&–Æ—G£sSRÂÓãC33ƒssS#BÃÃãÆ7W'&VçEöWö6…öf–ÆUö–çFVw&—G•öæ÷E÷FV×÷&Åö6ö×&&–Æ—G£sSbÃã3ƒ#Sc“ƒC’ÃÃãÆ7W'&VçEöWö6…öf–ÆUö–çFVw&—G•öæ÷E÷FV×÷&Åö6ö×&&–Æ—G£sSrÃã#c3S“32ÃÃãÆ7W'&VçEöWö6…öf–ÆUö–çFVw&—G•öæ÷E÷FV×÷&Åö6ö×&&–Æ—G£sS‚ÂÓãSs3“““““““S“3cBÃÃãÆ7W'&VçEöWö6…öf–ÆUö–çFVw&—G•öæ÷E÷FV×÷&Åö6ö×&&–Æ—G£sS’Ãã3ScCs#CbÃÃãÆ7W'&VçEöWö6…öf–ÆUö–çFVw&—G•öæ÷E÷FV×÷&Åö6ö×&&–Æ—G£scÂÓã3cSc“ƒS#RÃÃãÆ7W'&VçEöWö6…öf–ÆUö–çFVw&—G•öæ÷E÷FV×÷&Åö6ö×&&–Æ—G£scÂÓãS3““““““““C““CBÃÃãÆ7W'&VçEöWö6…öf–ÆUö–çFVw&—G•öæ÷E÷FV×÷&Åö6ö×&&–Æ—G£sc"ÃãCc““““““““s#c2ÃÃãÆ7W'&VçEöWö6…öf–ÆUö–çFVw&—G•öæ÷E÷FV×÷&Åö6ö×&&–Æ—G£scBÂÓãssc#3“ƒbÃÃãÆ7W'&VçEöWö6…öf–ÆUö–çFVw&—G•öæ÷E÷FV×÷&Åö6ö×&&–Æ—G£scRÃãC“SS“S“CbÃÃãÆ7W'&VçEöWö6…öf–ÆUö–çFVw&—G•öæ÷E÷FV×÷&Åö6ö×&&–Æ—G£scbÃãCs“S#“BÃÃãÆ7W'&VçEöWö6…öf–ÆUö–çFVw&—G•öæ÷E÷FV×÷&Åö6ö×&&–Æ—G£scrÃã3s#S3““““““ccc"ÃÃãÆ7W'&VçEöWö6…öf–ÆUö–çFVw&—G•öæ÷E÷FV×÷&Åö6ö×&&–Æ—G£sc‚ÂÓãC3Ssc““““““cC“sRÃÃãÆ7W'&VçEöWö6…öf–ÆUö–çFVw&—G•öæ÷E÷FV×÷&Åö6ö×&&–Æ—G£sc’ÂÓã3ƒ““““““““SSsc#"ÃÃãÆ7W'&VçEöWö6…öf–ÆUö–çFVw&—G•öæ÷E÷FV×÷&Åö6ö×&&–Æ—G£ssÂÓãcSCs3c“BÃÃãÆ7W'&VçEöWö6…öf–ÆUö–çFVw&—G•öæ÷E÷FV×÷&Åö6ö×&&–Æ—G£ssÃã###CcCS#“BÃÃãÆ7W'&VçEöWö6…öf–ÆUö–çFVw&—G•öæ÷E÷FV×÷&Åö6ö×&&–Æ—G£ss"ÃãCƒ#Cs#cCbÃÃãÆ7W'&VçEöWö6…öf–ÆUö–çFVw&—G•öæ÷E÷FV×÷&Åö6ö×&&–Æ—G£ss2ÂÓã3“#““““““ssSƒbÃÃãÆ7W'&VçEöWö6…öf–ÆUö–çFVw&—G•öæ÷E÷FV×÷&Åö6ö×&&–Æ—G£ssBÃã##ƒ###“3CbÃÃãÆ7W'&VçEöWö6…öf–ÆUö–çFVw&—G•öæ÷E÷FV×÷&Åö6ö×&&–Æ—G£ssRÂÓãC#CC“Cƒƒ2ÃÃãÆ7W'&VçEöWö6…öf–ÆUö–çFVw&—G•öæ÷E÷FV×÷&Åö6ö×&&–Æ—G£ssbÃã3ƒc#““““““c“3S“RÃÃãÆ7W'&VçEöWö6…öf–ÆUö–çFVw&—G•öæ÷E÷FV×÷&Åö6ö×&&–Æ—G£ssrÂÓã3#“sCS##bÃÃãÆ7W'&VçEöWö6…öf–ÆUö–çFVw&—G•öæ÷E÷FV×÷&Åö6ö×&&–Æ—G£ss’ÂÓãC33c3S2ÃÃãÆ7W'&VçEöWö6…öf–ÆUö–çFVw&—G•öæ÷E÷FV×÷&Åö6ö×&&–Æ—G£sƒÃã#“ƒ“““““““““cƒrÃÃãÆ7W'&VçEöWö6…öf–ÆUö–çFVw&—G•öæ÷E÷FV×÷&Åö6ö×&&–Æ—G£sƒÃã3##“““““““ccCcbÃÃãÆ7W'&VçEöWö6…öf–ÆUö–çFVw&—G•öæ÷E÷FV×÷&Åö6ö×&&–Æ—G£sƒ"Ãã3“C“3ƒscrÃÃãÆ7W'&VçEöWö6…öf–ÆUö–çFVw&—G•öæ÷E÷FV×÷&Åö6ö×&&–Æ—G£sƒ2Ããs#sCsC"ÃÃãÆ7W'&VçEöWö6…öf–ÆUö–çFVw&—G•öæ÷E÷FV×÷&Åö6ö×&&–Æ—G£sƒBÃãS3ƒS#C#CBÃÃãÆ7W'&VçEöWö6…öf–ÆUö–çFVw&—G•öæ÷E÷FV×÷&Åö6ö×&&–Æ—G£sƒRÃãCCscCc#“rÃÃãÆ7W'&VçEöWö6…öf–ÆUö–çFVw&—G•öæ÷E÷FV×÷&Åö6ö×&&–Æ—G£sƒbÃã“““““““ƒ“#ƒ“s“BÃÃãÆ7W'&VçEöWö6…öf–ÆUö–çFVw&—G•öæ÷E÷FV×÷&Åö6ö×&&–Æ—G£sƒ‚ÂÓã3CS3“““““““3“c“rÃÃãÆ7W'&VçEöWö6…öf–ÆUö–çFVw&—G•öæ÷E÷FV×÷&Åö6ö×&&–Æ—G£sƒ’ÂÓãCc“““““““cC"ÃÃãÆ7W'&VçEöWö6…öf–ÆUö–çFVw&—G•öæ÷E÷FV×÷&Åö6ö×&&–Æ—G£s“Ãã3s3SS3ƒƒƒ#rÃÃãÆ7W'&VçEöWö6…öf–ÆUö–çFVw&—G•öæ÷E÷FV×÷&Åö6ö×&&–Æ—G£s“ÂÓãCCS“““““““3ƒcsRÃÃãÆ7W'&VçEöWö6…öf–ÆUö–çFVw&—G•öæ÷E÷FV×÷&Åö6ö×&&–Æ—G£s“"Ãã3S“““““““SC3cRÃÃãÆ7W'&VçEöWö6…öf–ÆUö–çFVw&—G•öæ÷E÷FV×÷&Åö6ö×&&–Æ—G£s“2ÂÓã3sƒ#Sƒ“srÃÃãÆ7W'&VçEöWö6…öf–ÆUö–çFVw&—G•öæ÷E÷FV×÷&Åö6ö×&&–Æ—G£s“BÂÓã3cc#cc3bÃÃãÆ7W'&VçEöWö6…öf–ÆUö–çFVw&—G•öæ÷E÷FV×÷&Åö6ö×&&–Æ—G£s“RÂÓã#ƒ“C“RÃÃãÆ7W'&VçEöWö6…öf–ÆUö–çFVw&—G•öæ÷E÷FV×÷&Åö6ö×&&–Æ—G£s“bÂÓã3Cƒ“““““““#“#“RÃÃãÆ7W'&VçEöWö6…öf–ÆUö–çFVw&—G•öæ÷E÷FV×÷&Åö6ö×&&–Æ—G£s“rÃãC“cc““““““ƒƒsssSbÃÃãÆ7W'&VçEöWö6…öf–ÆUö–çFVw&—G•öæ÷E÷FV×÷&Åö6ö×&&–Æ—G£s“‚ÂÓã#3s“““““““ƒCc32ÃÃãÆ7W'&VçEöWö6…öf–ÆUö–çFVw&—G•öæ÷E÷FV×÷&Åö6ö×&&–Æ—G£s“’ÂÓãCƒ#c“““““““3#3RÃÃãÆ7W'&VçEöWö6…öf–ÆUö–çFVw&—G•öæ÷E÷FV×÷&Åö6ö×&&–Æ—G£ƒÃãsc3“““““““ccCs#BÃÃãÆ7W'&VçEöWö6…öf–ÆUö–çFVw&—G•öæ÷E÷FV×÷&Åö6ö×&&–Æ—G£ƒÂÓãC33c“““““““C3#crÃÃãÆ7W'&VçEöWö6…öf–ÆUö–çFVw&—G•öæ÷E÷FV×÷&Åö6ö×&&–Æ—G£ƒ"Ãã#C#“““““““C##S‚ÃÃãÆ7W'&VçEöWö6…öf–ÆUö–çFVw&—G•öæ÷E÷FV×÷&Åö6ö×&&–Æ—G£ƒ2ÂÓãƒc3C##2ÃÃãÆ7W'&VçEöWö6…öf–ÆUö–çFVw&—G•öæ÷E÷FV×÷&Åö6ö×&&–Æ—G£ƒBÂÓãC“s#CÃÃãÆ7W'&VçEöWö6…öf–ÆUö–çFVw&—G•öæ÷E÷FV×÷&Åö6ö×&&–Æ—G£ƒRÃãSSƒss#““‚ÃÃãÆ7W'&VçEöWö6…öf–ÆUö–çFVw&—G•öæ÷E÷FV×÷&Åö6ö×&&–Æ—G£ƒbÃãsƒs““““““ƒƒCS2ÃÃãÆ7W'&VçEöWö6…öf–ÆUö–çFVw&—G•öæ÷E÷FV×÷&Åö6ö×&&–Æ—G£ƒrÂÓãCCƒ“““““““CƒcÃÃãÆ7W'&VçEöWö6…öf–ÆUö–çFVw&—G•öæ÷E÷FV×÷&Åö6ö×&&–Æ—G£ƒ‚Ãã““##sCsBÃÃãÆ7W'&VçEöWö6…öf–ÆUö–çFVw&—G•öæ÷E÷FV×÷&Åö6ö×&&–Æ—G£ƒ’ÂÓã#c#C““““““SsBÃÃãÆ7W'&VçEöWö6…öf–ÆUö–çFVw&—G•öæ÷E÷FV×÷&Åö6ö×&&–Æ—G£ƒÃã“#cCCCsRÃÃãÆ7W'&VçEöWö6…öf–ÆUö–çFVw&—G•öæ÷E÷FV×÷&Åö6ö×&&–Æ—G£ƒÃãCƒ“ƒs"ÃÃãÆ7W'&VçEöWö6…öf–ÆUö–çFVw&—G•öæ÷E÷FV×÷&Åö6ö×&&–Æ—G£ƒ"ÂÓã#3c“““““““cCc“rÃÃãÆ7W'&VçEöWö6…öf–ÆUö–çFVw&—G•öæ÷E÷FV×÷&Åö6ö×&&–Æ—G£ƒ2ÂÓãƒcs##“rÃÃãÆ7W'&VçEöWö6…öf–ÆUö–çFVw&—G•öæ÷E÷FV×÷&Åö6ö×&&–Æ—G£ƒBÃã3sSCcScbÃÃãÆ7W'&VçEöWö6…öf–ÆUö–çFVw&—G•öæ÷E÷FV×÷&Åö6ö×&&–Æ—G£ƒRÂÓãc3S“““““““C3“SBÃÃãÆ7W'&VçEöWö6…öf–ÆUö–çFVw&—G•öæ÷E÷FV×÷&Åö6ö×&&–Æ—G£ƒbÂÓã##c“““““““SS#“cS"ÃÃãÆ7W'&VçEöWö6…öf–ÆUö–çFVw&—G•öæ÷E÷FV×÷&Åö6ö×&&–Æ—G£ƒrÃãƒcs“““““““SƒSScÃÃãÆ7W'&VçEöWö6…öf–ÆUö–çFVw&—G•öæ÷E÷FV×÷&Åö6ö×&&–Æ—G£ƒ‚ÂÓã#c#3#C#BÃÃãÆ7W'&VçEöWö6…öf–ÆUö–çFVw&—G•öæ÷E÷FV×÷&Åö6ö×&&–Æ—G£ƒ#ÂÓãCs##3s“SBÃÃãÆ7W'&VçEöWö6…öf–ÆUö–çFVw&—G•öæ÷E÷FV×÷&Åö6ö×&&–Æ—G£ƒ#Ãã###c“cc#RÃÃãÆ7W'&VçEöWö6…öf–ÆUö–çFVw&—G•öæ÷E÷FV×÷&Åö6ö×&&–Æ—G£ƒ#"ÂÓã#ƒ“ss“““““““SC‚ÃÃãÆ7W'&VçEöWö6…öf–ÆUö–çFVw&—G•öæ÷E÷FV×÷&Åö6ö×&&–Æ—G£ƒ#2Ãã3SssBÃÃãÆ7W'&VçEöWö6…öf–ÆUö–çFVw&—G•öæ÷E÷FV×÷&Åö6ö×&&–Æ—G£ƒ#BÃãSs3“““““““cƒƒÃÃãÆ7W'&VçEöWö6…öf–ÆUö–çFVw&—G•öæ÷E÷FV×÷&Åö6ö×&&–Æ—G£ƒ#RÃã##““““““3Sc“#"ÃÃãÆ7W'&VçEöWö6…öf–ÆUö–çFVw&—G•öæ÷E÷FV×÷&Åö6ö×&&–Æ—G£ƒ#bÃãC“CS““““““sc3CCBÃÃãÆ7W'&VçEöWö6…öf–ÆUö–çFVw&—G•öæ÷E÷FV×÷&Åö6ö×&&–Æ—G£ƒ#rÂÓã3“c“sƒ"ÃÃãÆ7W'&VçEöWö6…öf–ÆUö–çFVw&—G•öæ÷E÷FV×÷&Åö6ö×&&–Æ—G£ƒ#‚Ãã#ƒs“““““““s“srÃÃãÆ7W'&VçEöWö6…öf–ÆUö–çFVw&—G•öæ÷E÷FV×÷&Åö6ö×&&–Æ—G£ƒ#’Ãã##3#sc3cƒRÃÃãÆ7W'&VçEöWö6…öf–ÆUö–çFVw&—G•öæ÷E÷FV×÷&Åö6ö×&&–Æ—G£ƒ3ÃãCƒ#C“#’ÃÃãÆ7W'&VçEöWö6…öf–ÆUö–çFVw&—G•öæ÷E÷FV×÷&Åö6ö×&&–Æ—G£ƒ3Ãã#3““““““ƒC3S3s‚ÃÃãÆ7W'&VçEöWö6…öf–ÆUö–çFVw&—G•öæ÷E÷FV×÷&Åö6ö×&&–Æ—G£ƒ3"Ããsƒ“Cc“rÃÃãÆ7W'&VçEöWö6…öf–ÆUö–çFVw&—G•öæ÷E÷FV×÷&Åö6ö×&&–Æ—G£ƒ32Ããcƒ#3ƒcbÃÃãÆ7W'&VçEöWö6…öf–ÆUö–çFVw&—G•öæ÷E÷FV×÷&Åö6ö×&&–Æ—G£ƒ3BÂÓãCs“SSs‚ÃÃãÆ7W'&VçEöWö6…öf–ÆUö–çFVw&—G•öæ÷E÷FV×÷&Åö6ö×&&–Æ—G£ƒ3RÃã3ƒ3ƒ“ScBÃÃãÆ7W'&VçEöWö6…öf–ÆUö–çFVw&—G•öæ÷E÷FV×÷&Åö6ö×&&–Æ—G£ƒ3bÂÓã““c““““““c3“BÃÃãÆ7W'&VçEöWö6…öf–ÆUö–çFVw&—G•öæ÷E÷FV×÷&Åö6ö×&&–Æ—G£ƒ3rÃãCƒ#“#sƒBÃÃãÆ7W'&VçEöWö6…öf–ÆUö–çFVw&—G•öæ÷E÷FV×÷&Åö6ö×&&–Æ—G£ƒ3‚ÃãS“““““““CSS“RÃÃãÆ7W'&VçEöWö6…öf–ÆUö–çFVw&—G•öæ÷E÷FV×÷&Åö6ö×&&–Æ—G£ƒ3’ÂÓãSC3SsƒBÃÃãÆ7W'&VçEöWö6…öf–ÆUö–çFVw&—G•öæ÷E÷FV×÷&Åö6ö×&&–Æ—G£ƒCÃãC#C#“S‚ÃÃãÆ7W'&VçEöWö6…öf–ÆUö–çFVw&—G•öæ÷E÷FV×÷&Åö6ö×&&–Æ—G£ƒCÂÓãSƒ#Sƒc#cCRÃÃãÆ7W'&VçEöWö6…öf–ÆUö–çFVw&—G•öæ÷E÷FV×÷&Åö6ö×&&–Æ—G£ƒC"Ããs3Cƒ““““““S#scbÃÃãÆ7W'&VçEöWö6…öf–ÆUö–çFVw&—G•öæ÷E÷FV×÷&Åö6ö×&&–Æ—G£ƒC2Ãã#c“SsC#32ÃÃãÆ7W'&VçEöWö6…öf–ÆUö–çFVw&—G•öæ÷E÷FV×÷&Åö6ö×&&–Æ—G£ƒCBÂÓãC“ƒC3SSrÃÃãÆ7W'&VçEöWö6…öf–ÆUö–çFVw&—G•öæ÷E÷FV×÷&Åö6ö×&&–Æ—G£ƒCRÂÓã3CCc““““““““#ÃÃãÆ7W'&VçEöWö6…öf–ÆUö–çFVw&—G•öæ÷E÷FV×÷&Åö6ö×&&–Æ—G£ƒCbÂÓãCS“““““““cƒ33RÃÃãÆ7W'&VçEöWö6…öf–ÆUö–çFVw&—G•öæ÷E÷FV×÷&Åö6ö×&&–Æ—G£ƒCrÃã#ƒcCs““““““S#ƒ3RÃÃãÆ7W'&VçEöWö6…öf–ÆUö–çFVw&—G•öæ÷E÷FV×÷&Åö6ö×&&–Æ—G£ƒC‚Ãã###“““““““C“s’ÃÃãÆ7W'&VçEöWö6…öf–ÆUö–çFVw&—G•öæ÷E÷FV×÷&Åö6ö×&&–Æ—G£ƒC’ÂÓã#ƒssSƒrÃÃãÆ7W'&VçEöWö6…öf–ÆUö–çFVw&—G•öæ÷E÷FV×÷&Åö6ö×&&–Æ—G£ƒSÃãC#““““““ss“#scRÃÃãÆ7W'&VçEöWö6…öf–ÆUö–çFVw&—G•öæ÷E÷FV×÷&Åö6ö×&&–Æ—G£ƒSÃã#s3ƒCC"ÃÃãÆ7W'&VçEöWö6…öf–ÆUö–çFVw&—G•öæ÷E÷FV×÷&Åö6ö×&&–Æ—G£ƒS"ÃãC#c““““““ƒc#cBÃÃãÆ7W'&VçEöWö6…öf–ÆUö–çFVw&—G•öæ÷E÷FV×÷&Åö6ö×&&–Æ—G£ƒS2ÂÓã#S#Cscs#CRÃÃãÆ7W'&VçEöWö6…öf–ÆUö–çFVw&—G•öæ÷E÷FV×÷&Åö6ö×&&–Æ—G£ƒSBÃã3S“CC“‚ÃÃãÆ7W'&VçEöWö6…öf–ÆUö–çFVw&—G•öæ÷E÷FV×÷&Åö6ö×&&–Æ—G£ƒSRÃã3“#“c“32ÃÃãÆ7W'&VçEöWö6…öf–ÆUö–çFVw&—G•öæ÷E÷FV×÷&Åö6ö×&&–Æ—G£ƒSbÃã3SscCs#rÃÃãÆ7W'&VçEöWö6…öf–ÆUö–çFVw&—G•öæ÷E÷FV×÷&Åö6ö×&&–Æ—G£ƒSrÃãCƒƒ““““““ƒ“cc#2ÃÃãÆ7W'&VçEöWö6…öf–ÆUö–çFVw&—G•öæ÷E÷FV×÷&Åö6ö×&&–Æ—G£ƒS‚ÂÓãs3Csƒ#2ÃÃãÆ7W'&VçEöWö6…öf–ÆUö–çFVw&—G•öæ÷E÷FV×÷&Åö6ö×&&–Æ—G£ƒS’ÂÓãCC#“#3cSSbÃÃãÆ7W'&VçEöWö6…öf–ÆUö–çFVw&—G•öæ÷E÷FV×÷&Åö6ö×&&–Æ—G£ƒcÃãs“#sƒBÃÃãÆ7W'&VçEöWö6…öf–ÆUö–çFVw&—G•öæ÷E÷FV×÷&Åö6ö×&&–Æ—G£ƒcÂÓãƒ“#“““““““ƒƒ3“"ÃÃãÆ7W'&VçEöWö6…öf–ÆUö–çFVw&—G•öæ÷E÷FV×÷&Åö6ö×&&–Æ—G£ƒc"ÂÓã“ƒ#sc3cƒRÃÃãÆ7W'&VçEöWö6…öf–ÆUö–çFVw&—G•öæ÷E÷FV×÷&Åö6ö×&&–Æ—G£ƒc2Ãã#“s#““““““scS3crÃÃãÆ7W'&VçEöWö6…öf–ÆUö–çFVw&—G•öæ÷E÷FV×÷&Åö6ö×&&–Æ—G£ƒcBÂÓã3#Sc““““““ƒccƒ#ÃÃãÆ7W'&VçEöWö6…öf–ÆUö–çFVw&—G•öæ÷E÷FV×÷&Åö6ö×&&–Æ—G£ƒcRÂÓãccScc3ScrÃÃãÆ7W'&VçEöWö6…öf–ÆUö–çFVw&—G•öæ÷E÷FV×÷&Åö6ö×&&–Æ—G£ƒcbÂÓã#CSS3SSÃÃãÆ7W'&VçEöWö6…öf–ÆUö–çFVw&—G•öæ÷E÷FV×÷&Åö6ö×&&–Æ—G£ƒcrÃã#““SS33cCBÃÃãÆ7W'&VçEöWö6…öf–ÆUö–çFVw&—G•öæ÷E÷FV×÷&Åö6ö×&&–Æ—G£ƒc‚Ããs3“““““““““cƒc‚ÃÃãÆ7W'&VçEöWö6…öf–ÆUö–çFVw&—G•öæ÷E÷FV×÷&Åö6ö×&&–Æ—G£ƒc’Ãã“3s““““““cCS3“’ÃÃãÆ7W'&VçEöWö6…öf–ÆUö–çFVw&—G•öæ÷E÷FV×÷&Åö6ö×&&–Æ—G£ƒsÂÓã3ƒ#c““““““ƒ3“SrÃÃãÆ7W'&VçEöWö6…öf–ÆUö–çFVw&—G•öæ÷E÷FV×÷&Åö6ö×&&–Æ—G£ƒsÂÓãc3“““““““ƒ“sSSCRÃÃãÆ7W'&VçEöWö6…öf–ÆUö–çFVw&—G•öæ÷E÷FV×÷&Åö6ö×&&–Æ—G£ƒs"ÂÓãC“C““cS““BÃÃãÆ7W'&VçEöWö6…öf–ÆUö–çFVw&—G•öæ÷E÷FV×÷&Åö6ö×&&–Æ—G£ƒs2ÂÓã#S#CC““““““““S3C2ÃÃãÆ7W'&VçEöWö6…öf–ÆUö–çFVw&—G•öæ÷E÷FV×÷&Åö6ö×&&–Æ—G£ƒsBÃãCs3“““““““Sƒ3#32ÃÃãÆ7W'&VçEöWö6…öf–ÆUö–çFVw&—G•öæ÷E÷FV×÷&Åö6ö×&&–Æ—G£ƒsRÃãC3S3“#“2ÃÃãÆ7W'&VçEöWö6…öf–ÆUö–çFVw&—G•öæ÷E÷FV×÷&Åö6ö×&&–Æ—G£ƒsrÂÓã33cSc“#‚ÃÃãÆ7W'&VçEöWö6…öf–ÆUö–çFVw&—G•öæ÷E÷FV×÷&Åö6ö×&&–Æ—G£ƒs‚Ããcc“““““““c3csƒBÃÃãÆ7W'&VçEöWö6…öf–ÆUö–çFVw&—G•öæ÷E÷FV×÷&Åö6ö×&&–Æ—G£ƒs’ÂÓãC#C#ƒScƒrÃÃãÆ7W'&VçEöWö6…öf–ÆUö–çFVw&—G•öæ÷E÷FV×÷&Åö6ö×&&–Æ—G£ƒƒÂÓã33“ƒS#RÃÃãÆ7W'&VçEöWö6…öf–ÆUö–çFVw&—G•öæ÷E÷FV×÷&Åö6ö×&&–Æ—G£ƒƒÃã3S“cSSBÃÃãÆ7W'&VçEöWö6…öf–ÆUö–çFVw&—G•öæ÷E÷FV×÷&Åö6ö×&&–Æ—G£ƒƒ"ÂÓã“s““““““ƒSƒC3’ÃÃãÆ7W'&VçEöWö6…öf–ÆUö–çFVw&—G•öæ÷E÷FV×÷&Åö6ö×&&–Æ—G£ƒƒ2Ãã“““s"ÃÃãÆ7W'&VçEöWö6…öf–ÆUö–çFVw&—G•öæ÷E÷FV×÷&Åö6ö×&&–Æ—G£ƒƒBÃã#C3#C“““““““S3C3BÃÃãÆ7W'&VçEöWö6…öf–ÆUö–çFVw&—G•öæ÷E÷FV×÷&Åö6ö×&&–Æ—G£ƒƒRÃãCcs“3#ƒ#’ÃÃãÆ7W'&VçEöWö6…öf–ÆUö–çFVw&—G•öæ÷E÷FV×÷&Åö6ö×&&–Æ—G£ƒƒbÃã3s#“““““““ƒƒƒ#BÃÃãÆ7W'&VçEöWö6…öf–ÆUö–çFVw&—G•öæ÷E÷FV×÷&Åö6ö×&&–Æ—G£ƒƒrÂÓã“3#3sC“cbÃÃãÆ7W'&VçEöWö6…öf–ÆUö–çFVw&—G•öæ÷E÷FV×÷&Åö6ö×&&–Æ—G£ƒƒ‚ÂÓã#C3“““““““CsƒCS“BÃÃãÆ7W'&VçEöWö6…öf–ÆUö–çFVw&—G•öæ÷E÷FV×÷&Åö6ö×&&–Æ—G£ƒƒ’ÂÓã##s3SC‚ÃÃãÆ7W'&VçEöWö6…öf–ÆUö–çFVw&—G•öæ÷E÷FV×÷&Åö6ö×&&–Æ—G£ƒ“ÂÓãCc“cc#Css2ÃÃãÆ7W'&VçEöWö6…öf–ÆUö–çFVw&—G•öæ÷E÷FV×÷&Åö6ö×&&–Æ—G£ƒ“ÂÓã33S““““““ƒcSƒƒ“RÃÃãÆ7W'&VçEöWö6…öf–ÆUö–çFVw&—G•öæ÷E÷FV×÷&Åö6ö×&&–Æ—G£ƒ“"ÂÓã#c“““““““ƒsƒ“#‚ÃÃãÆ7W'&VçEöWö6…öf–ÆUö–çFVw&—G•öæ÷E÷FV×÷&Åö6ö×&&–Æ—G£ƒ“2Ãã33SC“ƒ#bÃÃãÆ7W'&VçEöWö6…öf–ÆUö–çFVw&—G•öæ÷E÷FV×÷&Åö6ö×&&–Æ—G£ƒ“BÃãƒcccS2ÃÃãÆ7W'&VçEöWö6…öf–ÆUö–çFVw&—G•öæ÷E÷FV×÷&Åö6ö×&&–Æ—G£ƒ“RÂÓã3S#C33““2ÃÃãÆ7W'&VçEöWö6…öf–ÆUö–çFVw&—G•öæ÷E÷FV×÷&Åö6ö×&&–Æ—G£ƒ“bÂÓãCCS3cƒƒsRÃÃãÆ7W'&VçEöWö6…öf–ÆUö–çFVw&—G•öæ÷E÷FV×÷&Åö6ö×&&–Æ—G£ƒ“rÂÓãS3““““““““C““CBÃÃãÆ7W'&VçEöWö6…öf–ÆUö–çFVw&—G•öæ÷E÷FV×÷&Åö6ö×&&–Æ—G£ƒ“‚Ãã3CsC#sƒCcSBÃÃãÆ7W'&VçEöWö6…öf–ÆUö–çFVw&—G•öæ÷E÷FV×÷&Åö6ö×&&–Æ—G£ƒ“’Ãã33#3““““““““3#C‚ÃÃãÆ7W'&VçEöWö6…öf–ÆUö–çFVw&—G•öæ÷E÷FV×÷&Åö6ö×&&–Æ—G£“ÂÓã#sƒs#Ss#‚ÃÃãÆ7W'&VçEöWö6…öf–ÆUö–çFVw&—G•öæ÷E÷FV×÷&Åö6ö×&&–Æ—G£“Ãã3c3ƒcCC“BÃÃãÆ7W'&VçEöWö6…öf–ÆUö–çFVw&—G•öæ÷E÷FV×÷&Åö6ö×&&–Æ—G£“"ÂÓã#“sƒ#s“BÃÃãÆ7W'&VçEöWö6…öf–ÆUö–çFVw&—G•öæ÷E÷FV×÷&Åö6ö×&&–Æ—G£“2Ãã3#ƒ3“““““““ƒS“’ÃÃãÆ7W'&VçEöWö6…öf–ÆUö–çFVw&—G•öæ÷E÷FV×÷&Åö6ö×&&–Æ—G£“BÂÓãSCC““““““CS“ƒ32ÃÃãÆ7W'&VçEöWö6…öf–ÆUö–çFVw&—G•öæ÷E÷FV×÷&Åö6ö×&&–Æ—G£“RÂÓã#Cc““““““ƒ#s“"ÃÃãÆ7W'&VçEöWö6…öf–ÆUö–çFVw&—G•öæ÷E÷FV×÷&Åö6ö×&&–Æ—G£“bÃã3SƒCCrÃÃãÆ7W'&VçEöWö6…öf–ÆUö–çFVw&—G•öæ÷E÷FV×÷&Åö6ö×&&–Æ—G£“rÃãCs3S““““““cƒC#ƒbÃÃãÆ7W'&VçEöWö6…öf–ÆUö–çFVw&—G•öæ÷E÷FV×÷&Åö6ö×&&–Æ—G£“‚Ãã3#C#““““““sƒ3“32ÃÃãÆ7W'&VçEöWö6…öf–ÆUö–çFVw&—G•öæ÷E÷FV×÷&Åö6ö×&&–Æ—G£“’ÂÓãCs##“3CbÃÃãÆ7W'&VçEöWö6…öf–ÆUö–çFVw&—G•öæ÷E÷FV×÷&Åö6ö×&&–Æ—G£“ÂÓãS3#ccSC2ÃÃãÆ7W'&VçEöWö6…öf–ÆUö–çFVw&—G•öæ÷E÷FV×÷&Åö6ö×&&–Æ—G£“ÂÓã3#3ƒ““““““ƒƒC“ƒrÃÃãÆ7W'&VçEöWö6…öf–ÆUö–çFVw&—G•öæ÷E÷FV×÷&Åö6ö×&&–Æ—G£“"Ãã3s“#cSrÃÃãÆ7W'&VçEöWö6…öf–ÆUö–çFVw&—G•öæ÷E÷FV×÷&Åö6ö×&&–Æ—G£“2ÃãCS#“““““““C“sƒbÃÃãÆ7W'&VçEöWö6…öf–ÆUö–çFVw&—G•öæ÷E÷FV×÷&Åö6ö×&&–Æ—G£“BÂÓãSƒ3C3##s2ÃÃãÆ7W'&VçEöWö6…öf–ÆUö–çFVw&—G•öæ÷E÷FV×÷&Åö6ö×&&–Æ—G£“RÃã#cs“““““““#3c3SRÃÃãÆ7W'&VçEöWö6…öf–ÆUö–çFVw&—G•öæ÷E÷FV×÷&Åö6ö×&&–Æ—G£“bÃãCs“s##C#bÃÃãÆ7W'&VçEöWö6…öf–ÆUö–çFVw&—G•öæ÷E÷FV×÷&Åö6ö×&&–Æ—G£“rÃã#“#s““““““3sCRÃÃãÆ7W'&VçEöWö6…öf–ÆUö–çFVw&—G•öæ÷E÷FV×÷&Åö6ö×&&–Æ—G£“‚ÂÓãS#3C““““““ccSƒƒ‚ÃÃãÆ7W'&VçEöWö6…öf–ÆUö–çFVw&—G•öæ÷E÷FV×÷&Åö6ö×&&–Æ—G£“’Ãã3Css““““““ƒƒc3sƒbÃÃãÆ7W'&VçEöWö6…öf–ÆUö–çFVw&—G•öæ÷E÷FV×÷&Åö6ö×&&–Æ—G£“#Ãã#“33ssSƒBÃÃãÆ7W'&VçEöWö6…öf–ÆUö–çFVw&—G•öæ÷E÷FV×÷&Åö6ö×&&–Æ—G£“#ÂÓãS3CSC"ÃÃãÆ7W'&VçEöWö6…öf–ÆUö–çFVw&—G•öæ÷E÷FV×÷&Åö6ö×&&–Æ—G£“#"ÃãCCc““““““““3ƒRÃÃãÆ7W'&VçEöWö6…öf–ÆUö–çFVw&—G•öæ÷E÷FV×÷&Åö6ö×&&–Æ—G£“#2Ãã3Ccc“““““““CS“ƒ32ÃÃãÆ7W'&VçEöWö6…öf–ÆUö–çFVw&—G•öæ÷E÷FV×÷&Åö6ö×&&–Æ—G£“#BÂÓãCssC“““““““3S“sbÃÃãÆ7W'&VçEöWö6…öf–ÆUö–çFVw&—G•öæ÷E÷FV×÷&Åö6ö×&&–Æ—G£“#RÂÓã“““““““ƒsƒ“#ƒrÃÃãÆ7W'&VçEöWö6…öf–ÆUö–çFVw&—G•öæ÷E÷FV×÷&Åö6ö×&&–Æ—G£“#bÂÓã3#c#C3‚ÃÃãÆ7W'&VçEöWö6…öf–ÆUö–çFVw&—G•öæ÷E÷FV×÷&Åö6ö×&&–Æ—G£“#rÃã3Cƒ“““““““#“#“RÃÃãÆ7W'&VçEöWö6…öf–ÆUö–çFVw&—G•öæ÷E÷FV×÷&Åö6ö×&&–Æ—G£“#‚ÂÓãCSƒS““““““ƒ3Sc#bÃÃãÆ7W'&VçEöWö6…öf–ÆUö–çFVw&—G•öæ÷E÷FV×÷&Åö6ö×&&–Æ—G£“#’ÂÓã##ƒc#ƒƒbÃÃãÆ7W'&VçEöWö6…öf–ÆUö–çFVw&—G•öæ÷E÷FV×÷&Åö6ö×&&–Æ—G£“3Ãã#“sƒ3“““““““#cƒ’ÃÃãÆ7W'&VçEöWö6…öf–ÆUö–çFVw&—G•öæ÷E÷FV×÷&Åö6ö×&&–Æ—G£“3ÃãSCSS““““““S3““#rÃÃãÆ7W'&VçEöWö6…öf–ÆUö–çFVw&—G•öæ÷E÷FV×÷&Åö6ö×&&–Æ—G£“3"ÂÓã3SS“cssscRÃÃãÆ7W'&VçEöWö6…öf–ÆUö–çFVw&—G•öæ÷E÷FV×÷&Åö6ö×&&–Æ—G£“32Ãã3“#“#ƒ“bÃÃãÆ7W'&VçEöWö6…öf–ÆUö–çFVw&—G•öæ÷E÷FV×÷&Åö6ö×&&–Æ—G£“3BÂÓãsƒƒS#C33RÃÃãÆ7W'&VçEöWö6…öf–ÆUö–çFVw&—G•öæ÷E÷FV×÷&Åö6ö×&&–Æ—G£“3RÂÓãC“ƒ“S“cCbÃÃãÆ7W'&VçEöWö6…öf–ÆUö–çFVw&—G•öæ÷E÷FV×÷&Åö6ö×&&–Æ—G£“3bÃãSssCƒC#ƒ‚ÃÃãÆ7W'&VçEöWö6…öf–ÆUö–çFVw&—G•öæ÷E÷FV×÷&Åö6ö×&&–Æ—G£“3rÂÓãC#cC“ÃÃãÆ7W'&VçEöWö6…öf–ÆUö–çFVw&—G•öæ÷E÷FV×÷&Åö6ö×&&–Æ—G£“3‚Ãã#ss““““““sccRÃÃãÆ7W'&VçEöWö6…öf–ÆUö–çFVw&—G•öæ÷E÷FV×÷&Åö6ö×&&–Æ—G£“3’Ãã“C3““““““ƒCƒƒ“2ÃÃãÆ7W'&VçEöWö6…öf–ÆUö–çFVw&—G•öæ÷E÷FV×÷&Åö6ö×&&–Æ—G£“CÃã3cc“““““““CsRÃÃãÆ7W'&VçEöWö6…öf–ÆUö–çFVw&—G•öæ÷E÷FV×÷&Åö6ö×&&–Æ—G£“CÂÓã33C“““““““c#sCsÃÃãÆ7W'&VçEöWö6…öf–ÆUö–çFVw&—G•öæ÷E÷FV×÷&Åö6ö×&&–Æ—G£“C"Ãã#cƒ“““““““ƒƒcƒCBÃÃãÆ7W'&VçEöWö6…öf–ÆUö–çFVw&—G•öæ÷E÷FV×÷&Åö6ö×&&–Æ—G£“C2Ãã3CsC#““““““C3CcƒrÃÃãÆ7W'&VçEöWö6…öf–ÆUö–çFVw&—G•öæ÷E÷FV×÷&Åö6ö×&&–Æ—G£“CBÃãsƒC““““““Sƒs#rÃÃãÆ7W'&VçEöWö6…öf–ÆUö–çFVw&—G•öæ÷E÷FV×÷&Åö6ö×&&–Æ—G£“CRÃã#C3SCƒrÃÃãÆ7W'&VçEöWö6…öf–ÆUö–çFVw&—G•öæ÷E÷FV×÷&Åö6ö×&&–Æ—G£“CbÂÓã#cc3Sƒ3#bÃÃãÆ7W'&VçEöWö6…öf–ÆUö–çFVw&—G•öæ÷E÷FV×÷&Åö6ö×&&–Æ—G£“CrÂÓã#SCSƒ““““““cƒ#C"ÃÃãÆ7W'&VçEöWö6…öf–ÆUö–çFVw&—G•öæ÷E÷FV×÷&Åö6ö×&&–Æ—G£“C‚ÂÓãCSƒ“s#"ÃÃãÆ7W'&VçEöWö6…öf–ÆUö–çFVw&—G•öæ÷E÷FV×÷&Åö6ö×&&–Æ—G£“C’ÃãcS#“““““““3#“CC‚ÃÃãÆ7W'&VçEöWö6…öf–ÆUö–çFVw&—G•öæ÷E÷FV×÷&Åö6ö×&&–Æ—G£“SÃãC#S3C““““““sscbÃÃãÆ7W'&VçEöWö6…öf–ÆUö–çFVw&—G•öæ÷E÷FV×÷&Åö6ö×&&–Æ—G£“SÂÓãC#3#““““““c“CS#bÃÃãÆ7W'&VçEöWö6…öf–ÆUö–çFVw&—G•öæ÷E÷FV×÷&Åö6ö×&&–Æ—G£“S"Ãã#CS“““““““s#““bÃÃãÆ7W'&VçEöWö6…öf–ÆUö–çFVw&—G•öæ÷E÷FV×÷&Åö6ö×&&–Æ—G£“S2ÂÓã#C3Ss3“RÃÃãÆ7W'&VçEöWö6…öf–ÆUö–çFVw&—G•öæ÷E÷FV×÷&Åö6ö×&&–Æ—G£“SBÃã3#s“3“rÃÃãÆ7W'&VçEöWö6…öf–ÆUö–çFVw&—G•öæ÷E÷FV×÷&Åö6ö×&&–Æ—G£“SRÃãC“ƒ#sBÃÃãÆ7W'&VçEöWö6…öf–ÆUö–çFVw&—G•öæ÷E÷FV×÷&Åö6ö×&&–Æ—G£“SbÃã“s#““““““““ƒ3sBÃÃãÆ7W'&VçEöWö6…öf–ÆUö–çFVw&—G•öæ÷E÷FV×÷&Åö6ö×&&–Æ—G£“SrÃã3c#“s3SsCRÃÃãÆ7W'&VçEöWö6…öf–ÆUö–çFVw&—G•öæ÷E÷FV×÷&Åö6ö×&&–Æ—G£“S‚ÃãS#SS#3ƒc’ÃÃãÆ7W'&VçEöWö6…öf–ÆUö–çFVw&—G•öæ÷E÷FV×÷&Åö6ö×&&–Æ—G£“S’ÂÓã3sS3s33bÃÃãÆ7W'&VçEöWö6…öf–ÆUö–çFVw&—G•öæ÷E÷FV×÷&Åö6ö×&&–Æ—G£“cÃãCs#““““““ƒc3“SbÃÃãÆ7W'&VçEöWö6…öf–ÆUö–çFVw&—G•öæ÷E÷FV×÷&Åö6ö×&&–Æ—G£“cÃãCC““cƒ“‚ÃÃãÆ7W'&VçEöWö6…öf–ÆUö–çFVw&—G•öæ÷E÷FV×÷&Åö6ö×&&–Æ—G£“c"Ãã###““““““ƒƒs#"ÃÃãÆ7W'&VçEöWö6…öf–ÆUö–çFVw&—G•öæ÷E÷FV×÷&Åö6ö×&&–Æ—G£“c2ÃãCc3“““““““sƒBÃÃãÆ7W'&VçEöWö6…öf–ÆUö–çFVw&—G•öæ÷E÷FV×÷&Åö6ö×&&–Æ—G£“cBÂÓãCƒ#3cs“CrÃÃãÆ7W'&VçEöWö6…öf–ÆUö–çFVw&—G•öæ÷E÷FV×÷&Åö6ö×&&–Æ—G£“cRÂÓã#“SC““RÃÃãÆ7W'&VçEöWö6…öf–ÆUö–çFVw&—G•öæ÷E÷FV×÷&Åö6ö×&&–Æ—G£“cbÂÓã3Cƒ#sc3cƒRÃÃãÆ7W'&VçEöWö6…öf–ÆUö–çFVw&—G•öæ÷E÷FV×÷&Åö6ö×&&–Æ—G£“crÂÓãC“CC“s‚ÃÃãÆ7W'&VçEöWö6…öf–ÆUö–çFVw&—G•öæ÷E÷FV×÷&Åö6ö×&&–Æ—G£“c‚Ããs#3“c““ƒ’ÃÃãÆ7W'&VçEöWö6…öf–ÆUö–çFVw&—G•öæ÷E÷FV×÷&Åö6ö×&&–Æ—G£“c’ÂÓãƒ“ccSƒ“bÃÃãÆ7W'&VçEöWö6…öf–ÆUö–çFVw&—G•öæ÷E÷FV×÷&Åö6ö×&&–Æ—G£“sÃã#c“3C3SƒS’ÃÃãÆ7W'&VçEöWö6…öf–ÆUö–çFVw&—G•öæ÷E÷FV×÷&Åö6ö×&&–Æ—G£“sÂÓãƒsC#ƒC‚ÃÃãÆ7W'&VçEöWö6…öf–ÆUö–çFVw&—G•öæ÷E÷FV×÷&Åö6ö×&&–Æ—G£“s"ÂÓãC“3“““““““ƒƒS“2ÃÃãÆ7W'&VçEöWö6…öf–ÆUö–çFVw&—G•öæ÷E÷FV×÷&Åö6ö×&&–Æ—G£“s2ÂÓã#S“““““““C3“SBÃÃãÆ7W'&VçEöWö6…öf–ÆUö–çFVw&—G•öæ÷E÷FV×÷&Åö6ö×&&–Æ—G£“sBÃãCs““““““ƒs“3“3rÃÃãÆ7W'&VçEöWö6…öf–ÆUö–çFVw&—G•öæ÷E÷FV×÷&Åö6ö×&&–Æ—G£“sRÃã#c“#““““““cs33BÃÃãÆ7W'&VçEöWö6…öf–ÆUö–çFVw&—G•öæ÷E÷FV×÷&Åö6ö×&&–Æ—G£“sbÂÓã33ƒ3S3’ÃÃãÆ7W'&VçEöWö6…öf–ÆUö–çFVw&—G•öæ÷E÷FV×÷&Åö6ö×&&–Æ—G£“srÃã#c33C““““““3ƒcrÃÃãÆ7W'&VçEöWö6…öf–ÆUö–çFVw&—G•öæ÷E÷FV×÷&Åö6ö×&&–Æ—G£“s‚ÂÓã#cCC3CƒcBÃÃãÆ7W'&VçEöWö6…öf–ÆUö–çFVw&—G•öæ÷E÷FV×÷&Åö6ö×&&–Æ—G£“s’Ãã3“3““““““ƒcSƒƒ“RÃÃãÆ7W'&VçEöWö6…öf–ÆUö–çFVw&—G•öæ÷E÷FV×÷&Åö6ö×&&–Æ—G£“ƒÃã3“sƒSC3BÃÃãÆ7W'&VçEöWö6…öf–ÆUö–çFVw&—G•öæ÷E÷FV×÷&Åö6ö×&&–Æ—G£“ƒÃã3#sSCsrÃÃãÆ7W'&VçEöWö6…öf–ÆUö–çFVw&—G•öæ÷E÷FV×÷&Åö6ö×&&–Æ—G£“ƒ"ÂÓãCC“ƒ3#S#cBÃÃãÆ7W'&VçEöWö6…öf–ÆUö–çFVw&—G•öæ÷E÷FV×÷&Åö6ö×&&–Æ—G£“ƒ2ÃãCs3“C#SRÃÃãÆ7W'&VçEöWö6…öf–ÆUö–çFVw&—G•öæ÷E÷FV×÷&Åö6ö×&&–Æ—G£“ƒBÂÓã33C““““““““ƒS’ÃÃãÆ7W'&VçEöWö6…öf–ÆUö–çFVw&—G•öæ÷E÷FV×÷&Åö6ö×&&–Æ—G£“ƒRÃã#scssƒRÃÃãÆ7W'&VçEöWö6…öf–ÆUö–çFVw&—G•öæ÷E÷FV×÷&Åö6ö×&&–Æ—G£“ƒbÂÓã##cc““““““““#SC“BÃÃãÆ7W'&VçEöWö6…öf–ÆUö–çFVw&—G•öæ÷E÷FV×÷&Åö6ö×&&–Æ—G£“ƒrÃãCƒ“33“‚ÃÃãÆ7W'&VçEöWö6…öf–ÆUö–çFVw&—G•öæ÷E÷FV×÷&Åö6ö×&&–Æ—G£“ƒ‚ÂÓã3“3“““““““sscRÃÃãÆ7W'&VçEöWö6…öf–ÆUö–çFVw&—G•öæ÷E÷FV×÷&Åö6ö×&&–Æ—G£“ƒ’Ãã###““““““““#3cbÃÃãÆ7W'&VçEöWö6…öf–ÆUö–çFVw&—G•öæ÷E÷FV×÷&Åö6ö×&&–Æ—G£““ÂÓã#c#3#““““““ssCc"ÃÃãÆ7W'&VçEöWö6…öf–ÆUö–çFVw&—G•öæ÷E÷FV×÷&Åö6ö×&&–Æ—G£““ÂÓã#ss“““““““ƒCcsRÃÃãÆ7W'&VçEöWö6…öf–ÆUö–çFVw&—G•öæ÷E÷FV×÷&Åö6ö×&&–Æ—G£““"ÂÓã3ƒC““““““SSS#“3RÃÃãÆ7W'&VçEöWö6…öf–ÆUö–çFVw&—G•öæ÷E÷FV×÷&Åö6ö×&&–Æ—G£““2ÃãƒC““““““““ƒS“2ÃÃãÆ7W'&VçEöWö6…öf–ÆUö–çFVw&—G•öæ÷E÷FV×÷&Åö6ö×&&–Æ—G£““BÃãCS#“““““““csƒc“BÃÃãÆ7W'&VçEöWö6…öf–ÆUö–çFVw&—G•öæ÷E÷FV×÷&Åö6ö×&&–Æ—G£““RÃãsC##3SsBÃÃãÆ7W'&VçEöWö6…öf–ÆUö–çFVw&—G•öæ÷E÷FV×÷&Åö6ö×&&–Æ—G£““bÂÓãƒS#3SC"ÃÃãÆ7W'&VçEöWö6…öf–ÆUö–çFVw&—G•öæ÷E÷FV×÷&Åö6ö×&&–Æ—G£““rÂÓã“C3#3s“C‚ÃÃãÆ7W'&VçEöWö6…öf–ÆUö–çFVw&—G•öæ÷E÷FV×÷&Åö6ö×&&–Æ—G£““‚ÂÓãC“SsSƒrÃÃãÆ7W'&VçEöWö6…öf–ÆUö–çFVw&—G•öæ÷E÷FV×÷&Åö6ö×&&–Æ—G£““’ÂÓã3Sc““““““CCSBÃÃãÆ7W'&VçEöWö6…öf–ÆUö–çFVw&—G•öæ÷E÷FV×÷&Åö6ö×&&–Æ—G£Ãã3ƒsScCS2ÃÃãÆ7W'&VçEöWö6…öf–ÆUö–çFVw&—G•öæ÷E÷FV×÷&Åö6ö×&&–Æ—G£Ãã3“#“#3#rÃÃãÆ7W'&VçEöWö6…öf–ÆUö–çFVw&—G•öæ÷E÷FV×÷&Åö6ö×&&–Æ—G£"Ãã3““““““““cC’ÃÃãÆ7W'&VçEöWö6…öf–ÆUö–çFVw&—G•öæ÷E÷FV×÷&Åö6ö×&&–Æ—G£2ÂÓãSƒ“““““““ƒS“ƒƒBÃÃãÆ7W'&VçEöWö6…öf–ÆUö–çFVw&—G•öæ÷E÷FV×÷&Åö6ö×&&–Æ—G£BÃãC#s““SCbÃÃãÆ7W'&VçEöWö6…öf–ÆUö–çFVw&—G•öæ÷E÷FV×÷&Åö6ö×&&–Æ—G£RÂÓã#ƒC“““““““cƒÃÃãÆ7W'&VçEöWö6…öf–ÆUö–çFVw&—G•öæ÷E÷FV×÷&Åö6ö×&&–Æ—G£bÃãCS##“ƒRÃÃãÆ7W'&VçEöWö6…öf–ÆUö–çFVw&—G•öæ÷E÷FV×÷&Åö6ö×&&–Æ—G£rÂÓã3s“32ÃÃãÆ7W'&VçEöWö6…öf–ÆUö–çFVw&—G•öæ÷E÷FV×÷&Åö6ö×&&–Æ—G£‚Ãã3sC3““““““sSS2ÃÃãÆ7W'&VçEöWö6…öf–ÆUö–çFVw&—G•öæ÷E÷FV×÷&Åö6ö×&&–Æ—G£’ÂÓã#scs““““““C3ƒCÃÃãÆ7W'&VçEöWö6…öf–ÆUö–çFVw&—G•öæ÷E÷FV×÷&Åö6ö×&&–Æ—G£ÂÓã#cƒ“#“CSBÃÃãÆ7W'&VçEöWö6…öf–ÆUö–çFVw&—G•öæ÷E÷FV×÷&Åö6ö×&&–Æ—G£ÃãC“CC““““““sS“CcbÃÃãÆ7W'&VçEöWö6…öf–ÆUö–çFVw&—G•öæ÷E÷FV×÷&Åö6ö×&&–Æ—G£"Ãã#S““““““ƒ“3#3BÃÃãÆ7W'&VçEöWö6…öf–ÆUö–çFVw&—G•öæ÷E÷FV×÷&Åö6ö×&&–Æ—G£2Ãã3CCƒ#scƒRÃÃãÆ7W'&VçEöWö6…öf–ÆUö–çFVw&—G•öæ÷E÷FV×÷&Åö6ö×&&–Æ—G£BÃãC##3Sc3CRÃÃãÆ7W'&VçEöWö6…öf–ÆUö–çFVw&—G•öæ÷E÷FV×÷&Åö6ö×&&–Æ—G£RÃãCs“S““““““c#3sCSrÃÃãÆ7W'&VçEöWö6…öf–ÆUö–çFVw&—G•öæ÷E÷FV×÷&Åö6ö×&&–Æ—G£bÃãƒ#““““““s#ƒS3‚ÃÃãÆ7W'&VçEöWö6…öf–ÆUö–çFVw&—G•öæ÷E÷FV×÷&Åö6ö×&&–Æ—G£rÂÓãSƒƒ3““““““sƒs“2ÃÃãÆ7W'&VçEöWö6…öf–ÆUö–çFVw&—G•öæ÷E÷FV×÷&Åö6ö×&&–Æ—G£‚ÃãƒSSƒs“BÃÃãÆ7W'&VçEöWö6…öf–ÆUö–çFVw&—G•öæ÷E÷FV×÷&Åö6ö×&&–Æ—G£’ÂÓã#c“SS3#SbÃÃãÆ7W'&VçEöWö6…öf–ÆUö–çFVw&—G•öæ÷E÷FV×÷&Åö6ö×&&–Æ—G£#Ããc3ƒcsCcc’ÃÃãÆ7W'&VçEöWö6…öf–ÆUö–çFVw&—G•öæ÷E÷FV×÷&Åö6ö×&&–Æ—G£#Ããs3s““““““ƒ“Sc“"ÃÃãÆ7W'&VçEöWö6…öf–ÆUö–çFVw&—G•öæ÷E÷FV×÷&Åö6ö×&&–Æ—G£#"ÂÓã##Sc“““““““SC3#BÃÃãÆ7W'&VçEöWö6…öf–ÆUö–çFVw&—G•öæ÷E÷FV×÷&Åö6ö×&&–Æ—G£#2Ãã#“##“S#2ÃÃãÆ7W'&VçEöWö6…öf–ÆUö–çFVw&—G•öæ÷E÷FV×÷&Åö6ö×&&–Æ—G£#BÃãCCƒ““““““SS#C““RÃÃãÆ7W'&VçEöWö6…öf–ÆUö–çFVw&—G•öæ÷E÷FV×÷&Åö6ö×&&–Æ—G£#RÂÓãS“S““““““scƒÃÃãÆ7W'&VçEöWö6…öf–ÆUö–çFVw&—G•öæ÷E÷FV×÷&Åö6ö×&&–Æ—G£#bÂÓã#ƒCƒ#3“c‚ÃÃãÆ7W'&VçEöWö6…öf–ÆUö–çFVw&—G•öæ÷E÷FV×÷&Åö6ö×&&–Æ—G£#rÂÓã“C#“““““““s“srÃÃãÆ7W'&VçEöWö6…öf–ÆUö–çFVw&—G•öæ÷E÷FV×÷&Åö6ö×&&–Æ—G£#‚ÂÓãC“cC#cÃÃãÆ7W'&VçEöWö6…öf–ÆUö–çFVw&—G•öæ÷E÷FV×÷&Åö6ö×&&–Æ—G£#’Ãã#ƒ##“ƒ#2ÃÃãÆ7W'&VçEöWö6…öf–ÆUö–çFVw&—G•öæ÷E÷FV×÷&Åö6ö×&&–Æ—G£3ÂÓã3sSSƒ#scbÃÃãÆ7W'&VçEöWö6…öf–ÆUö–çFVw&—G•öæ÷E÷FV×÷&Åö6ö×&&–Æ—G£3Ãã33“““““““ccCs#BÃÃãÆ7W'&VçEöWö6…öf–ÆUö–çFVw&—G•öæ÷E÷FV×÷&Åö6ö×&&–Æ—G£3"ÃãC“cC#ƒCƒBÃÃãÆ7W'&VçEöWö6…öf–ÆUö–çFVw&—G•öæ÷E÷FV×÷&Åö6ö×&&–Æ—G£32ÂÓãƒƒC““““““ƒ“#ƒ“‚ÃÃãÆ7W'&VçEöWö6…öf–ÆUö–çFVw&—G•öæ÷E÷FV×÷&Åö6ö×&&–Æ—G£3BÂÓãCS#s3““““““33SRÃÃãÆ7W'&VçEöWö6…öf–ÆUö–çFVw&—G•öæ÷E÷FV×÷&Åö6ö×&&–Æ—G£3RÃã##““““““““cƒ33RÃÃãÆ7W'&VçEöWö6…öf–ÆUö–çFVw&—G•öæ÷E÷FV×÷&Åö6ö×&&–Æ—G£3bÂÓãc#cƒ““““““ƒƒ3ƒ‚ÃÃãÆ7W'&VçEöWö6…öf–ÆUö–çFVw&—G•öæ÷E÷FV×÷&Åö6ö×&&–Æ—G£3rÃã3“Sc“““““““3ccrÃÃãÆ7W'&VçEöWö6…öf–ÆUö–çFVw&—G•öæ÷E÷FV×÷&Åö6ö×&&–Æ—G£3‚ÂÓãƒcC3“rÃÃãÆ7W'&VçEöWö6…öf–ÆUö–çFVw&—G•öæ÷E÷FV×÷&Åö6ö×&&–Æ—G£3’ÃãƒCCc’ÃÃãÆ7W'&VçEöWö6…öf–ÆUö–çFVw&—G•öæ÷E÷FV×÷&Åö6ö×&&–Æ—G£CÂÓã33SS“““““““#CSSrÃÃãÆ7W'&VçEöWö6…öf–ÆUö–çFVw&—G•öæ÷E÷FV×÷&Åö6ö×&&–Æ—G£CÃãsSs“““““““cƒƒBÃÃãÆ7W'&VçEöWö6…öf–ÆUö–çFVw&—G•öæ÷E÷FV×÷&Åö6ö×&&–Æ—G£C"ÃãC“c“““““““C3#crÃÃãÆ7W'&VçEöWö6…öf–ÆUö–çFVw&—G•öæ÷E÷FV×÷&Åö6ö×&&–Æ—G£C2ÃãCss“““““““3ƒ““ƒBÃÃãÆ7W'&VçEöWö6…öf–ÆUö–çFVw&—G•öæ÷E÷FV×÷&Åö6ö×&&–Æ—G£CBÃã3c“#SS#bÃÃãÆ7W'&VçEöWö6…öf–ÆUö–çFVw&—G•öæ÷E÷FV×÷&Åö6ö×&&–Æ—G£CRÂÓãCCS““““““sS#3bÃÃãÆ7W'&VçEöWö6…öf–ÆUö–çFVw&—G•öæ÷E÷FV×÷&Åö6ö×&&–Æ—G£CbÂÓã33c““““““sC#C’ÃÃãÆ7W'&VçEöWö6…öf–ÆUö–çFVw&—G•öæ÷E÷FV×÷&Åö6ö×&&–Æ—G£CrÃãCƒ3c“““““““sC3RÃÃãÆ7W'&VçEöWö6…öf–ÆUö–çFVw&—G•öæ÷E÷FV×÷&Åö6ö×&&–Æ—G£C‚Ããƒ“““““““““cSsSBÃÃãÆ7W'&VçEöWö6…öf–ÆUö–çFVw&—G•öæ÷E÷FV×÷&Åö6ö×&&–Æ—G£C’ÂÓãcC#s““““““s#33“rÃÃãÆ7W'&VçEöWö6…öf–ÆUö–çFVw&—G•öæ÷E÷FV×÷&Åö6ö×&&–Æ—G£SÃãCC“““““““ƒ3s3RÃÃãÆ7W'&VçEöWö6…öf–ÆUö–çFVw&—G•öæ÷E÷FV×÷&Åö6ö×&&–Æ—G£SÂÓã#3“#ƒ“cCrÃÃãÆ7W'&VçEöWö6…öf–ÆUö–çFVw&—G•öæ÷E÷FV×÷&Åö6ö×&&–Æ—G£S"Ãã#ƒcS“““““““#sc’ÃÃãÆ7W'&VçEöWö6…öf–ÆUö–çFVw&—G•öæ÷E÷FV×÷&Åö6ö×&&–Æ—G£S2ÂÓã#ƒCƒS“““““““sS3"ÃÃãÆ7W'&VçEöWö6…öf–ÆUö–çFVw&—G•öæ÷E÷FV×÷&Åö6ö×&&–Æ—G£SBÂÓã#3S##Cc33C‚ÃÃãÆ7W'&VçEöWö6…öf–ÆUö–çFVw&—G•öæ÷E÷FV×÷&Åö6ö×&&–Æ—G£SRÂÓãCC“““““““cCƒ‚ÃÃãÆ7W'&VçEöWö6…öf–ÆUö–çFVw&—G•öæ÷E÷FV×÷&Åö6ö×&&–Æ—G£SbÂÓãƒ“C““““““sƒSs“S‚ÃÃãÆ7W'&VçEöWö6…öf–ÆUö–çFVw&—G•öæ÷E÷FV×÷&Åö6ö×&&–Æ—G£SrÃãC3Sc#csbÃÃãÆ7W'&VçEöWö6…öf–ÆUö–çFVw&—G•öæ÷E÷FV×÷&Åö6ö×&&–Æ—G£S‚Ãã3s3ƒ#rÃÃãÆ7W'&VçEöWö6…öf–ÆUö–çFVw&—G•öæ÷E÷FV×÷&Åö6ö×&&–Æ—G£S’Ãã3“ƒ“““““““ƒS“’ÃÃãÆ7W'&VçEöWö6…öf–ÆUö–çFVw&—G•öæ÷E÷FV×÷&Åö6ö×&&–Æ—G£cÃã#sS“““““““ƒ“#’ÃÃãÆ7W'&VçEöWö6…öf–ÆUö–çFVw&—G•öæ÷E÷FV×÷&Åö6ö×&&–Æ—G£cÂÓãCSƒ“““““““s3CSs2ÃÃãÆ7W'&VçEöWö6…öf–ÆUö–çFVw&—G•öæ÷E÷FV×÷&Åö6ö×&&–Æ—G£c"ÂÓãCC“S3s#S2ÃÃãÆ7W'&VçEöWö6…öf–ÆUö–çFVw&—G•öæ÷E÷FV×÷&Åö6ö×&&–Æ—G£c2ÂÓãCƒ““““““““CC#bÃÃãÆ7W'&VçEöWö6…öf–ÆUö–çFVw&—G•öæ÷E÷FV×÷&Åö6ö×&&–Æ—G£cBÂÓã““cS“““““““ƒSs“rÃÃãÆ7W'&VçEöWö6…öf–ÆUö–çFVw&—G•öæ÷E÷FV×÷&Åö6ö×&&–Æ—G£cRÂÓãC3S#SBÃÃãÆ7W'&VçEöWö6…öf–ÆUö–çFVw&—G•öæ÷E÷FV×÷&Åö6ö×&&–Æ—G£cbÃãC“#cc3S#SbÃÃãÆ7W'&VçEöWö6…öf–ÆUö–çFVw&—G•öæ÷E÷FV×÷&Åö6ö×&&–Æ—G£crÃã#sƒ“““““““ƒCC#"ÃÃãÆ7W'&VçEöWö6…öf–ÆUö–çFVw&—G•öæ÷E÷FV×÷&Åö6ö×&&–Æ—G£c‚ÂÓãC3sRÃÃãÆ7W'&VçEöWö6…öf–ÆUö–çFVw&—G•öæ÷E÷FV×÷&Åö6ö×&&–Æ—G£c’ÂÓã#“s3SsCRÃÃãÆ7W'&VçEöWö6…öf–ÆUö–çFVw&—G•öæ÷E÷FV×÷&Åö6ö×&&–Æ—G£sÂÓã3#s“bÃÃãÆ7W'&VçEöWö6…öf–ÆUö–çFVw&—G•öæ÷E÷FV×÷&Åö6ö×&&–Æ—G£sÃã##S3S3“2ÃÃãÆ7W'&VçEöWö6…öf–ÆUö–çFVw&—G•öæ÷E÷FV×÷&Åö6ö×&&–Æ—G£s"Ãã#cc#SC“SrÃÃãÆ7W'&VçEöWö6…öf–ÆUö–çFVw&—G•öæ÷E÷FV×÷&Åö6ö×&&–Æ—G£s2ÂÓã#3S#““““““ssSbÃÃãÆ7W'&VçEöWö6…öf–ÆUö–çFVw&—G•öæ÷E÷FV×÷&Åö6ö×&&–Æ—G£sBÂÓã3ssS#sƒ#2ÃÃãÆ7W'&VçEöWö6…öf–ÆUö–çFVw&—G•öæ÷E÷FV×÷&Åö6ö×&&–Æ—G£sRÃãƒ3S3s3rÃÃãÆ7W'&VçEöWö6…öf–ÆUö–çFVw&—G•öæ÷E÷FV×÷&Åö6ö×&&–Æ—G£sbÃãƒs#“33ƒ2ÃÃãÆ7W'&VçEöWö6…öf–ÆUö–çFVw&—G•öæ÷E÷FV×÷&Åö6ö×&&–Æ—G£srÂÓãCƒ“““““““ƒs3BÃÃãÆ7W'&VçEöWö6…öf–ÆUö–çFVw&—G•öæ÷E÷FV×÷&Åö6ö×&&–Æ—G£s‚ÂÓã3ƒSƒ“““““““3ƒS3#rÃÃãÆ7W'&VçEöWö6…öf–ÆUö–çFVw&—G•öæ÷E÷FV×÷&Åö6ö×&&–Æ—G£s’Ãã3SƒsCSbÃÃãÆ7W'&VçEöWö6…öf–ÆUö–çFVw&—G•öæ÷E÷FV×÷&Åö6ö×&&–Æ—G£ƒÃãƒ““““““ƒSCs3c‚ÃÃãÆ7W'&VçEöWö6…öf–ÆUö–çFVw&—G•öæ÷E÷FV×÷&Åö6ö×&&–Æ—G£ƒÂÓãcCs“““““““ƒcC“S‚ÃÃãÆ7W'&VçEöWö6…öf–ÆUö–çFVw&—G•öæ÷E÷FV×÷&Åö6ö×&&–Æ—G£ƒ"ÂÓãC““c““““““ƒSsSsbÃÃãÆ7W'&VçEöWö6…öf–ÆUö–çFVw&—G•öæ÷E÷FV×÷&Åö6ö×&&–Æ—G£ƒ2ÂÓã#3S“““““““3CSsCbÃÃãÆ7W'&VçEöWö6…öf–ÆUö–çFVw&—G•öæ÷E÷FV×÷&Åö6ö×&&–Æ—G£ƒBÂÓãC3ƒƒ“““““““3s3cƒbÃÃãÆ7W'&VçEöWö6…öf–ÆUö–çFVw&—G•öæ÷E÷FV×÷&Åö6ö×&&–Æ—G£ƒRÃãCs3#ƒƒsÃÃãÆ7W'&VçEöWö6…öf–ÆUö–çFVw&—G•öæ÷E÷FV×÷&Åö6ö×&&–Æ—G£ƒbÂÓãcsS3““““““c3srÃÃãÆ7W'&VçEöWö6…öf–ÆUö–çFVw&—G•öæ÷E÷FV×÷&Åö6ö×&&–Æ—G£ƒrÂÓã3cCSS“RÃÃãÆ7W'&VçEöWö6…öf–ÆUö–çFVw&—G•öæ÷E÷FV×÷&Åö6ö×&&–Æ—G£ƒ‚ÂÓãS“s#“““““““3““2ÃÃãÆ7W'&VçEöWö6…öf–ÆUö–çFVw&—G•öæ÷E÷FV×÷&Åö6ö×&&–Æ—G£ƒ’ÃãCcƒ33333C2ÃÃãÆ7W'&VçEöWö6…öf–ÆUö–çFVw&—G•öæ÷E÷FV×÷&Åö6ö×&&–Æ—G£“ÂÓãCcS“““““““ƒSs“s32ÃÃãÆ7W'&VçEöWö6…öf–ÆUö–çFVw&—G•öæ÷E÷FV×÷&Åö6ö×&&–Æ—G£“ÂÓãC“#“““““““3CƒRÃÃãÆ7W'&VçEöWö6…öf–ÆUö–çFVw&—G•öæ÷E÷FV×÷&Åö6ö×&&–Æ—G£“"Ãã3##SssC"ÃÃãÆ7W'&VçEöWö6…öf–ÆUö–çFVw&—G•öæ÷E÷FV×÷&Åö6ö×&&–Æ—G£“2Ãã3cS“““““““““scrÃÃãÆ7W'&VçEöWö6…öf–ÆUö–çFVw&—G•öæ÷E÷FV×÷&Åö6ö×&&–Æ—G£“BÃã33“ƒSS““rÃÃãÆ7W'&VçEöWö6…öf–ÆUö–çFVw&—G•öæ÷E÷FV×÷&Åö6ö×&&–Æ—G£“RÃãC“C“#SC“bÃÃãÆ7W'&VçEöWö6…öf–ÆUö–çFVw&—G•öæ÷E÷FV×÷&Åö6ö×&&–Æ—G£“bÃã33##“2ÃÃãÆ7W'&VçEöWö6…öf–ÆUö–çFVw&—G•öæ÷E÷FV×÷&Åö6ö×&&–Æ—G£“rÂÓãCƒ““““““33S3bÃÃãÆ7W'&VçEöWö6…öf–ÆUö–çFVw&—G•öæ÷E÷FV×÷&Åö6ö×&&–Æ—G£“‚ÃãCS““““““““S#“rÃÃãÆ7W'&VçEöWö6…öf–ÆUö–çFVw&—G•öæ÷E÷FV×÷&Åö6ö×&&–Æ—G£“’ÂÓã#S3ƒC#ƒCrÃÃãÆ7W'&VçEöWö6…öf–ÆUö–çFVw&—G•öæ÷E÷FV×÷&Åö6ö×&&–Æ—G£Ãã3s#““““““ƒ3C##CbÃÃãÆ7W'&VçEöWö6…öf–ÆUö–çFVw&—G•öæ÷E÷FV×÷&Åö6ö×&&–Æ—G£ÂÓãC“s““““““sC##3bÃÃãÆ7W'&VçEöWö6…öf–ÆUö–çFVw&—G•öæ÷E÷FV×÷&Åö6ö×&&–Æ—G£"ÃãC3“““““““sscC‚ÃÃãÆ7W'&VçEöWö6…öf–ÆUö–çFVw&—G•öæ÷E÷FV×÷&Åö6ö×&&–Æ—G£2ÂÓãC3“Ss##ssÃÃãÆ7W'&VçEöWö6…öf–ÆUö–çFVw&—G•öæ÷E÷FV×÷&Åö6ö×&&–Æ—G£BÂÓãSƒ#S““““““cScƒRÃÃãÆ7W'&VçEöWö6…öf–ÆUö–çFVw&—G•öæ÷E÷FV×÷&Åö6ö×&&–Æ—G£RÃãC#s3““““““ƒS“3s2ÃÃãÆ7W'&VçEöWö6…öf–ÆUö–çFVw&—G•öæ÷E÷FV×÷&Åö6ö×&&–Æ—G£bÂÓãCƒ#3ƒcbÃÃãÆ7W'&VçEöWö6…öf–ÆUö–çFVw&—G•öæ÷E÷FV×÷&Åö6ö×&&–Æ—G£rÃãssC“ÃÃãÆ7W'&VçEöWö6…öf–ÆUö–çFVw&—G•öæ÷E÷FV×÷&Åö6ö×&&–Æ—G£‚ÂÓãCS3ƒ“““““““3SC‚ÃÃãÆ7W'&VçEöWö6…öf–ÆUö–çFVw&—G•öæ÷E÷FV×÷&Åö6ö×&&–Æ—G£’ÂÓãcC3CCrÃÃãÆ7W'&VçEöWö6…öf–ÆUö–çFVw&—G•öæ÷E÷FV×÷&Åö6ö×&&–Æ—G£ÂÓã#““““““CƒƒSCrÃÃãÆ7W'&VçEöWö6…öf–ÆUö–çFVw&—G•öæ÷E÷FV×÷&Åö6ö×&&–Æ—G£ÂÓã3c#S3#C"ÃÃãÆ7W'&VçEöWö6…öf–ÆUö–çFVw&—G•öæ÷E÷FV×÷&Åö6ö×&&–Æ—G£"Ãã3ƒs“““““““ƒƒƒ#BÃÃãÆ7W'&VçEöWö6…öf–ÆUö–çFVw&—G•öæ÷E÷FV×÷&Åö6ö×&&–Æ—G£2ÂÓã3cS##3SsBÃÃãÆ7W'&VçEöWö6…öf–ÆUö–çFVw&—G•öæ÷E÷FV×÷&Åö6ö×&&–Æ—G£BÃã#S“s3S##bÃÃãÆ7W'&VçEöWö6…öf–ÆUö–çFVw&—G•öæ÷E÷FV×÷&Åö6ö×&&–Æ—G£RÂÓãCCcC“““““““““bÃÃãÆ7W'&VçEöWö6…öf–ÆUö–çFVw&—G•öæ÷E÷FV×÷&Åö6ö×&&–Æ—G£bÃã#3#SC““RÃÃãÆ7W'&VçEöWö6…öf–ÆUö–çFVw&—G•öæ÷E÷FV×÷&Åö6ö×&&–Æ—G£rÃãC#s3ƒCBÃÃãÆ7W'&VçEöWö6…öf–ÆUö–çFVw&—G•öæ÷E÷FV×÷&Åö6ö×&&–Æ—G£‚Ãã#s3S““““““Scsƒcc2ÃÃãÆ7W'&VçEöWö6…öf–ÆUö–çFVw&—G•öæ÷E÷FV×÷&Åö6ö×&&–Æ—G£’ÃãCs3“““““““S“2ÃÃãÆ7W'&VçEöWö6…öf–ÆUö–çFVw&—G•öæ÷E÷FV×÷&Åö6ö×&&–Æ—G£#ÂÓã3SƒCCrÃÃãÆ7W'&VçEöWö6…öf–ÆUö–çFVw&—G•öæ÷E÷FV×÷&Åö6ö×&&–Æ—G£#Ãã#““““““““##ÃÃãÆ7W'&VçEöWö6…öf–ÆUö–çFVw&—G•öæ÷E÷FV×÷&Åö6ö×&&–Æ—G£#"ÃãCƒc33#““BÃÃãÆ7W'&VçEöWö6…öf–ÆUö–çFVw&—G•öæ÷E÷FV×÷&Åö6ö×&&–Æ—G£#2Ããc#““““““ƒSsSscRÃÃãÆ7W'&VçEöWö6…öf–ÆUö–çFVw&—G•öæ÷E÷FV×÷&Åö6ö×&&–Æ—G£#BÃãCS#S#CCƒRÃÃãÆ7W'&VçEöWö6…öf–ÆUö–çFVw&—G•öæ÷E÷FV×÷&Åö6ö×&&–Æ—G£#RÃãC“s“33ƒ2ÃÃãÆ7W'&VçEöWö6…öf–ÆUö–çFVw&—G•öæ÷E÷FV×÷&Åö6ö×&&–Æ—G£#bÃã#ƒ“33“BÃÃãÆ7W'&VçEöWö6…öf–ÆUö–çFVw&—G•öæ÷E÷FV×÷&Åö6ö×&&–Æ—G£#rÂÓã#“SS“““““““cc“BÃÃãÆ7W'&VçEöWö6…öf–ÆUö–çFVw&—G•öæ÷E÷FV×÷&Åö6ö×&&–Æ—G£#‚ÃãC#sƒC“3bÃÃãÆ7W'&VçEöWö6…öf–ÆUö–çFVw&—G•öæ÷E÷FV×÷&Åö6ö×&&–Æ—G£#’ÂÓãCSS#s“3“rÃÃãÆ7W'&VçEöWö6…öf–ÆUö–çFVw&—G•öæ÷E÷FV×÷&Åö6ö×&&–Æ—G£3ÂÓãCcc““““““C#“ÃÃãÆ7W'&VçEöWö6…öf–ÆUö–çFVw&—G•öæ÷E÷FV×÷&Åö6ö×&&–Æ—G£3ÂÓãCƒsƒ#csrÃÃãÆ7W'&VçEöWö6…öf–ÆUö–çFVw&—G•öæ÷E÷FV×÷&Åö6ö×&&–Æ—G£3"ÂÓã3cc3ƒƒBÃÃãÆ7W'&VçEöWö6…öf–ÆUö–çFVw&—G•öæ÷E÷FV×÷&Åö6ö×&&–Æ—G£32Ããsƒƒ“““““““3SCs‚ÃÃãÆ7W'&VçEöWö6…öf–ÆUö–çFVw&—G•öæ÷E÷FV×÷&Åö6ö×&&–Æ—G£3BÃã#ƒS““““““ƒc3SbÃÃãÆ7W'&VçEöWö6…öf–ÆUö–çFVw&—G•öæ÷E÷FV×÷&Åö6ö×&&–Æ—G£3RÂÓã3S““““““ƒ#3“‚ÃÃãÆ7W'&VçEöWö6…öf–ÆUö–çFVw&—G•öæ÷E÷FV×÷&Åö6ö×&&–Æ—G£3rÂÓãSSS###rÃÃãÆ7W'&VçEöWö6…öf–ÆUö–çFVw&—G•öæ÷E÷FV×÷&Åö6ö×&&–Æ—G£3‚Ããc#CC““““““sc#S2ÃÃãÆ7W'&VçEöWö6…öf–ÆUö–çFVw&—G•öæ÷E÷FV×÷&Åö6ö×&&–Æ—G£3’Ãã“3““““““C#CCC2ÃÃãÆ7W'&VçEöWö6…öf–ÆUö–çFVw&—G•öæ÷E÷FV×÷&Åö6ö×&&–Æ—G£CÂÓã#S#cssƒRÃÃãÆ7W'&VçEöWö6…öf–ÆUö–çFVw&—G•öæ÷E÷FV×÷&Åö6ö×&&–Æ—G£CÂÓã3“S3““““““cƒ“CBÃÃãÆ7W'&VçEöWö6…öf–ÆUö–çFVw&—G•öæ÷E÷FV×÷&Åö6ö×&&–Æ—G£C"ÂÓã3“SC““““““ƒCcsRÃÃãÆ7W'&VçEöWö6…öf–ÆUö–çFVw&—G•öæ÷E÷FV×÷&Åö6ö×&&–Æ—G£C2ÂÓã#3ƒƒ“““““““ccCs#BÃÃãÆ7W'&VçEöWö6…öf–ÆUö–çFVw&—G•öæ÷E÷FV×÷&Åö6ö×&&–Æ—G£CBÃã3“ƒ“c““““““Cs333rÃÃãÆ7W'&VçEöWö6…öf–ÆUö–çFVw&—G•öæ÷E÷FV×÷&Åö6ö×&&–Æ—G£CRÃãC3ƒC#ƒCrÃÃãÆ7W'&VçEöWö6…öf–ÆUö–çFVw&—G•öæ÷E÷FV×÷&Åö6ö×&&–Æ—G£CbÃãsCcsƒsÃÃãÆ7W'&VçEöWö6…öf–ÆUö–çFVw&—G•öæ÷E÷FV×÷&Åö6ö×&&–Æ—G£CrÂÓã##3“CƒƒRÃÃãÆ7W'&VçEöWö6…öf–ÆUö–çFVw&—G•öæ÷E÷FV×÷&Åö6ö×&&–Æ—G£C‚Ãã3sS#“C““RÃÃãÆ7W'&VçEöWö6…öf–ÆUö–çFVw&—G•öæ÷E÷FV×÷&Åö6ö×&&–Æ—G£C’Ãã##c#““““““ƒ#SbÃÃãÆ7W'&VçEöWö6…öf–ÆUö–çFVw&—G•öæ÷E÷FV×÷&Åö6ö×&&–Æ—G£SÂÓã“##CCcRÃÃãÆ7W'&VçEöWö6…öf–ÆUö–çFVw&—G•öæ÷E÷FV×÷&Åö6ö×&&–Æ—G£SÃãcssc3cƒRÃÃãÆ7W'&VçEöWö6…öf–ÆUö–çFVw&—G•öæ÷E÷FV×÷&Åö6ö×&&–Æ—G£S"Ããss3ƒ““C"ÃÃãÆ7W'&VçEöWö6…öf–ÆUö–çFVw&—G•öæ÷E÷FV×÷&Åö6ö×&&–Æ—G£S2ÂÓãs#““““““cs3‚ÃÃãÆ7W'&VçEöWö6…öf–ÆUö–çFVw&—G•öæ÷E÷FV×÷&Åö6ö×&&–Æ—G£SBÂÓã#C#s#SS’ÃÃãÆ7W'&VçEöWö6…öf–ÆUö–çFVw&—G•öæ÷E÷FV×÷&Åö6ö×&&–Æ—G£SRÂÓãƒ3Sƒ#ƒBÃÃãÆ7W'&VçEöWö6…öf–ÆUö–çFVw&—G•öæ÷E÷FV×÷&Åö6ö×&&–Æ—G£SbÂÓãC“3CcbÃÃãÆ7W'&VçEöWö6…öf–ÆUö–çFVw&—G•öæ÷E÷FV×÷&Åö6ö×&&–Æ—G£SrÂÓã3s3#““““““ssCc"ÃÃãÆ7W'&VçEöWö6…öf–ÆUö–çFVw&—G•öæ÷E÷FV×÷&Åö6ö×&&–Æ—G£S‚ÂÓã3s3c“““““““cCcÃÃãÆ7W'&VçEöWö6…öf–ÆUö–çFVw&—G•öæ÷E÷FV×÷&Åö6ö×&&–Æ—G£S’ÂÓã#“#cSrÃÃãÆ7W'&VçEöWö6…öf–ÆUö–çFVw&—G•öæ÷E÷FV×÷&Åö6ö×&&–Æ—G£cÂÓã#CCCs““““““3“#ss‚ÃÃãÆ7W'&VçEöWö6…öf–ÆUö–çFVw&—G•öæ÷E÷FV×÷&Åö6ö×&&–Æ—G£cÃã3s##c3s3CbÃÃãÆ7W'&VçEöWö6…öf–ÆUö–çFVw&—G•öæ÷E÷FV×÷&Åö6ö×&&–Æ—G£c"ÃãS“ƒ““““““ƒCss2ÃÃãÆ7W'&VçEöWö6…öf–ÆUö–çFVw&—G•öæ÷E÷FV×÷&Åö6ö×&&–Æ—G£c2ÃãC####““ƒƒbÃÃãÆ7W'&VçEöWö6…öf–ÆUö–çFVw&—G•öæ÷E÷FV×÷&Åö6ö×&&–Æ—G£cBÃã#c““““““““ƒc2ÃÃãÆ7W'&VçEöWö6…öf–ÆUö–çFVw&—G•öæ÷E÷FV×÷&Åö6ö×&&–Æ—G£cRÃã3sS““““““ƒCccc‚ÃÃãÆ7W'&VçEöWö6…öf–ÆUö–çFVw&—G•öæ÷E÷FV×÷&Åö6ö×&&–Æ—G£cbÂÓãC3sc33bÃÃãÆ7W'&VçEöWö6…öf–ÆUö–çFVw&—G•öæ÷E÷FV×÷&Åö6ö×&&–Æ—G£crÂÓãƒCcƒ““““““CSƒ“"ÃÃãÆ7W'&VçEöWö6…öf–ÆUö–çFVw&—G•öæ÷E÷FV×÷&Åö6ö×&&–Æ—G£c‚ÂÓã33CS““““““ƒS“"ÃÃãÆ7W'&VçEöWö6…öf–ÆUö–çFVw&—G•öæ÷E÷FV×÷&Åö6ö×&&–Æ—G£c’ÃãCs““““““sƒsCbÃÃãÆ7W'&VçEöWö6…öf–ÆUö–çFVw&—G•öæ÷E÷FV×÷&Åö6ö×&&–Æ—G£sÂÓã3##s333cCbÃÃãÆ7W'&VçEöWö6…öf–ÆUö–çFVw&—G•öæ÷E÷FV×÷&Åö6ö×&&–Æ—G£sÂÓãCS“c“33#bÃÃãÆ7W'&VçEöWö6…öf–ÆUö–çFVw&—G•öæ÷E÷FV×÷&Åö6ö×&&–Æ—G£s"Ããsƒ““““““SsS3rÃÃãÆ7W'&VçEöWö6…öf–ÆUö–çFVw&—G•öæ÷E÷FV×÷&Åö6ö×&&–Æ—G£s2ÂÓã3“ƒCCs3RÃÃãÆ7W'&VçEöWö6…öf–ÆUö–çFVw&—G•öæ÷E÷FV×÷&Åö6ö×&&–Æ—G£sBÂÓã33S#3SBÃÃãÆ7W'&VçEöWö6…öf–ÆUö–çFVw&—G•öæ÷E÷FV×÷&Åö6ö×&&–Æ—G£sRÃã#“““““““““S3C3BÃÃãÆ7W'&VçEöWö6…öf–ÆUö–çFVw&—G•öæ÷E÷FV×÷&Åö6ö×&&–Æ—G£sbÂÓã#cƒc33srÃÃãÆ7W'&VçEöWö6…öf–ÆUö–çFVw&—G•öæ÷E÷FV×÷&Åö6ö×&&–Æ—G£srÂÓã3cc3““““““3S‚ÃÃãÆ7W'&VçEöWö6…öf–ÆUö–çFVw&—G•öæ÷E÷FV×÷&Åö6ö×&&–Æ—G£s‚ÂÓã3C3#cƒs’ÃÃãÆ7W'&VçEöWö6…öf–ÆUö–çFVw&—G•öæ÷E÷FV×÷&Åö6ö×&&–Æ—G£s’ÂÓãƒC“““““““c#sCsÃÃãÆ7W'&VçEöWö6…öf–ÆUö–çFVw&—G•öæ÷E÷FV×÷&Åö6ö×&&–Æ—G£ƒÃã##3#sc3cƒRÃÃãÆ7W'&VçEöWö6…öf–ÆUö–çFVw&—G•öæ÷E÷FV×÷&Åö6ö×&&–Æ—G£ƒÂÓã3Cƒ3#3ƒcbÃÃãÆ7W'&VçEöWö6…öf–ÆUö–çFVw&—G•öæ÷E÷FV×÷&Åö6ö×&&–Æ—G£ƒ"Ãã“s3“““““““ƒsC#sÃÃãÆ7W'&VçEöWö6…öf–ÆUö–çFVw&—G•öæ÷E÷FV×÷&Åö6ö×&&–Æ—G£ƒ2ÃãCs“S#“BÃÃãÆ7W'&VçEöWö6…öf–ÆUö–çFVw&—G•öæ÷E÷FV×÷&Åö6ö×&&–Æ—G£ƒBÃã3Sssc3cƒCRÃÃãÆ7W'&VçEöWö6…öf–ÆUö–çFVw&—G•öæ÷E÷FV×÷&Åö6ö×&&–Æ—G£ƒRÃã3c““““““s3ss“ÃÃãÆ7W'&VçEöWö6…öf–ÆUö–çFVw&—G•öæ÷E÷FV×÷&Åö6ö×&&–Æ—G£ƒbÂÓã“scS“2ÃÃãÆ7W'&VçEöWö6…öf–ÆUö–çFVw&—G•öæ÷E÷FV×÷&Åö6ö×&&–Æ—G£ƒrÃãs#Cƒ““““““s“cs"ÃÃãÆ7W'&VçEöWö6…öf–ÆUö–çFVw&—G•öæ÷E÷FV×÷&Åö6ö×&&–Æ—G£ƒ‚ÂÓãƒ3s“““““““ƒƒƒ#BÃÃãÆ7W'&VçEöWö6…öf–ÆUö–çFVw&—G•öæ÷E÷FV×÷&Åö6ö×&&–Æ—G£ƒ’Ãã3c“““““““SƒrÃÃãÆ7W'&VçEöWö6…öf–ÆUö–çFVw&—G•öæ÷E÷FV×÷&Åö6ö×&&–Æ—G£“ÂÓãC#s#3“ƒbÃÃãÆ7W'&VçEöWö6…öf–ÆUö–çFVw&—G•öæ÷E÷FV×÷&Åö6ö×&&–Æ—G£“ÂÓã##C#ƒC‚ÃÃãÆ7W'&VçEöWö6…öf–ÆUö–çFVw&—G•öæ÷E÷FV×÷&Åö6ö×&&–Æ—G£“"ÂÓã#3“““““““sƒ3“"ÃÃãÆ7W'&VçEöWö6…öf–ÆUö–çFVw&—G•öæ÷E÷FV×÷&Åö6ö×&&–Æ—G£“2ÂÓãƒcSƒ#ƒcƒCrÃÃãÆ7W'&VçEöWö6…öf–ÆUö–çFVw&—G•öæ÷E÷FV×÷&Åö6ö×&&–Æ—G£“BÂÓã3CCƒsC3bÃÃãÆ7W'&VçEöWö6…öf–ÆUö–çFVw&—G•öæ÷E÷FV×÷&Åö6ö×&&–Æ—G£“RÂÓãc““““““““#SC“C"ÃÃãÆ7W'&VçEöWö6…öf–ÆUö–çFVw&—G•öæ÷E÷FV×÷&Åö6ö×&&–Æ—G£“bÃãƒ3““““““Scƒs“‚ÃÃãÆ7W'&VçEöWö6…öf–ÆUö–çFVw&—G•öæ÷E÷FV×÷&Åö6ö×&&–Æ—G£“rÂÓã##SSCcScbÃÃãÆ7W'&VçEöWö6…öf–ÆUö–çFVw&—G•öæ÷E÷FV×÷&Åö6ö×&&–Æ—G£“‚ÂÓã#C#““““““c#CcsrÃÃãÆ7W'&VçEöWö6…öf–ÆUö–çFVw&—G•öæ÷E÷FV×÷&Åö6ö×&&–Æ—G£“’ÂÓãCƒCCs3CƒBÃÃãÆ7W'&VçEöWö6…öf–ÆUö–çFVw&—G•öæ÷E÷FV×÷&Åö6ö×&&–Æ—G£#Ãã##33#CcSBÃÃãÆ7W'&VçEöWö6…öf–ÆUö–çFVw&—G•öæ÷E÷FV×÷&Åö6ö×&&–Æ—G£#Ãã3ƒSƒ““““““s#3cBÃÃãÆ7W'&VçEöWö6…öf–ÆUö–çFVw&—G•öæ÷E÷FV×÷&Åö6ö×&&–Æ—G£#"ÂÓã““#““““““sƒ3“33"ÃÃãÆ7W'&VçEöWö6…öf–ÆUö–çFVw&—G•öæ÷E÷FV×÷&Åö6ö×&&–Æ—G£#2ÃãƒcS““““““ƒc3Sc"ÃÃãÆ7W'&VçEöWö6…öf–ÆUö–çFVw&—G•öæ÷E÷FV×÷&Åö6ö×&&–Æ—G£#BÂÓãCƒƒƒ“““““““ccCs#BÃÃãÆ7W'&VçEöWö6…öf–ÆUö–çFVw&—G•öæ÷E÷FV×÷&Åö6ö×&&–Æ—G£#RÃã3C#cƒScCbÃÃãÆ7W'&VçEöWö6…öf–ÆUö–çFVw&—G•öæ÷E÷FV×÷&Åö6ö×&&–Æ—G£#bÃãC“c#3C#“bÃÃãÆ7W'&VçEöWö6…öf–ÆUö–çFVw&—G•öæ÷E÷FV×÷&Åö6ö×&&–Æ—G£#rÂÓã3“3“c“ƒBÃÃãÆ7W'&VçEöWö6…öf–ÆUö–çFVw&—G•öæ÷E÷FV×÷&Åö6ö×&&–Æ—G£#‚ÂÓã#Sc“““““““Cƒ3"ÃÃãÆ7W'&VçEöWö6…öf–ÆUö–çFVw&—G•öæ÷E÷FV×÷&Åö6ö×&&–Æ—G£#’Ãã##3““““““S#C2ÃÃãÆ7W'&VçEöWö6…öf–ÆUö–çFVw&—G•öæ÷E÷FV×÷&Åö6ö×&&–Æ—G£#Ãã#“““““““““Cc2ÃÃãÆ7W'&VçEöWö6…öf–ÆUö–çFVw&—G•öæ÷E÷FV×÷&Åö6ö×&&–Æ—G£#ÂÓãCCC3CCRÃÃãÆ7W'&VçEöWö6…öf–ÆUö–çFVw&—G•öæ÷E÷FV×÷&Åö6ö×&&–Æ—G£#"Ãã#S##““““““sƒ#srÃÃãÆ7W'&VçEöWö6…öf–ÆUö–çFVw&—G•öæ÷E÷FV×÷&Åö6ö×&&–Æ—G£#2Ãã3c3““““““SƒcC“2ÃÃãÆ7W'&VçEöWö6…öf–ÆUö–çFVw&—G•öæ÷E÷FV×÷&Åö6ö×&&–Æ—G£#BÃãc3““““““ƒ#cssBÃÃãÆ7W'&VçEöWö6…öf–ÆUö–çFVw&—G•öæ÷E÷FV×÷&Åö6ö×&&–Æ—G£#RÂÓã33S33#“RÃÃãÆ7W'&VçEöWö6…öf–ÆUö–çFVw&—G•öæ÷E÷FV×÷&Åö6ö×&&–Æ—G£#bÃãs#“s““““““sƒsBÃÃãÆ7W'&VçEöWö6…öf–ÆUö–çFVw&—G•öæ÷E÷FV×÷&Åö6ö×&&–Æ—G£#‚ÂÓãCC“ƒ““““““CƒcƒCÃÃãÆ7W'&VçEöWö6…öf–ÆUö–çFVw&—G•öæ÷E÷FV×÷&Åö6ö×&&–Æ—G£#’ÂÓãCs3ƒS““““““ƒ#3“‚ÃÃãÆ7W'&VçEöWö6…öf–ÆUö–çFVw&—G•öæ÷E÷FV×÷&Åö6ö×&&–Æ—G£##ÂÓã#CCƒ““““““scSƒÃÃãÆ7W'&VçEöWö6…öf–ÆUö–çFVw&—G•öæ÷E÷FV×÷&Åö6ö×&&–Æ—G£##Ãã3CS“SCcbÃÃãÆ7W'&VçEöWö6…öf–ÆUö–çFVw&—G•öæ÷E÷FV×÷&Åö6ö×&&–Æ—G£##"Ããƒ#ƒc##Sc2ÃÃãÆ7W'&VçEöWö6…öf–ÆUö–çFVw&—G•öæ÷E÷FV×÷&Åö6ö×&&–Æ—G£##2ÃãCc#c“ƒ#c2ÃÃãÆ7W'&VçEöWö6…öf–ÆUö–çFVw&—G•öæ÷E÷FV×÷&Åö6ö×&&–Æ—G£##BÃã“CsCccƒ2ÃÃãÆ7W'&VçEöWö6…öf–ÆUö–çFVw&—G•öæ÷E÷FV×÷&Åö6ö×&&–Æ—G£##RÂÓã##CƒC#ƒsrÃÃãÆ7W'&VçEöWö6…öf–ÆUö–çFVw&—G•öæ÷E÷FV×÷&Åö6ö×&&–Æ—G£##bÃã3s#CS#Ss#‚ÃÃãÆ7W'&VçEöWö6…öf–ÆUö–çFVw&—G•öæ÷E÷FV×÷&Åö6ö×&&–Æ—G£##rÂÓã##3“““““““ƒsC#sRÃÃãÆ7W'&VçEöWö6…öf–ÆUö–çFVw&—G•öæ÷E÷FV×÷&Åö6ö×&&–Æ—G£##‚ÂÓã33sC“‚ÃÃãÆ7W'&VçEöWö6…öf–ÆUö–çFVw&—G•öæ÷E÷FV×÷&Åö6ö×&&–Æ—G£##’ÃãCcƒ“““““““CsƒCbÃÃãÆ7W'&VçEöWö6…öf–ÆUö–çFVw&—G•öæ÷E÷FV×÷&Åö6ö×&&–Æ—G£#3ÃãCc““c#sCcBÃÃãÆ7W'&VçEöWö6…öf–ÆUö–çFVw&—G•öæ÷E÷FV×÷&Åö6ö×&&–Æ—G£#3ÂÓã3cC#““““““ƒcSC#BÃÃãÆ7W'&VçEöWö6…öf–ÆUö–çFVw&—G•öæ÷E÷FV×÷&Åö6ö×&&–Æ—G£#32ÃãCCc“““““““3ƒ““ƒBÃÃãÆ7W'&VçEöWö6…öf–ÆUö–çFVw&—G•öæ÷E÷FV×÷&Åö6ö×&&–Æ—G£#3BÂÓã3ƒcS““““““sƒBÃÃãÆ7W'&VçEöWö6…öf–ÆUö–çFVw&—G•öæ÷E÷FV×÷&Åö6ö×&&–Æ—G£#3RÃã3“SC“““““““ƒs“C2ÃÃãÆ7W'&VçEöWö6…öf–ÆUö–çFVw&—G•öæ÷E÷FV×÷&Åö6ö×&&–Æ—G£#3bÂÓãC3“#“s’ÃÃãÆ7W'&VçEöWö6…öf–ÆUö–çFVw&—G•öæ÷E÷FV×÷&Åö6ö×&&–Æ—G£#3rÃã3““““““ƒƒC“ƒcbÃÃãÆ7W'&VçEöWö6…öf–ÆUö–çFVw&—G•öæ÷E÷FV×÷&Åö6ö×&&–Æ—G£#3‚ÃãS#c3SS“#S’ÃÃãÆ7W'&VçEöWö6…öf–ÆUö–çFVw&—G•öæ÷E÷FV×÷&Åö6ö×&&–Æ—G£#3’ÂÓãssCsc“‚ÃÃãÆ7W'&VçEöWö6…öf–ÆUö–çFVw&—G•öæ÷E÷FV×÷&Åö6ö×&&–Æ—G£#CÃã#3SS“ssƒ’ÃÃãÆ7W'&VçEöWö6…öf–ÆUö–çFVw&—G•öæ÷E÷FV×÷&Åö6ö×&&–Æ—G£#CÃã#“3Sc““““““C3cƒBÃÃãÆ7W'&VçEöWö6…öf–ÆUö–çFVw&—G•öæ÷E÷FV×÷&Åö6ö×&&–Æ—G£#C"Ãã#“Sc##2ÃÃãÆ7W'&VçEöWö6…öf–ÆUö–çFVw&—G•öæ÷E÷FV×÷&Åö6ö×&&–Æ—G£#C2ÂÓãC#ƒ““““““ƒcc3SRÃÃãÆ7W'&VçEöWö6…öf–ÆUö–çFVw&—G•öæ÷E÷FV×÷&Åö6ö×&&–Æ—G£#CBÃã#c#ƒ##3“ƒ2ÃÃãÆ7W'&VçEöWö6…öf–ÆUö–çFVw&—G•öæ÷E÷FV×÷&Åö6ö×&&–Æ—G£#CRÃãC33#““““““sS33rÃÃãÆ7W'&VçEöWö6…öf–ÆUö–çFVw&—G•öæ÷E÷FV×÷&Åö6ö×&&–Æ—G£#CbÃãCƒ“#3“bÃÃãÆ7W'&VçEöWö6…öf–ÆUö–çFVw&—G•öæ÷E÷FV×÷&Åö6ö×&&–Æ—G£#CrÃãsc““““““ƒsCssRÃÃãÆ7W'&VçEöWö6…öf–ÆUö–çFVw&—G•öæ÷E÷FV×÷&Åö6ö×&&–Æ—G£#C‚Ãã#s““SCcbÃÃãÆ7W'&VçEöWö6…öf–ÆUö–çFVw&—G•öæ÷E÷FV×÷&Åö6ö×&&–Æ—G£#SÃã3#3““““““ƒC3S3‚ÃÃãÆ7W'&VçEöWö6…öf–ÆUö–çFVw&—G•öæ÷E÷FV×÷&Åö6ö×&&–Æ—G£#SÃã33#Cs’ÃÃãÆ7W'&VçEöWö6…öf–ÆUö–çFVw&—G•öæ÷E÷FV×÷&Åö6ö×&&–Æ—G£#S"ÂÓãCSƒ““““““sCc#rÃÃãÆ7W'&VçEöWö6…öf–ÆUö–çFVw&—G•öæ÷E÷FV×÷&Åö6ö×&&–Æ—G£#S2Ããƒ#““““““s3S3’ÃÃãÆ7W'&VçEöWö6…öf–ÆUö–çFVw&—G•öæ÷E÷FV×÷&Åö6ö×&&–Æ—G£#SBÃã##3ƒc32ÃÃãÆ7W'&VçEöWö6…öf–ÆUö–çFVw&—G•öæ÷E÷FV×÷&Åö6ö×&&–Æ—G£#SRÂÓã3cƒ3#““““““sS33rÃÃãÆ7W'&VçEöWö6…öf–ÆUö–çFVw&—G•öæ÷E÷FV×÷&Åö6ö×&&–Æ—G£#SbÂÓã#3“3“rÃÃãÆ7W'&VçEöWö6…öf–ÆUö–çFVw&—G•öæ÷E÷FV×÷&Åö6ö×&&–Æ—G£#SrÃãssƒC“3bÃÃãÆ7W'&VçEöWö6…öf–ÆUö–çFVw&—G•öæ÷E÷FV×÷&Åö6ö×&&–Æ—G£#S‚Ãã#cSSs“#‚ÃÃãÆ7W'&VçEöWö6…öf–ÆUö–çFVw&—G•öæ÷E÷FV×÷&Åö6ö×&&–Æ—G£#S’ÂÓã#ƒc#cc3S‚ÃÃãÆ7W'&VçEöWö6…öf–ÆUö–çFVw&—G•öæ÷E÷FV×÷&Åö6ö×&&–Æ—G£#cÂÓã3C““““““““Csc2ÃÃãÆ7W'&VçEöWö6…öf–ÆUö–çFVw&—G•öæ÷E÷FV×÷&Åö6ö×&&–Æ—G£#cÂÓã3C“CSc3C‚ÃÃãÆ7W'&VçEöWö6…öf–ÆUö–çFVw&—G•öæ÷E÷FV×÷&Åö6ö×&&–Æ—G£#c"ÂÓãCC3““““““s“c“srÃÃãÆ7W'&VçEöWö6…öf–ÆUö–çFVw&—G•öæ÷E÷FV×÷&Åö6ö×&&–Æ—G£#c2Ãã3#Sc#“‚ÃÃãÆ7W'&VçEöWö6…öf–ÆUö–çFVw&—G•öæ÷E÷FV×÷&Åö6ö×&&–Æ—G£#cBÂÓã#s3“““““““sSsƒSbÃÃãÆ7W'&VçEöWö6…öf–ÆUö–çFVw&—G•öæ÷E÷FV×÷&Åö6ö×&&–Æ—G£#cRÃã#“c3“3Ss"ÃÃãÆ7W'&VçEöWö6…öf–ÆUö–çFVw&—G•öæ÷E÷FV×÷&Åö6ö×&&–Æ—G£#cbÃã3#S#“““““““csƒc“BÃÃãÆ7W'&VçEöWö6…öf–ÆUö–çFVw&—G•öæ÷E÷FV×÷&Åö6ö×&&–Æ—G£#crÃã#“3s““““““ƒC“#bÃÃãÆ7W'&VçEöWö6…öf–ÆUö–çFVw&—G•öæ÷E÷FV×÷&Åö6ö×&&–Æ—G£#c‚ÂÓã#3“““““““sƒ3“"ÃÃãÆ7W'&VçEöWö6…öf–ÆUö–çFVw&—G•öæ÷E÷FV×÷&Åö6ö×&&–Æ—G£#c’Ãã#ƒƒSƒcs2ÃÃãÆ7W'&VçEöWö6…öf–ÆUö–çFVw&—G•öæ÷E÷FV×÷&Åö6ö×&&–Æ—G£#sÂÓãCS3c#SCsrÃÃãÆ7W'&VçEöWö6…öf–ÆUö–çFVw&—G•öæ÷E÷FV×÷&Åö6ö×&&–Æ—G£#sÂÓãCcS3““““““cc2ÃÃãÆ7W'&VçEöWö6…öf–ÆUö–çFVw&—G•öæ÷E÷FV×÷&Åö6ö×&&–Æ—G£#s"ÂÓã“C“#s2ÃÃãÆ7W'&VçEöWö6…öf–ÆUö–çFVw&—G•öæ÷E÷FV×÷&Åö6ö×&&–Æ—G£#s2ÂÓãC#““““““CƒCCs2ÃÃãÆ7W'&VçEöWö6…öf–ÆUö–çFVw&—G•öæ÷E÷FV×÷&Åö6ö×&&–Æ—G£#sBÂÓã3Cs3“““““““ƒsC#rÃÃãÆ7W'&VçEöWö6…öf–ÆUö–çFVw&—G•öæ÷E÷FV×÷&Åö6ö×&&–Æ—G£#sRÂÓã3Cƒ“““““““ƒsC#sRÃÃãÆ7W'&VçEöWö6…öf–ÆUö–çFVw&—G•öæ÷E÷FV×÷&Åö6ö×&&–Æ—G£#sbÃãCScSSƒs“BÃÃãÆ7W'&VçEöWö6…öf–ÆUö–çFVw&—G•öæ÷E÷FV×÷&Åö6ö×&&–Æ—G£#srÂÓã3cS“““““““SC3cRÃÃãÆ7W'&VçEöWö6…öf–ÆUö–çFVw&—G•öæ÷E÷FV×÷&Åö6ö×&&–Æ—G£#s‚ÂÓãC3#3“c’ÃÃãÆ7W'&VçEöWö6…öf–ÆUö–çFVw&—G•öæ÷E÷FV×÷&Åö6ö×&&–Æ—G£#s’Ãã#3cS““““““CScsbÃÃãÆ7W'&VçEöWö6…öf–ÆUö–çFVw&—G•öæ÷E÷FV×÷&Åö6ö×&&–Æ—G£#ƒÃãCƒs““““““ƒ“Sc“ƒrÃÃãÆ7W'&VçEöWö6…öf–ÆUö–çFVw&—G•öæ÷E÷FV×÷&Åö6ö×&&–Æ—G£#ƒÂÓãCCCS““““““ƒs“ƒS“BÃÃãÆ7W'&VçEöWö6…öf–ÆUö–çFVw&—G•öæ÷E÷FV×÷&Åö6ö×&&–Æ—G£#ƒ"ÂÓã3ƒc“““““““C3#crÃÃãÆ7W'&VçEöWö6…öf–ÆUö–çFVw&—G•öæ÷E÷FV×÷&Åö6ö×&&–Æ—G£#ƒ2ÂÓãCƒ“C““““““s#sS’ÃÃãÆ7W'&VçEöWö6…öf–ÆUö–çFVw&—G•öæ÷E÷FV×÷&Åö6ö×&&–Æ—G£#ƒBÂÓã3ƒScƒssƒrÃÃãÆ7W'&VçEöWö6…öf–ÆUö–çFVw&—G•öæ÷E÷FV×÷&Åö6ö×&&–Æ—G£#ƒRÂÓã##3Cs3‚ÃÃãÆ7W'&VçEöWö6…öf–ÆUö–çFVw&—G•öæ÷E÷FV×÷&Åö6ö×&&–Æ—G£#ƒbÃã#“sSS“““““““cc3RÃÃãÆ7W'&VçEöWö6…öf–ÆUö–çFVw&—G•öæ÷E÷FV×÷&Åö6ö×&&–Æ—G£#ƒrÃãCCƒ3“SƒÃÃãÆ7W'&VçEöWö6…öf–ÆUö–çFVw&—G•öæ÷E÷FV×÷&Åö6ö×&&–Æ—G£#ƒ‚Ãã3“cS““““““ƒ“ƒCƒbÃÃãÆ7W'&VçEöWö6…öf–ÆUö–çFVw&—G•öæ÷E÷FV×÷&Åö6ö×&&–Æ—G£#ƒ’ÂÓãC“33““““““3#S2ÃÃãÆ7W'&VçEöWö6…öf–ÆUö–çFVw&—G•öæ÷E÷FV×÷&Åö6ö×&&–Æ—G£#“ÃãSC““““““ƒ““Cs"ÃÃãÆ7W'&VçEöWö6…öf–ÆUö–çFVw&—G•öæ÷E÷FV×÷&Åö6ö×&&–Æ—G£#“Ããs“s““““““33CSrÃÃãÆ7W'&VçEöWö6…öf–ÆUö–çFVw&—G•öæ÷E÷FV×÷&Åö6ö×&&–Æ—G£#“"Ãã#3ƒƒ#ƒCRÃÃãÆ7W'&VçEöWö6…öf–ÆUö–çFVw&—G•öæ÷E÷FV×÷&Åö6ö×&&–Æ—G£#“2ÂÓã3cs3#Cƒ3ƒ"ÃÃãÆ7W'&VçEöWö6…öf–ÆUö–çFVw&—G•öæ÷E÷FV×÷&Åö6ö×&&–Æ—G£#“BÃã3S““3ƒC#RÃÃãÆ7W'&VçEöWö6…öf–ÆUö–çFVw&—G•öæ÷E÷FV×÷&Åö6ö×&&–Æ—G£#“RÃã#sscc#BÃÃãÆ7W'&VçEöWö6…öf–ÆUö–çFVw&—G•öæ÷E÷FV×÷&Åö6ö×&&–Æ—G£#“bÂÓã33sSƒ“bÃÃãÆ7W'&VçEöWö6…öf–ÆUö–çFVw&—G•öæ÷E÷FV×÷&Åö6ö×&&–Æ—G£#“rÂÓãCCC“ƒ#S‚ÃÃãÆ7W'&VçEöWö6…öf–ÆUö–çFVw&—G•öæ÷E÷FV×÷&Åö6ö×&&–Æ—G£#“‚Ããcc#c“3ƒ3RÃÃãÆ7W'&VçEöWö6…öf–ÆUö–çFVw&—G•öæ÷E÷FV×÷&Åö6ö×&&–Æ—G£#“’ÂÓã3c#ƒ““““““Cƒ#cRÃÃãÆ7W'&VçEöWö6…öf–ÆUö–çFVw&—G•öæ÷E÷FV×÷&Åö6ö×&&–Æ—G£3ÂÓã#““““““““c“s3#bÃÃãÆ7W'&VçEöWö6…öf–ÆUö–çFVw&—G•öæ÷E÷FV×÷&Åö6ö×&&–Æ—G£3ÃãCCc#S“RÃÃãÆ7W'&VçEöWö6…öf–ÆUö–çFVw&—G•öæ÷E÷FV×÷&Åö6ö×&&–Æ—G£3"ÂÓãs““““““sƒscSƒCRÃÃãÆ7W'&VçEöWö6…öf–ÆUö–çFVw&—G•öæ÷E÷FV×÷&Åö6ö×&&–Æ—G£32ÂÓãss““““““““s#bÃÃãÆ7W'&VçEöWö6…öf–ÆUö–çFVw&—G•öæ÷E÷FV×÷&Åö6ö×&&–Æ—G£3BÃã#3#C#C"ÃÃãÆ7W'&VçEöWö6…öf–ÆUö–çFVw&—G•öæ÷E÷FV×÷&Åö6ö×&&–Æ—G£3RÂÓã#ƒ#ƒ““““““3ƒ2ÃÃãÆ7W'&VçEöWö6…öf–ÆUö–çFVw&—G•öæ÷E÷FV×÷&Åö6ö×&&–Æ—G£3bÂÓã#S“S“CS’ÃÃãÆ7W'&VçEöWö6…öf–ÆUö–çFVw&—G•öæ÷E÷FV×÷&Åö6ö×&&–Æ—G£3rÃã“##““““““ƒ“33c3bÃÃãÆ7W'&VçEöWö6…öf–ÆUö–çFVw&—G•öæ÷E÷FV×÷&Åö6ö×&&–Æ—G£3‚ÂÓã#ƒSs“““““““sƒ3CrÃÃãÆ7W'&VçEöWö6…öf–ÆUö–çFVw&—G•öæ÷E÷FV×÷&Åö6ö×&&–Æ—G£3’Ããc##ƒ““““““#“3S“"ÃÃãÆ7W'&VçEöWö6…öf–ÆUö–çFVw&—G•öæ÷E÷FV×÷&Åö6ö×&&–Æ—G£3ÂÓã#sc#33sc"ÃÃãÆ7W'&VçEöWö6…öf–ÆUö–çFVw&—G•öæ÷E÷FV×÷&Åö6ö×&&–Æ—G£3ÂÓãCS#css2ÃÃãÆ7W'&VçEöWö6…öf–ÆUö–çFVw&—G•öæ÷E÷FV×÷&Åö6ö×&&–Æ—G£3"ÂÓã3“““““““ƒc#c#““"ÃÃãÆ7W'&VçEöWö6…öf–ÆUö–çFVw&—G•öæ÷E÷FV×÷&Åö6ö×&&–Æ—G£32Ãã“““““““““S3C33’ÃÃãÆ7W'&VçEöWö6…öf–ÆUö–çFVw&—G•öæ÷E÷FV×÷&Åö6ö×&&–Æ—G£3BÂÓãCS“ƒc#cc3bÃÃãÆ7W'&VçEöWö6…öf–ÆUö–çFVw&—G•öæ÷E÷FV×÷&Åö6ö×&&–Æ—G£3RÂÓãC“sS““““““ƒ“ƒCƒbÃÃãÆ7W'&VçEöWö6…öf–ÆUö–çFVw&—G•öæ÷E÷FV×÷&Åö6ö×&&–Æ—G£3bÃãCc#C“““““““Cs“#2ÃÃãÆ7W'&VçEöWö6…öf–ÆUö–çFVw&—G•öæ÷E÷FV×÷&Åö6ö×&&–Æ—G£3rÂÓãC“C““““““Sc##sƒBÃÃãÆ7W'&VçEöWö6…öf–ÆUö–çFVw&—G•öæ÷E÷FV×÷&Åö6ö×&&–Æ—G£3‚Ãã3ƒCƒ3““““““ƒƒ3#RÃÃãÆ7W'&VçEöWö6…öf–ÆUö–çFVw&—G•öæ÷E÷FV×÷&Åö6ö×&&–Æ—G£3’ÂÓã3##c3““““““ƒSSrÃÃãÆ7W'&VçEöWö6…öf–ÆUö–çFVw&—G•öæ÷E÷FV×÷&Åö6ö×&&–Æ—G£3#ÃãC““““““““cƒcsrÃÃãÆ7W'&VçEöWö6…öf–ÆUö–çFVw&—G•öæ÷E÷FV×÷&Åö6ö×&&–Æ—G£3#ÂÓã#3#c“““““““3#3RÃÃãÆ7W'&VçEöWö6…öf–ÆUö–çFVw&—G•öæ÷E÷FV×÷&Åö6ö×&&–Æ—G£3#"ÂÓãƒƒs“““““““ƒƒƒ#BÃÃãÆ7W'&VçEöWö6…öf–ÆUö–çFVw&—G•öæ÷E÷FV×÷&Åö6ö×&&–Æ—G£3#2ÂÓãsƒCC3SRÃÃãÆ7W'&VçEöWö6…öf–ÆUö–çFVw&—G•öæ÷E÷FV×÷&Åö6ö×&&–Æ—G£3#BÂÓã##Cƒ3S“#RÃÃãÆ7W'&VçEöWö6…öf–ÆUö–çFVw&—G•öæ÷E÷FV×÷&Åö6ö×&&–Æ—G£3#RÂÓã3c#C#s#SRÃÃãÆ7W'&VçEöWö6…öf–ÆUö–çFVw&—G•öæ÷E÷FV×÷&Åö6ö×&&–Æ—G£3#bÂÓãscccCcs2ÃÃãÆ7W'&VçEöWö6…öf–ÆUö–çFVw&—G•öæ÷E÷FV×÷&Åö6ö×&&–Æ—G£3#rÂÓãSccSCCCsrÃÃãÆ7W'&VçEöWö6…öf–ÆUö–çFVw&—G•öæ÷E÷FV×÷&Åö6ö×&&–Æ—G£3#‚ÂÓã3#C“““““““s“c#s2ÃÃãÆ7W'&VçEöWö6…öf–ÆUö–çFVw&—G•öæ÷E÷FV×÷&Åö6ö×&&–Æ—G£3#’ÂÓã3““ƒ3sƒ3bÃÃãÆ7W'&VçEöWö6…öf–ÆUö–çFVw&—G•öæ÷E÷FV×÷&Åö6ö×&&–Æ—G£33ÂÓãCSc33srÃÃãÆ7W'&VçEöWö6…öf–ÆUö–çFVw&—G•öæ÷E÷FV×÷&Åö6ö×&&–Æ—G£33ÂÓã#sƒC#C‚ÃÃãÆ7W'&VçEöWö6…öf–ÆUö–çFVw&—G•öæ÷E÷FV×÷&Åö6ö×&&–Æ—G£33"ÃãSc“ƒs#"ÃÃãÆ7W'&VçEöWö6…öf–ÆUö–çFVw&—G•öæ÷E÷FV×÷&Åö6ö×&&–Æ—G£332Ãã##C“““““““scsrÃÃãÆ7W'&VçEöWö6…öf–ÆUö–çFVw&—G•öæ÷E÷FV×÷&Åö6ö×&&–Æ—G£33BÂÓã3#“““““““#s3Sc‚ÃÃãÆ7W'&VçEöWö6…öf–ÆUö–çFVw&—G•öæ÷E÷FV×÷&Åö6ö×&&–Æ—G£33RÃãC“cC#ƒC‚ÃÃãÆ7W'&VçEöWö6…öf–ÆUö–çFVw&—G•öæ÷E÷FV×÷&Åö6ö×&&–Æ—G£33bÃã“sc““““““ssScRÃÃãÆ7W'&VçEöWö6…öf–ÆUö–çFVw&—G•öæ÷E÷FV×÷&Åö6ö×&&–Æ—G£33rÃã3ƒs““““““3ƒ3CcBÃÃãÆ7W'&VçEöWö6…öf–ÆUö–çFVw&—G•öæ÷E÷FV×÷&Åö6ö×&&–Æ—G£33‚ÂÓã3#“““““““ƒS33crÃÃãÆ7W'&VçEöWö6…öf–ÆUö–çFVw&—G•öæ÷E÷FV×÷&Åö6ö×&&–Æ—G£33’Ããƒ3“ƒ3ƒ"ÃÃãÆ7W'&VçEöWö6…öf–ÆUö–çFVw&—G•öæ÷E÷FV×÷&Åö6ö×&&–Æ—G£3CÂÓã##“SSssrÃÃãÆ7W'&VçEöWö6…öf–ÆUö–çFVw&—G•öæ÷E÷FV×÷&Åö6ö×&&–Æ—G£3CÂÓãC3“ƒ“““““““sSsƒSbÃÃãÆ7W'&VçEöWö6…öf–ÆUö–çFVw&—G•öæ÷E÷FV×÷&Åö6ö×&&–Æ—G£3C"ÂÓãcCƒS“ƒSRÃÃãÆ7W'&VçEöWö6…öf–ÆUö–çFVw&—G•öæ÷E÷FV×÷&Åö6ö×&&–Æ—G£3C2ÂÓã#“““““““ƒ#“Sc‚ÃÃãÆ7W'&VçEöWö6…öf–ÆUö–çFVw&—G•öæ÷E÷FV×÷&Åö6ö×&&–Æ—G£3CBÃã3ƒ“S#sƒBÃÃãÆ7W'&VçEöWö6…öf–ÆUö–çFVw&—G•öæ÷E÷FV×÷&Åö6ö×&&–Æ—G£3CRÃã#3CCs3CƒBÃÃãÆ7W'&VçEöWö6…öf–ÆUö–çFVw&—G•öæ÷E÷FV×÷&Åö6ö×&&–Æ—G£3CbÃã3ƒS#C#C3’ÃÃãÆ7W'&VçEöWö6…öf–ÆUö–çFVw&—G•öæ÷E÷FV×÷&Åö6ö×&&–Æ—G£3CrÂÓã#3sc“ƒRÃÃãÆ7W'&VçEöWö6…öf–ÆUö–çFVw&—G•öæ÷E÷FV×÷&Åö6ö×&&–Æ—G£3C‚ÂÓã33#rÃÃãÆ7W'&VçEöWö6…öf–ÆUö–çFVw&—G•öæ÷E÷FV×÷&Åö6ö×&&–Æ—G£3C’Ãã#“3““““““““CC#bÃÃãÆ7W'&VçEöWö6…öf–ÆUö–çFVw&—G•öæ÷E÷FV×÷&Åö6ö×&&–Æ—G£3SÂÓãC“S3#ƒBÃÃãÆ7W'&VçEöWö6…öf–ÆUö–çFVw&—G•öæ÷E÷FV×÷&Åö6ö×&&–Æ—G£3SÃãC###3ƒ3srÃÃãÆ7W'&VçEöWö6…öf–ÆUö–çFVw&—G•öæ÷E÷FV×÷&Åö6ö×&&–Æ—G£3S"Ãã3#““““““ƒ#ƒccbÃÃãÆ7W'&VçEöWö6…öf–ÆUö–çFVw&—G•öæ÷E÷FV×÷&Åö6ö×&&–Æ—G£3S2ÃãƒS““““““sssC3’ÃÃãÆ7W'&VçEöWö6…öf–ÆUö–çFVw&—G•öæ÷E÷FV×÷&Åö6ö×&&–Æ—G£3SBÃãCc“#s#"ÃÃãÆ7W'&VçEöWö6…öf–ÆUö–çFVw&—G•öæ÷E÷FV×÷&Åö6ö×&&–Æ—G£3SRÂÓãCC3sƒC#C’ÃÃãÆ7W'&VçEöWö6…öf–ÆUö–çFVw&—G•öæ÷E÷FV×÷&Åö6ö×&&–Æ—G£3SbÃã3cC“Cƒƒ“BÃÃãÆ7W'&VçEöWö6…öf–ÆUö–çFVw&—G•öæ÷E÷FV×÷&Åö6ö×&&–Æ—G£3SrÃãCs3#ƒƒsÃÃãÆ7W'&VçEöWö6…öf–ÆUö–çFVw&—G•öæ÷E÷FV×÷&Åö6ö×&&–Æ—G£3S‚ÂÓã#“3ƒcS##CrÃÃãÆ7W'&VçEöWö6…öf–ÆUö–çFVw&—G•öæ÷E÷FV×÷&Åö6ö×&&–Æ—G£3S’Ããsƒsƒ““““““ƒcBÃÃãÆ7W'&VçEöWö6…öf–ÆUö–çFVw&—G•öæ÷E÷FV×÷&Åö6ö×&&–Æ—G£3cÂÓã33SsSS3crÃÃãÆ7W'&VçEöWö6…öf–ÆUö–çFVw&—G•öæ÷E÷FV×÷&Åö6ö×&&–Æ—G£3cÃã3#CC““““““ƒsƒ“#‚ÃÃãÆ7W'&VçEöWö6…öf–ÆUö–çFVw&—G•öæ÷E÷FV×÷&Åö6ö×&&–Æ—G£3c"Ãã3Cc“C“s‚ÃÃãÆ7W'&VçEöWö6…öf–ÆUö–çFVw&—G•öæ÷E÷FV×÷&Åö6ö×&&–Æ—G£3c2ÂÓã#c3“““““““SCƒ3’ÃÃãÆ7W'&VçEöWö6…öf–ÆUö–çFVw&—G•öæ÷E÷FV×÷&Åö6ö×&&–Æ—G£3cBÂÓãCƒCC“““““““3ƒS#rÃÃãÆ7W'&VçEöWö6…öf–ÆUö–çFVw&—G•öæ÷E÷FV×÷&Åö6ö×&&–Æ—G£3cRÃãCc“““““““ƒ3#3bÃÃãÆ7W'&VçEöWö6…öf–ÆUö–çFVw&—G•öæ÷E÷FV×÷&Åö6ö×&&–Æ—G£3cbÂÓã33#““““““s#33“rÃÃãÆ7W'&VçEöWö6…öf–ÆUö–çFVw&—G•öæ÷E÷FV×÷&Åö6ö×&&–Æ—G£3crÂÓã#“ScS“#bÃÃãÆ7W'&VçEöWö6…öf–ÆUö–çFVw&—G•öæ÷E÷FV×÷&Åö6ö×&&–Æ—G£3c‚Ãã3c3Cc#ÃÃãÆ7W'&VçEöWö6…öf–ÆUö–çFVw&—G•öæ÷E÷FV×÷&Åö6ö×&&–Æ—G£3c’Ãã#3ƒƒ“““““““ccCs#BÃÃãÆ7W'&VçEöWö6…öf–ÆUö–çFVw&—G•öæ÷E÷FV×÷&Åö6ö×&&–Æ—G£3sÃãƒ#ƒ““““““““s“CRÃÃãÆ7W'&VçEöWö6…öf–ÆUö–çFVw&—G•öæ÷E÷FV×÷&Åö6ö×&&–Æ—G£3sÃã#3cC““““““““cƒc‚ÃÃãÆ7W'&VçEöWö6…öf–ÆUö–çFVw&—G•öæ÷E÷FV×÷&Åö6ö×&&–Æ—G£3s"ÂÓãsƒsC#s“rÃÃãÆ7W'&VçEöWö6…öf–ÆUö–çFVw&—G•öæ÷E÷FV×÷&Åö6ö×&&–Æ—G£3s2ÂÓãc3c“““““““ƒsƒ“#‚ÃÃãÆ7W'&VçEöWö6…öf–ÆUö–çFVw&—G•öæ÷E÷FV×÷&Åö6ö×&&–Æ—G£3sBÂÓãƒ3“““““““3ccrÃÃãÆ7W'&VçEöWö6…öf–ÆUö–çFVw&—G•öæ÷E÷FV×÷&Åö6ö×&&–Æ—G£3sRÂÓã#SƒcS33““2ÃÃãÆ7W'&VçEöWö6…öf–ÆUö–çFVw&—G•öæ÷E÷FV×÷&Åö6ö×&&–Æ—G£3sbÂÓã3S#“““““““CCSƒc2ÃÃãÆ7W'&VçEöWö6…öf–ÆUö–çFVw&—G•öæ÷E÷FV×÷&Åö6ö×&&–Æ—G£3srÃã3Cs3SsCRÃÃãÆ7W'&VçEöWö6…öf–ÆUö–çFVw&—G•öæ÷E÷FV×÷&Åö6ö×&&–Æ—G£3s‚Ãã3sƒS“““““““c3csƒBÃÃãÆ7W'&VçEöWö6…öf–ÆUö–çFVw&—G•öæ÷E÷FV×÷&Åö6ö×&&–Æ—G£3s’Ãã3s#“““““““SSÃÃãÆ7W'&VçEöWö6…öf–ÆUö–çFVw&—G•öæ÷E÷FV×÷&Åö6ö×&&–Æ—G£3ƒÃãƒC“#ccƒ#BÃÃãÆ7W'&VçEöWö6…öf–ÆUö–çFVw&—G•öæ÷E÷FV×÷&Åö6ö×&&–Æ—G£3ƒÃã#“Cƒ33c"ÃÃãÆ7W'&VçEöWö6…öf–ÆUö–çFVw&—G•öæ÷E÷FV×÷&Åö6ö×&&–Æ—G£3ƒ"ÂÓã3sSCSC"ÃÃãÆ7W'&VçEöWö6…öf–ÆUö–çFVw&—G•öæ÷E÷FV×÷&Åö6ö×&&–Æ—G£3ƒ2Ãã##Cc“#s3ƒÃÃãÆ7W'&VçEöWö6…öf–ÆUö–çFVw&—G•öæ÷E÷FV×÷&Åö6ö×&&–Æ—G£3ƒBÃã#3sSƒ““““““c““ƒ‚ÃÃãÆ7W'&VçEöWö6…öf–ÆUö–çFVw&—G•öæ÷E÷FV×÷&Åö6ö×&&–Æ—G£3ƒRÂÓãCSc3“““““““SCƒ3ÃÃãÆ7W'&VçEöWö6…öf–ÆUö–çFVw&—G•öæ÷E÷FV×÷&Åö6ö×&&–Æ—G£3ƒbÂÓã3SsS““““““scƒÃÃãÆ7W'&VçEöWö6…öf–ÆUö–çFVw&—G•öæ÷E÷FV×÷&Åö6ö×&&–Æ—G£3ƒrÂÓãƒ#3“#c“bÃÃãÆ7W'&VçEöWö6…öf–ÆUö–çFVw&—G•öæ÷E÷FV×÷&Åö6ö×&&–Æ—G£3ƒ‚Ãã#3sS“““““““3ƒ"ÃÃãÆ7W'&VçEöWö6…öf–ÆUö–çFVw&—G•öæ÷E÷FV×÷&Åö6ö×&&–Æ—G£3ƒ’ÂÓãsƒ“““““““3sƒ3BÃÃãÆ7W'&VçEöWö6…öf–ÆUö–çFVw&—G•öæ÷E÷FV×÷&Åö6ö×&&–Æ—G£3“ÂÓã“S33ƒSÃÃãÆ7W'&VçEöWö6…öf–ÆUö–çFVw&—G•öæ÷E÷FV×÷&Åö6ö×&&–Æ—G£3“ÂÓã3#CcS##“3BÃÃãÆ7W'&VçEöWö6…öf–ÆUö–çFVw&—G•öæ÷E÷FV×÷&Åö6ö×&&–Æ—G£3“"ÃãssƒC“3bÃÃãÆ7W'&VçEöWö6…öf–ÆUö–çFVw&—G•öæ÷E÷FV×÷&Åö6ö×&&–Æ—G£3“2Ãã#3ƒCc““““““cS“c"ÃÃãÆ7W'&VçEöWö6…öf–ÆUö–çFVw&—G•öæ÷E÷FV×÷&Åö6ö×&&–Æ—G£3“BÂÓãC#C3sS#SbÃÃãÆ7W'&VçEöWö6…öf–ÆUö–çFVw&—G•öæ÷E÷FV×÷&Åö6ö×&&–Æ—G£3“RÃãCS#ƒ“ƒ‚ÃÃãÆ7W'&VçEöWö6…öf–ÆUö–çFVw&—G•öæ÷E÷FV×÷&Åö6ö×&&–Æ—G£3“bÂÓãCƒC“““““““ƒc3bÃÃãÆ7W'&VçEöWö6…öf–ÆUö–çFVw&—G•öæ÷E÷FV×÷&Åö6ö×&&–Æ—G£3“rÂÓã3Cs“““““““#ƒ#ƒ‚ÃÃãÆ7W'&VçEöWö6…öf–ÆUö–çFVw&—G•öæ÷E÷FV×÷&Åö6ö×&&–Æ—G£3“‚ÂÓã#33sC3"ÃÃãÆ7W'&VçEöWö6…öf–ÆUö–çFVw&—G•öæ÷E÷FV×÷&Åö6ö×&&–Æ—G£3“’Ãã#s“3ccRÃÃãÆ7W'&VçEöWö6…öf–ÆUö–çFVw&—G•öæ÷E÷FV×÷&Åö6ö×&&–Æ—G£CÂÓã3#s#c“SrÃÃãÆ7W'&VçEöWö6…öf–ÆUö–çFVw&—G•öæ÷E÷FV×÷&Åö6ö×&&–Æ—G£CÂÓã3s“#Cƒ“sCrÃÃãÆ7W'&VçEöWö6…öf–ÆUö–çFVw&—G•öæ÷E÷FV×÷&Åö6ö×&&–Æ—G£C"ÃãsC#S“ƒ3’ÃÃãÆ7W'&VçEöWö6…öf–ÆUö–çFVw&—G•öæ÷E÷FV×÷&Åö6ö×&&–Æ—G£C2ÂÓãCCs“““““““sCƒSC2ÃÃãÆ7W'&VçEöWö6…öf–ÆUö–çFVw&—G•öæ÷E÷FV×÷&Åö6ö×&&–Æ—G£CBÂÓã3ƒ3““““““ƒS“ƒ3bÃÃãÆ7W'&VçEöWö6…öf–ÆUö–çFVw&—G•öæ÷E÷FV×÷&Åö6ö×&&–Æ—G£CRÃã“C“S““““““3CC3RÃÃãÆ7W'&VçEöWö6…öf–ÆUö–çFVw&—G•öæ÷E÷FV×÷&Åö6ö×&&–Æ—G£CbÃã3#s3S““““““ScsƒcbÃÃãÆ7W'&VçEöWö6…öf–ÆUö–çFVw&—G•öæ÷E÷FV×÷&Åö6ö×&&–Æ—G£CrÂÓãCscsSS##RÃÃãÆ7W'&VçEöWö6…öf–ÆUö–çFVw&—G•öæ÷E÷FV×÷&Åö6ö×&&–Æ—G£C‚Ãã#SsS“““““““#3rÃÃãÆ7W'&VçEöWö6…öf–ÆUö–çFVw&—G•öæ÷E÷FV×÷&Åö6ö×&&–Æ—G£C’ÃãCCcs““““““sccRÃÃãÆ7W'&VçEöWö6…öf–ÆUö–çFVw&—G•öæ÷E÷FV×÷&Åö6ö×&&–Æ—G£CÃã“C#3#s2ÃÃãÆ7W'&VçEöWö6…öf–ÆUö–çFVw&—G•öæ÷E÷FV×÷&Åö6ö×&&–Æ—G£CÂÓã33“““““““3S33BÃÃãÆ7W'&VçEöWö6…öf–ÆUö–çFVw&—G•öæ÷E÷FV×÷&Åö6ö×&&–Æ—G£C"ÂÓãCs“Cƒ#sBÃÃãÆ7W'&VçEöWö6…öf–ÆUö–çFVw&—G•öæ÷E÷FV×÷&Åö6ö×&&–Æ—G£C2ÂÓãS3“c“ƒ3’ÃÃãÆ7W'&VçEöWö6…öf–ÆUö–çFVw&—G•öæ÷E÷FV×÷&Åö6ö×&&–Æ—G£CBÂÓãcƒcCSc“ÃÃãÆ7W'&VçEöWö6…öf–ÆUö–çFVw&—G•öæ÷E÷FV×÷&Åö6ö×&&–Æ—G£CRÂÓãC#C#ƒcSCs"ÃÃãÆ7W'&VçEöWö6…öf–ÆUö–çFVw&—G•öæ÷E÷FV×÷&Åö6ö×&&–Æ—G£CbÂÓã3cC3“rÃÃãÆ7W'&VçEöWö6…öf–ÆUö–çFVw&—G•öæ÷E÷FV×÷&Åö6ö×&&–Æ—G£CrÃã#3“““““““ƒ#cCrÃÃãÆ7W'&VçEöWö6…öf–ÆUö–çFVw&—G•öæ÷E÷FV×÷&Åö6ö×&&–Æ—G£C‚ÃãCƒC““““““3CsrÃÃãÆ7W'&VçEöWö6…öf–ÆUö–çFVw&—G•öæ÷E÷FV×÷&Åö6ö×&&–Æ—G£C’ÃãCƒƒc““““““cƒ“ƒrÃÃãÆ7W'&VçEöWö6…öf–ÆUö–çFVw&—G•öæ÷E÷FV×÷&Åö6ö×&&–Æ—G£C#ÃãsCc““““““sC“#2ÃÃãÆ7W'&VçEöWö6…öf–ÆUö–çFVw&—G•öæ÷E÷FV×÷&Åö6ö×&&–Æ—G£C#Ãã33#C“#’ÃÃãÆ7W'&VçEöWö6…öf–ÆUö–çFVw&—G•öæ÷E÷FV×÷&Åö6ö×&&–Æ—G£C#"ÂÓã#“3“ScSƒ“ÃÃãÆ7W'&VçEöWö6…öf–ÆUö–çFVw&—G•öæ÷E÷FV×÷&Åö6ö×&&–Æ—G£C#2ÃãC##“S#“BÃÃãÆ7W'&VçEöWö6…öf–ÆUö–çFVw&—G•öæ÷E÷FV×÷&Åö6ö×&&–Æ—G£C#BÂÓã#SsƒSc’ÃÃãÆ7W'&VçEöWö6…öf–ÆUö–çFVw&—G•öæ÷E÷FV×÷&Åö6ö×&&–Æ—G£C#RÂÓã#Ccƒ“““““““ƒ#ssRÃÃãÆ7W'&VçEöWö6…öf–ÆUö–çFVw&—G•öæ÷E÷FV×÷&Åö6ö×&&–Æ—G£C#bÃã#Sc3CsƒSRÃÃãÆ7W'&VçEöWö6…öf–ÆUö–çFVw&—G•öæ÷E÷FV×÷&Åö6ö×&&–Æ—G£C#rÂÓã#ƒ“3#“““““““cƒƒBÃÃãÆ7W'&VçEöWö6…öf–ÆUö–çFVw&—G•öæ÷E÷FV×÷&Åö6ö×&&–Æ—G£C#‚ÂÓãCCsS““““““““SbÃÃãÆ7W'&VçEöWö6…öf–ÆUö–çFVw&—G•öæ÷E÷FV×÷&Åö6ö×&&–Æ—G£C#’ÃãCC3s3CCS’ÃÃãÆ7W'&VçEöWö6…öf–ÆUö–çFVw&—G•öæ÷E÷FV×÷&Åö6ö×&&–Æ—G£C3ÂÓã““““““ƒCccc‚ÃÃãÆ7W'&VçEöWö6…öf–ÆUö–çFVw&—G•öæ÷E÷FV×÷&Åö6ö×&&–Æ—G£C3ÂÓã#ƒ###““““““ssÃÃãÆ7W'&VçEöWö6…öf–ÆUö–çFVw&—G•öæ÷E÷FV×÷&Åö6ö×&&–Æ—G£C3"Ãã##S“#"ÃÃãÆ7W'&VçEöWö6…öf–ÆUö–çFVw&—G•öæ÷E÷FV×÷&Åö6ö×&&–Æ—G£C32Ãã“S““““““““c#sCrÃÃãÆ7W'&VçEöWö6…öf–ÆUö–çFVw&—G•öæ÷E÷FV×÷&Åö6ö×&&–Æ—G£C3BÂÓãs#“““““““s“SÃÃãÆ7W'&VçEöWö6…öf–ÆUö–çFVw&—G•öæ÷E÷FV×÷&Åö6ö×&&–Æ—G£C3RÂÓãCS“32ÃÃãÆ7W'&VçEöWö6…öf–ÆUö–çFVw&—G•öæ÷E÷FV×÷&Åö6ö×&&–Æ—G£C3bÂÓãs““““““ƒƒCSbÃÃãÆ7W'&VçEöWö6…öf–ÆUö–çFVw&—G•öæ÷E÷FV×÷&Åö6ö×&&–Æ—G£C3rÃãSC#““““““ƒƒƒsc“RÃÃãÆ7W'&VçEöWö6…öf–ÆUö–çFVw&—G•öæ÷E÷FV×÷&Åö6ö×&&–Æ—G£C3‚ÂÓãSSSsScrÃÃãÆ7W'&VçEöWö6…öf–ÆUö–çFVw&—G•öæ÷E÷FV×÷&Åö6ö×&&–Æ—G£C3’ÃãCƒS#CCSRÃÃãÆ7W'&VçEöWö6…öf–ÆUö–çFVw&—G•öæ÷E÷FV×÷&Åö6ö×&&–Æ—G£CCÃãCs#c’ÃÃãÆ7W'&VçEöWö6…öf–ÆUö–çFVw&—G•öæ÷E÷FV×÷&Åö6ö×&&–Æ—G£CCÃãƒ#““““““““c#sCrÃÃãÆ7W'&VçEöWö6…öf–ÆUö–çFVw&—G•öæ÷E÷FV×÷&Åö6ö×&&–Æ—G£CC"Ãã3“###Cƒ’ÃÃãÆ7W'&VçEöWö6…öf–ÆUö–çFVw&—G•öæ÷E÷FV×÷&Åö6ö×&&–Æ—G£CC2ÃãCcSS““““““s“#3RÃÃãÆ7W'&VçEöWö6…öf–ÆUö–çFVw&—G•öæ÷E÷FV×÷&Åö6ö×&&–Æ—G£CCBÂÓã“c““““““ƒ“CRÃÃãÆ7W'&VçEöWö6…öf–ÆUö–çFVw&—G•öæ÷E÷FV×÷&Åö6ö×&&–Æ—G£CCRÃãƒSc#cs"ÃÃãÆ7W'&VçEöWö6…öf–ÆUö–çFVw&—G•öæ÷E÷FV×÷&Åö6ö×&&–Æ—G£CCbÃãCC“““““““#“cƒRÃÃãÆ7W'&VçEöWö6…öf–ÆUö–çFVw&—G•öæ÷E÷FV×÷&Åö6ö×&&–Æ—G£CCrÃã3““3C“““““““cƒSrÃÃãÆ7W'&VçEöWö6…öf–ÆUö–çFVw&—G•öæ÷E÷FV×÷&Åö6ö×&&–Æ—G£CC‚Ãã3cc““““““ƒ“CscRÃÃãÆ7W'&VçEöWö6…öf–ÆUö–çFVw&—G•öæ÷E÷FV×÷&Åö6ö×&&–Æ—G£CC’Ãã3ƒƒ33s““‚ÃÃãÆ7W'&VçEöWö6…öf–ÆUö–çFVw&—G•öæ÷E÷FV×÷&Åö6ö×&&–Æ—G£CSÃã#ƒƒSƒcs32ÃÃãÆ7W'&VçEöWö6…öf–ÆUö–çFVw&—G•öæ÷E÷FV×÷&Åö6ö×&&–Æ—G£CSÂÓãCScCCSssCRÃÃãÆ7W'&VçEöWö6…öf–ÆUö–çFVw&—G•öæ÷E÷FV×÷&Åö6ö×&&–Æ—G£CS"ÂÓãCsC““““““sƒ2ÃÃãÆ7W'&VçEöWö6…öf–ÆUö–çFVw&—G•öæ÷E÷FV×÷&Åö6ö×&&–Æ—G£CS2ÂÓãSƒ“““““““s#’ÃÃãÆ7W'&VçEöWö6…öf–ÆUö–çFVw&—G•öæ÷E÷FV×÷&Åö6ö×&&–Æ—G£CSBÃãc##““““““C“Sc’ÃÃãÆ7W'&VçEöWö6…öf–ÆUö–çFVw&—G•öæ÷E÷FV×÷&Åö6ö×&&–Æ—G£CSRÂÓãƒ#c““““““sƒ#BÃÃãÆ7W'&VçEöWö6…öf–ÆUö–çFVw&—G•öæ÷E÷FV×÷&Åö6ö×&&–Æ—G£CSbÃã#sCS3c#RÃÃãÆ7W'&VçEöWö6…öf–ÆUö–çFVw&—G•öæ÷E÷FV×÷&Åö6ö×&&–Æ—G£CSrÃãcƒ#3““““““3#3ƒbÃÃãÆ7W'&VçEöWö6…öf–ÆUö–çFVw&—G•öæ÷E÷FV×÷&Åö6ö×&&–Æ—G£CS‚Ãã#C““““““““ƒ3s’ÃÃãÆ7W'&VçEöWö6…öf–ÆUö–çFVw&—G•öæ÷E÷FV×÷&Åö6ö×&&–Æ—G£CS’ÃãCƒsS“““““““Cs3‚ÃÃãÆ7W'&VçEöWö6…öf–ÆUö–çFVw&—G•öæ÷E÷FV×÷&Åö6ö×&&–Æ—G£CcÃã3cSss3“scsRÃÃãÆ7W'&VçEöWö6…öf–ÆUö–çFVw&—G•öæ÷E÷FV×÷&Åö6ö×&&–Æ—G£CcÃã3sc#S3SCRÃÃãÆ7W'&VçEöWö6…öf–ÆUö–çFVw&—G•öæ÷E÷FV×÷&Åö6ö×&&–Æ—G£Cc"ÂÓãC#ƒ“““““““SsS’ÃÃãÆ7W'&VçEöWö6…öf–ÆUö–çFVw&—G•öæ÷E÷FV×÷&Åö6ö×&&–Æ—G£Cc2ÂÓã#ƒƒC3Sc’ÃÃãÆ7W'&VçEöWö6…öf–ÆUö–çFVw&—G•öæ÷E÷FV×÷&Åö6ö×&&–Æ—G£CcBÂÓãCss““““““““3CƒÃÃãÆ7W'&VçEöWö6…öf–ÆUö–çFVw&—G•öæ÷E÷FV×÷&Åö6ö×&&–Æ—G£CcRÃãCsC““““““SSc##RÃÃãÆ7W'&VçEöWö6…öf–ÆUö–çFVw&—G•öæ÷E÷FV×÷&Åö6ö×&&–Æ—G£CcbÃã#SsC##3S"ÃÃãÆ7W'&VçEöWö6…öf–ÆUö–çFVw&—G•öæ÷E÷FV×÷&Åö6ö×&&–Æ—G£CcrÃãcS#“““““““3#“CC‚ÃÃãÆ7W'&VçEöWö6…öf–ÆUö–çFVw&—G•öæ÷E÷FV×÷&Åö6ö×&&–Æ—G£Cc‚ÂÓãCcc3ƒsC2ÃÃãÆ7W'&VçEöWö6…öf–ÆUö–çFVw&—G•öæ÷E÷FV×÷&Åö6ö×&&–Æ—G£Cc’Ãã#“S#s“3“rÃÃãÆ7W'&VçEöWö6…öf–ÆUö–çFVw&—G•öæ÷E÷FV×÷&Åö6ö×&&–Æ—G£CsÃã###ƒƒCsSbÃÃãÆ7W'&VçEöWö6…öf–ÆUö–çFVw&—G•öæ÷E÷FV×÷&Åö6ö×&&–Æ—G£CsÃã#c3S#ƒS#bÃÃãÆ7W'&VçEöWö6…öf–ÆUö–çFVw&—G•öæ÷E÷FV×÷&Åö6ö×&&–Æ—G£Cs"ÃãC““ƒS332ÃÃãÆ7W'&VçEöWö6…öf–ÆUö–çFVw&—G•öæ÷E÷FV×÷&Åö6ö×&&–Æ—G£Cs2ÂÓã#3ƒ##ccc‚ÃÃãÆ7W'&VçEöWö6…öf–ÆUö–çFVw&—G•öæ÷E÷FV×÷&Åö6ö×&&–Æ—G£CsBÂÓã33Cc3332ÃÃãÆ7W'&VçEöWö6…öf–ÆUö–çFVw&—G•öæ÷E÷FV×÷&Åö6ö×&&–Æ—G£CsRÃãC#ƒ“““““““ƒBÃÃãÆ7W'&VçEöWö6…öf–ÆUö–çFVw&—G•öæ÷E÷FV×÷&Åö6ö×&&–Æ—G£CsbÃã“ƒ“c““““““scC3sRÃÃãÆ7W'&VçEöWö6…öf–ÆUö–çFVw&—G•öæ÷E÷FV×÷&Åö6ö×&&–Æ—G£CsrÂÓãSc“““““““Cƒ3bÃÃãÆ7W'&VçEöWö6…öf–ÆUö–çFVw&—G•öæ÷E÷FV×÷&Åö6ö×&&–Æ—G£Cs‚ÃãC“s““““““ƒƒƒsrÃÃãÆ7W'&VçEöWö6…öf–ÆUö–çFVw&—G•öæ÷E÷FV×÷&Åö6ö×&&–Æ—G£Cs’Ãã3c““““““3C#“S"ÃÃãÆ7W'&VçEöWö6…öf–ÆUö–çFVw&—G•öæ÷E÷FV×÷&Åö6ö×&&–Æ—G£CƒÂÓã3ccc3““““““#“#cBÃÃãÆ7W'&VçEöWö6…öf–ÆUö–çFVw&—G•öæ÷E÷FV×÷&Åö6ö×&&–Æ—G£CƒÂÓã#ƒ““““““sCCƒsbÃÃãÆ7W'&VçEöWö6…öf–ÆUö–çFVw&—G•öæ÷E÷FV×÷&Åö6ö×&&–Æ—G£Cƒ"ÂÓãCƒ“““““““S““S2ÃÃãÆ7W'&VçEöWö6…öf–ÆUö–çFVw&—G•öæ÷E÷FV×÷&Åö6ö×&&–Æ—G£Cƒ2Ãã“ScCRÃÃãÆ7W'&VçEöWö6…öf–ÆUö–çFVw&—G•öæ÷E÷FV×÷&Åö6ö×&&–Æ—G£CƒBÂÓã#ƒ#ccC#SbÃÃãÆ7W'&VçEöWö6…öf–ÆUö–çFVw&—G•öæ÷E÷FV×÷&Åö6ö×&&–Æ—G£CƒRÃã#“S“#cCC“SbÃÃãÆ7W'&VçEöWö6…öf–ÆUö–çFVw&—G•öæ÷E÷FV×÷&Åö6ö×&&–Æ—G£CƒbÂÓãc3““““““ƒ“cc#3"ÃÃãÆ7W'&VçEöWö6…öf–ÆUö–çFVw&—G•öæ÷E÷FV×÷&Åö6ö×&&–Æ—G£CƒrÂÓã3ss“#3#s2ÃÃãÆ7W'&VçEöWö6…öf–ÆUö–çFVw&—G•öæ÷E÷FV×÷&Åö6ö×&&–Æ—G£Cƒ‚ÂÓã3“ƒ“3“rÃÃãÆ7W'&VçEöWö6…öf–ÆUö–çFVw&—G•öæ÷E÷FV×÷&Åö6ö×&&–Æ—G£Cƒ’ÂÓã#sSƒsÃÃãÆ7W'&VçEöWö6…öf–ÆUö–çFVw&—G•öæ÷E÷FV×÷&Åö6ö×&&–Æ—G£C“ÂÓã#Ssc““““““ƒs3ƒbÃÃãÆ7W'&VçEöWö6…öf–ÆUö–çFVw&—G•öæ÷E÷FV×÷&Åö6ö×&&–Æ—G£C“Ãã3S3“3S#sRÃÃãÆ7W'&VçEöWö6…öf–ÆUö–çFVw&—G•öæ÷E÷FV×÷&Åö6ö×&&–Æ—G£C“"ÂÓã#3c#3“#32ÃÃãÆ7W'&VçEöWö6…öf–ÆUö–çFVw&—G•öæ÷E÷FV×÷&Åö6ö×&&–Æ—G£C“BÂÓã““Sc“3ƒ3S2ÃÃãÆ7W'&VçEöWö6…öf–ÆUö–çFVw&—G•öæ÷E÷FV×÷&Åö6ö×&&–Æ—G£C“RÃãCCCS““““““s“ƒ3rÃÃãÆ7W'&VçEöWö6…öf–ÆUö–çFVw&—G•öæ÷E÷FV×÷&Åö6ö×&&–Æ—G£C“bÃãCc“sCƒS#"ÃÃãÆ7W'&VçEöWö6…öf–ÆUö–çFVw&—G•öæ÷E÷FV×÷&Åö6ö×&&–Æ—G£C“rÃã3SSc““““““SS“32ÃÃãÆ7W'&VçEöWö6…öf–ÆUö–çFVw&—G•öæ÷E÷FV×÷&Åö6ö×&&–Æ—G£C“‚Ãã#cs““““““ƒScSsbÃÃãÆ7W'&VçEöWö6…öf–ÆUö–çFVw&—G•öæ÷E÷FV×÷&Åö6ö×&&–Æ—G£C“’ÂÓã3ƒ3cc““““““ScƒÃÃãÆ7W'&VçEöWö6…öf–ÆUö–çFVw&—G•öæ÷E÷FV×÷&Åö6ö×&&–Æ—G£SÂÓãCcƒ“Cc“rÃÃãÆ7W'&VçEöWö6…öf–ÆUö–çFVw&—G•öæ÷E÷FV×÷&Åö6ö×&&–Æ—G£SÃãC“SSCSC"ÃÃãÆ7W'&VçEöWö6…öf–ÆUö–çFVw&—G•öæ÷E÷FV×÷&Åö6ö×&&–Æ—G£S"Ãã#ss“3##s2ÃÃãÆ7W'&VçEöWö6…öf–ÆUö–çFVw&—G•öæ÷E÷FV×÷&Åö6ö×&&–Æ—G£S2Ãã3“S3#c‚ÃÃãÆ7W'&VçEöWö6…öf–ÆUö–çFVw&—G•öæ÷E÷FV×÷&Åö6ö×&&–Æ—G£SBÃãsC3ƒƒC"ÃÃãÆ7W'&VçEöWö6…öf–ÆUö–çFVw&—G•öæ÷E÷FV×÷&Åö6ö×&&–Æ—G£SRÃã#C3cc“cbÃÃãÆ7W'&VçEöWö6…öf–ÆUö–çFVw&—G•öæ÷E÷FV×÷&Åö6ö×&&–Æ—G£SbÂÓã#S“““““““ƒ“#ƒ“‚ÃÃãÆ7W'&VçEöWö6…öf–ÆUö–çFVw&—G•öæ÷E÷FV×÷&Åö6ö×&&–Æ—G£SrÃãC#S3#csrÃÃãÆ7W'&VçEöWö6…öf–ÆUö–çFVw&—G•öæ÷E÷FV×÷&Åö6ö×&&–Æ—G£S‚ÂÓãsCc“3bÃÃãÆ7W'&VçEöWö6…öf–ÆUö–çFVw&—G•öæ÷E÷FV×÷&Åö6ö×&&–Æ—G£S’ÂÓãsc“sC3ss"ÃÃãÆ7W'&VçEöWö6…öf–ÆUö–çFVw&—G•öæ÷E÷FV×÷&Åö6ö×&&–Æ—G£SÂÓãƒ“c““““““sƒ3"ÃÃãÆ7W'&VçEöWö6…öf–ÆUö–çFVw&—G•öæ÷E÷FV×÷&Åö6ö×&&–Æ—G£SÃã##ƒ###“3CbÃÃãÆ7W'&VçEöWö6…öf–ÆUö–çFVw&—G•öæ÷E÷FV×÷&Åö6ö×&&–Æ—G£S"Ããc#3“““““““S#S#SRÃÃãÆ7W'&VçEöWö6…öf–ÆUö–çFVw&—G•öæ÷E÷FV×÷&Åö6ö×&&–Æ—G£S2ÂÓãCsCC“““““““cc#3“bÃÃãÆ7W'&VçEöWö6…öf–ÆUö–çFVw&—G•öæ÷E÷FV×÷&Åö6ö×&&–Æ—G£SBÂÓã“s“““““““ScBÃÃãÆ7W'&VçEöWö6…öf–ÆUö–çFVw&—G•öæ÷E÷FV×÷&Åö6ö×&&–Æ—G£SRÃãCc“““““““ƒ3#3bÃÃãÆ7W'&VçEöWö6…öf–ÆUö–çFVw&—G•öæ÷E÷FV×÷&Åö6ö×&&–Æ—G£SbÂÓãƒ#“““““““cƒƒCCRÃÃãÆ7W'&VçEöWö6…öf–ÆUö–çFVw&—G•öæ÷E÷FV×÷&Åö6ö×&&–Æ—G£SrÂÓã3#““cƒSsRÃÃãÆ7W'&VçEöWö6…öf–ÆUö–çFVw&—G•öæ÷E÷FV×÷&Åö6ö×&&–Æ—G£S‚Ãã3###S3#scRÃÃãÆ7W'&VçEöWö6…öf–ÆUö–çFVw&—G•öæ÷E÷FV×÷&Åö6ö×&&–Æ—G£S’Ãã“c#““““““sSS““3RÃÃãÆ7W'&VçEöWö6…öf–ÆUö–çFVw&—G•öæ÷E÷FV×÷&Åö6ö×&&–Æ—G£S#Ãã3Sƒƒ“““““““““bÃÃãÆ7W'&VçEöWö6…öf–ÆUö–çFVw&—G•öæ÷E÷FV×÷&Åö6ö×&&–Æ—G£S#ÂÓã#s““““““““3ƒS2ÃÃãÆ7W'&VçEöWö6…öf–ÆUö–çFVw&—G•öæ÷E÷FV×÷&Åö6ö×&&–Æ—G£S#"ÃãC““Sc3Sc#‚ÃÃãÆ7W'&VçEöWö6…öf–ÆUö–çFVw&—G•öæ÷E÷FV×÷&Åö6ö×&&–Æ—G£S#2ÂÓã33C3C#C‚ÃÃãÆ7W'&VçEöWö6…öf–ÆUö–çFVw&—G•öæ÷E÷FV×÷&Åö6ö×&&–Æ—G£S#BÃãC““““““ƒ3s“C“’ÃÃãÆ7W'&VçEöWö6…öf–ÆUö–çFVw&—G•öæ÷E÷FV×÷&Åö6ö×&&–Æ—G£S#RÃãC“C““““““#“3#bÃÃãÆ7W'&VçEöWö6…öf–ÆUö–çFVw&—G•öæ÷E÷FV×÷&Åö6ö×&&–Æ—G£S#bÂÓãƒCccSƒ“bÃÃãÆ7W'&VçEöWö6…öf–ÆUö–çFVw&—G•öæ÷E÷FV×÷&Åö6ö×&&–Æ—G£S#rÂÓã3c#S“““““““3ƒ"ÃÃãÆ7W'&VçEöWö6…öf–ÆUö–çFVw&—G•öæ÷E÷FV×÷&Åö6ö×&&–Æ—G£S#‚ÂÓãcC3c3#CbÃÃãÆ7W'&VçEöWö6…öf–ÆUö–çFVw&—G•öæ÷E÷FV×÷&Åö6ö×&&–Æ—G£S#’Ããƒs3““““““c3#SrÃÃãÆ7W'&VçEöWö6…öf–ÆUö–çFVw&—G•öæ÷E÷FV×÷&Åö6ö×&&–Æ—G£S3Ããsƒs“““““““C##S‚ÃÃãÆ7W'&VçEöWö6…öf–ÆUö–çFVw&—G•öæ÷E÷FV×÷&Åö6ö×&&–Æ—G£S3ÃãC33S““““““ƒ“3ƒ#’ÃÃãÆ7W'&VçEöWö6…öf–ÆUö–çFVw&—G•öæ÷E÷FV×÷&Åö6ö×&&–Æ—G£S3"ÂÓã3cƒƒ““““““““3“CbÃÃãÆ7W'&VçEöWö6…öf–ÆUö–çFVw&—G•öæ÷E÷FV×÷&Åö6ö×&&–Æ—G£S32ÂÓãC3csS““““““cƒccÃÃãÆ7W'&VçEöWö6…öf–ÆUö–çFVw&—G•öæ÷E÷FV×÷&Åö6ö×&&–Æ—G£S3BÂÓã“ScSSƒ‚ÃÃãÆ7W'&VçEöWö6…öf–ÆUö–çFVw&—G•öæ÷E÷FV×÷&Åö6ö×&&–Æ—G£S3RÂÓãCSsc““““““““##ÃÃãÆ7W'&VçEöWö6…öf–ÆUö–çFVw&—G•öæ÷E÷FV×÷&Åö6ö×&&–Æ—G£S3bÂÓãCsc#“““““““Cƒs’ÃÃãÆ7W'&VçEöWö6…öf–ÆUö–çFVw&—G•öæ÷E÷FV×÷&Åö6ö×&&–Æ—G£S3rÂÓã“C“““““““s#c3"ÃÃãÆ7W'&VçEöWö6…öf–ÆUö–çFVw&—G•öæ÷E÷FV×÷&Åö6ö×&&–Æ—G£S3‚Ãã#3ƒC##3BÃÃãÆ7W'&VçEöWö6…öf–ÆUö–çFVw&—G•öæ÷E÷FV×÷&Åö6ö×&&–Æ—G£S3’ÃãC3ƒS#“““““““CCSƒbÃÃãÆ7W'&VçEöWö6…öf–ÆUö–çFVw&—G•öæ÷E÷FV×÷&Åö6ö×&&–Æ—G£SCÂÓã#““c#sScsRÃÃãÆ7W'&VçEöWö6…öf–ÆUö–çFVw&—G•öæ÷E÷FV×÷&Åö6ö×&&–Æ—G£SCÃã3““““““““ƒ#s"ÃÃãÆ7W'&VçEöWö6…öf–ÆUö–çFVw&—G•öæ÷E÷FV×÷&Åö6ö×&&–Æ—G£SC"Ãã3sSS“3#ƒS#BÃÃãÆ7W'&VçEöWö6…öf–ÆUö–çFVw&—G•öæ÷E÷FV×÷&Åö6ö×&&–Æ—G£SC2Ãã#ƒcS““““““c3s3bÃÃãÆ7W'&VçEöWö6…öf–ÆUö–çFVw&—G•öæ÷E÷FV×÷&Åö6ö×&&–Æ—G£SCBÃãCCss““““““ssSbÃÃãÆ7W'&VçEöWö6…öf–ÆUö–çFVw&—G•öæ÷E÷FV×÷&Åö6ö×&&–Æ—G£SCRÃãƒ“c3““““““cƒssbÃÃãÆ7W'&VçEöWö6…öf–ÆUö–çFVw&—G•öæ÷E÷FV×÷&Åö6ö×&&–Æ—G£SCbÂÓã#Ss““““““c3c3’ÃÃãÆ7W'&VçEöWö6…öf–ÆUö–çFVw&—G•öæ÷E÷FV×÷&Åö6ö×&&–Æ—G£SCrÃãSƒc“““““““C3#crÃÃãÆ7W'&VçEöWö6…öf–ÆUö–çFVw&—G•öæ÷E÷FV×÷&Åö6ö×&&–Æ—G£SC‚Ãã3ƒCƒ“sƒÃÃãÆ7W'&VçEöWö6…öf–ÆUö–çFVw&—G•öæ÷E÷FV×÷&Åö6ö×&&–Æ—G£SC’ÂÓã#sƒ3S““““““ccÃÃãÆ7W'&VçEöWö6…öf–ÆUö–çFVw&—G•öæ÷E÷FV×÷&Åö6ö×&&–Æ—G£SSÃãƒ3s“““““““3ccRÃÃãÆ7W'&VçEöWö6…öf–ÆUö–çFVw&—G•öæ÷E÷FV×÷&Åö6ö×&&–Æ—G£SSÂÓã3Ss"ÃÃãÆ7W'&VçEöWö6…öf–ÆUö–çFVw&—G•öæ÷E÷FV×÷&Åö6ö×&&–Æ—G£SS"ÂÓãsS“““““““sscCƒ2ÃÃãÆ7W'&VçEöWö6…öf–ÆUö–çFVw&—G•öæ÷E÷FV×÷&Åö6ö×&&–Æ—G£SS2ÂÓã#ƒC“#SS3C2ÃÃãÆ7W'&VçEöWö6…öf–ÆUö–çFVw&—G•öæ÷E÷FV×÷&Åö6ö×&&–Æ—G£SSBÃã#S#3csƒrÃÃãÆ7W'&VçEöWö6…öf–ÆUö–çFVw&—G•öæ÷E÷FV×÷&Åö6ö×&&–Æ—G£SSRÃãC“ssscC“‚ÃÃãÆ7W'&VçEöWö6…öf–ÆUö–çFVw&—G•öæ÷E÷FV×÷&Åö6ö×&&–Æ—G£SSbÃãCSs##“3CbÃÃãÆ7W'&VçEöWö6…öf–ÆUö–çFVw&—G•öæ÷E÷FV×÷&Åö6ö×&&–Æ—G£SSrÃãC3Ccƒ““““““CSƒ’ÃÃãÆ7W'&VçEöWö6…öf–ÆUö–çFVw&—G•öæ÷E÷FV×÷&Åö6ö×&&–Æ—G£SS‚Ãã3S3“““““““33ƒscÃÃãÆ7W'&VçEöWö6…öf–ÆUö–çFVw&—G•öæ÷E÷FV×÷&Åö6ö×&&–Æ—G£SS’ÂÓãCƒ3Sƒ2ÃÃãÆ7W'&VçEöWö6…öf–ÆUö–çFVw&—G•öæ÷E÷FV×÷&Åö6ö×&&–Æ—G£ScÂÓãC“s#““““““ss2ÃÃãÆ7W'&VçEöWö6…öf–ÆUö–çFVw&—G•öæ÷E÷FV×÷&Åö6ö×&&–Æ—G£ScÂÓã3SCcc32ÃÃãÆ7W'&VçEöWö6…öf–ÆUö–çFVw&—G•öæ÷E÷FV×÷&Åö6ö×&&–Æ—G£Sc"Ãã3“Ccs““““““sccRÃÃãÆ7W'&VçEöWö6…öf–ÆUö–çFVw&—G•öæ÷E÷FV×÷&Åö6ö×&&–Æ—G£Sc2ÃãC33““““““ƒ““ccbÃÃãÆ7W'&VçEöWö6…öf–ÆUö–çFVw&—G•öæ÷E÷FV×÷&Åö6ö×&&–Æ—G£ScBÃãCC3““““““c“sSS2ÃÃãÆ7W'&VçEöWö6…öf–ÆUö–çFVw&—G•öæ÷E÷FV×÷&Åö6ö×&&–Æ—G£ScRÃãC3“CC“#3"ÃÃãÆ7W'&VçEöWö6…öf–ÆUö–çFVw&—G•öæ÷E÷FV×÷&Åö6ö×&&–Æ—G£ScbÂÓã#Cs“33ƒ2ÃÃãÆ7W'&VçEöWö6…öf–ÆUö–çFVw&—G•öæ÷E÷FV×÷&Åö6ö×&&–Æ—G£ScrÂÓã3sƒC“““““““cƒÃÃãÆ7W'&VçEöWö6…öf–ÆUö–çFVw&—G•öæ÷E÷FV×÷&Åö6ö×&&–Æ—G£Sc‚Ãã3““3S#C33RÃÃãÆ7W'&VçEöWö6…öf–ÆUö–çFVw&—G•öæ÷E÷FV×÷&Åö6ö×&&–Æ—G£Sc’Ãã3c#s#c“c‚ÃÃãÆ7W'&VçEöWö6…öf–ÆUö–çFVw&—G•öæ÷E÷FV×÷&Åö6ö×&&–Æ—G£SsÂÓã3c3#““““““3S“CBÃÃãÆ7W'&VçEöWö6…öf–ÆUö–çFVw&—G•öæ÷E÷FV×÷&Åö6ö×&&–Æ—G£SsÂÓã33“““““““ƒsc3BÃÃãÆ7W'&VçEöWö6…öf–ÆUö–çFVw&—G•öæ÷E÷FV×÷&Åö6ö×&&–Æ—G£Ss"ÃãC3ƒ#C3“rÃÃãÆ7W'&VçEöWö6…öf–ÆUö–çFVw&—G•öæ÷E÷FV×÷&Åö6ö×&&–Æ—G£Ss2ÂÓã3Cc3S“s3ÃÃãÆ7W'&VçEöWö6…öf–ÆUö–çFVw&—G•öæ÷E÷FV×÷&Åö6ö×&&–Æ—G£SsBÂÓã#cƒs#“‚ÃÃãÆ7W'&VçEöWö6…öf–ÆUö–çFVw&—G•öæ÷E÷FV×÷&Åö6ö×&&–Æ—G£SsRÃã33S#3SBÃÃãÆ7W'&VçEöWö6…öf–ÆUö–çFVw&—G•öæ÷E÷FV×÷&Åö6ö×&&–Æ—G£SsbÃãCSƒ““““““ƒƒ“s#bÃÃãÆ7W'&VçEöWö6…öf–ÆUö–çFVw&—G•öæ÷E÷FV×÷&Åö6ö×&&–Æ—G£SsrÂÓãC““s"ÃÃãÆ7W'&VçEöWö6…öf–ÆUö–çFVw&—G•öæ÷E÷FV×÷&Åö6ö×&&–Æ—G£Ss‚Ãã3s“S““““““ƒScSsc2ÃÃãÆ7W'&VçEöWö6…öf–ÆUö–çFVw&—G•öæ÷E÷FV×÷&Åö6ö×&&–Æ—G£Ss’ÂÓã3#“““““““SSS#“2ÃÃãÆ7W'&VçEöWö6…öf–ÆUö–çFVw&—G•öæ÷E÷FV×÷&Åö6ö×&&–Æ—G£SƒÂÓãSS““““““ƒC#ccC‚ÃÃãÆ7W'&VçEöWö6…öf–ÆUö–çFVw&—G•öæ÷E÷FV×÷&Åö6ö×&&–Æ—G£SƒÂÓã#3#s“ƒc#BÃÃãÆ7W'&VçEöWö6…öf–ÆUö–çFVw&—G•öæ÷E÷FV×÷&Åö6ö×&&–Æ—G£Sƒ"ÃãC“Cƒƒ“CBÃÃãÆ7W'&VçEöWö6…öf–ÆUö–çFVw&—G•öæ÷E÷FV×÷&Åö6ö×&&–Æ—G£Sƒ2ÂÓãc“C3#“2ÃÃãÆ7W'&VçEöWö6…öf–ÆUö–çFVw&—G•öæ÷E÷FV×÷&Åö6ö×&&–Æ—G£SƒBÃãS#3SS““rÃÃãÆ7W'&VçEöWö6…öf–ÆUö–çFVw&—G•öæ÷E÷FV×÷&Åö6ö×&&–Æ—G£SƒRÃã#ƒssbÃÃãÆ7W'&VçEöWö6…öf–ÆUö–çFVw&—G•öæ÷E÷FV×÷&Åö6ö×&&–Æ—G£SƒbÂÓãss#c““““““C3C#‚ÃÃãÆ7W'&VçEöWö6…öf–ÆUö–çFVw&—G•öæ÷E÷FV×÷&Åö6ö×&&–Æ—G£SƒrÃãCc#SC““““““cSSCÃÃãÆ7W'&VçEöWö6…öf–ÆUö–çFVw&—G•öæ÷E÷FV×÷&Åö6ö×&&–Æ—G£Sƒ‚ÂÓãC“CS#““““““c3#cRÃÃãÆ7W'&VçEöWö6…öf–ÆUö–çFVw&—G•öæ÷E÷FV×÷&Åö6ö×&&–Æ—G£Sƒ’Ãã3SS“““““““ƒs3BÃÃãÆ7W'&VçEöWö6…öf–ÆUö–çFVw&—G•öæ÷E÷FV×÷&Åö6ö×&&–Æ—G£S“Ãã3“sS“““““““ccrÃÃãÆ7W'&VçEöWö6…öf–ÆUö–çFVw&—G•öæ÷E÷FV×÷&Åö6ö×&&–Æ—G£S“ÂÓãC#CS“““““““ƒCc32ÃÃãÆ7W'&VçEöWö6…öf–ÆUö–çFVw&—G•öæ÷E÷FV×÷&Åö6ö×&&–Æ—G£S“"ÂÓã““S“““““““#cC#SRÃÃãÆ7W'&VçEöWö6…öf–ÆUö–çFVw&—G•öæ÷E÷FV×÷&Åö6ö×&&–Æ—G£S“2ÂÓãƒsSssC"ÃÃãÆ7W'&VçEöWö6…öf–ÆUö–çFVw&—G•öæ÷E÷FV×÷&Åö6ö×&&–Æ—G£S“BÃã#cc3#“#BÃÃãÆ7W'&VçEöWö6…öf–ÆUö–çFVw&—G•öæ÷E÷FV×÷&Åö6ö×&&–Æ—G£S“RÃã#Sƒ“33c’ÃÃãÆ7W'&VçEöWö6…öf–ÆUö–çFVw&—G•öæ÷E÷FV×÷&Åö6ö×&&–Æ—G£S“bÂÓãCC3S“““““““ƒc“cRÃÃãÆ7W'&VçEöWö6…öf–ÆUö–çFVw&—G•öæ÷E÷FV×÷&Åö6ö×&&–Æ—G£S“rÂÓã#CS3cc‚ÃÃãÆ7W'&VçEöWö6…öf–ÆUö–çFVw&—G•öæ÷E÷FV×÷&Åö6ö×&&–Æ—G£S“’ÂÓãƒsc““““““sCSsC’ÃÃãÆ7W'&VçEöWö6…öf–ÆUö–çFVw&—G•öæ÷E÷FV×÷&Åö6ö×&&–Æ—G£cÃãS#CC““““““C3#crÃÃãÆ7W'&VçEöWö6…öf–ÆUö–çFVw&—G•öæ÷E÷FV×÷&Åö6ö×&&–Æ—G£cÂÓãCc3Ccc3‚ÃÃãÆ7W'&VçEöWö6…öf–ÆUö–çFVw&—G•öæ÷E÷FV×÷&Åö6ö×&&–Æ—G£c"ÂÓã#c3“C““““““3#3RÃÃãÆ7W'&VçEöWö6…öf–ÆUö–çFVw&—G•öæ÷E÷FV×÷&Åö6ö×&&–Æ—G£c2ÃãscScƒrÃÃãÆ7W'&VçEöWö6…öf–ÆUö–çFVw&—G•öæ÷E÷FV×÷&Åö6ö×&&–Æ—G£cBÃã#CCƒS#ssc‚ÃÃãÆ7W'&VçEöWö6…öf–ÆUö–çFVw&—G•öæ÷E÷FV×÷&Åö6ö×&&–Æ—G£cRÂÓãc3C#Css3"ÃÃãÆ7W'&VçEöWö6…öf–ÆUö–çFVw&—G•öæ÷E÷FV×÷&Åö6ö×&&–Æ—G£cbÂÓã3C3ƒ#““““““s“s“2ÃÃãÆ7W'&VçEöWö6…öf–ÆUö–çFVw&—G•öæ÷E÷FV×÷&Åö6ö×&&–Æ—G£crÂÓã#“C#Sc"ÃÃãÆ7W'&VçEöWö6…öf–ÆUö–çFVw&—G•öæ÷E÷FV×÷&Åö6ö×&&–Æ—G£c‚ÂÓã3Cƒ““““““c“c3ƒƒƒBÃÃãÆ7W'&VçEöWö6…öf–ÆUö–çFVw&—G•öæ÷E÷FV×÷&Åö6ö×&&–Æ—G£c’ÃãƒSƒcScSƒ"ÃÃãÆ7W'&VçEöWö6…öf–ÆUö–çFVw&—G•öæ÷E÷FV×÷&Åö6ö×&&–Æ—G£cÃã#“cƒ“ƒ“bÃÃãÆ7W'&VçEöWö6…öf–ÆUö–çFVw&—G•öæ÷E÷FV×÷&Åö6ö×&&–Æ—G£cÃãC#33RÃÃãÆ7W'&VçEöWö6…öf–ÆUö–çFVw&—G•öæ÷E÷FV×÷&Åö6ö×&&–Æ—G£c"ÂÓã##ƒƒcƒƒÃÃãÆ7W'&VçEöWö6…öf–ÆUö–çFVw&—G•öæ÷E÷FV×÷&Åö6ö×&&–Æ—G£c2ÃãSƒ“““““““3#s"ÃÃãÆ7W'&VçEöWö6…öf–ÆUö–çFVw&—G•öæ÷E÷FV×÷&Åö6ö×&&–Æ—G£cBÃãC#ƒSSƒÃÃãÆ7W'&VçEöWö6…öf–ÆUö–çFVw&—G•öæ÷E÷FV×÷&Åö6ö×&&–Æ—G£cRÂÓãsC“““““““csC3rÃÃãÆ7W'&VçEöWö6…öf–ÆUö–çFVw&—G•öæ÷E÷FV×÷&Åö6ö×&&–Æ—G£cbÃã3sCs3#rÃÃãÆ7W'&VçEöWö6…öf–ÆUö–çFVw&—G•öæ÷E÷FV×÷&Åö6ö×&&–Æ—G£crÃã#3Cc#S#3ƒƒBÃÃãÆ7W'&VçEöWö6…öf–ÆUö–çFVw&—G•öæ÷E÷FV×÷&Åö6ö×&&–Æ—G£c‚Ãã“#cSsRÃÃãÆ7W'&VçEöWö6…öf–ÆUö–çFVw&—G•öæ÷E÷FV×÷&Åö6ö×&&–Æ—G£c’ÃãCC““““““““cs“ƒS‚ÃÃãÆ7W'&VçEöWö6…öf–ÆUö–çFVw&—G•öæ÷E÷FV×÷&Åö6ö×&&–Æ—G£c#Ãã3“S““““““ƒs“ƒbÃÃãÆ7W'&VçEöWö6…öf–ÆUö–çFVw&—G•öæ÷E÷FV×÷&Åö6ö×&&–Æ—G£c#ÂÓãc““““““ƒC3S3sƒÃÃãÆ7W'&VçEöWö6…öf–ÆUö–çFVw&—G•öæ÷E÷FV×÷&Åö6ö×&&–Æ—G£c#"Ãã##s3#3C“BÃÃãÆ7W'&VçEöWö6…öf–ÆUö–çFVw&—G•öæ÷E÷FV×÷&Åö6ö×&&–Æ—G£c#2Ãã#C##3SsC"ÃÃãÆ7W'&VçEöWö6…öf–ÆUö–çFVw&—G•öæ÷E÷FV×÷&Åö6ö×&&–Æ—G£c#BÂÓã#c3#“““““““C3‚ÃÃãÆ7W'&VçEöWö6…öf–ÆUö–çFVw&—G•öæ÷E÷FV×÷&Åö6ö×&&–Æ—G£c#RÂÓã3ƒss#CÃÃãÆ7W'&VçEöWö6…öf–ÆUö–çFVw&—G•öæ÷E÷FV×÷&Åö6ö×&&–Æ—G£c#bÃãsƒ#C““““““ƒcc#"ÃÃãÆ7W'&VçEöWö6…öf–ÆUö–çFVw&—G•öæ÷E÷FV×÷&Åö6ö×&&–Æ—G£c#rÃã3CSsS3ƒSBÃÃãÆ7W'&VçEöWö6…öf–ÆUö–çFVw&—G•öæ÷E÷FV×÷&Åö6ö×&&–Æ—G£c#‚Ãã333ƒSƒ"ÃÃãÆ7W'&VçEöWö6…öf–ÆUö–çFVw&—G•öæ÷E÷FV×÷&Åö6ö×&&–Æ—G£c#’ÂÓãSs““““““ƒ“CRÃÃãÆ7W'&VçEöWö6…öf–ÆUö–çFVw&—G•öæ÷E÷FV×÷&Åö6ö×&&–Æ—G£c3ÂÓãc““““““““#SC“C"ÃÃãÆ7W'&VçEöWö6…öf–ÆUö–çFVw&—G•öæ÷E÷FV×÷&Åö6ö×&&–Æ—G£c3Ãã#“ƒs#cC#ÃÃãÆ7W'&VçEöWö6…öf–ÆUö–çFVw&—G•öæ÷E÷FV×÷&Åö6ö×&&–Æ—G£c3"Ãã#ƒSs“““““““ƒSScRÃÃãÆ7W'&VçEöWö6…öf–ÆUö–çFVw&—G•öæ÷E÷FV×÷&Åö6ö×&&–Æ—G£c32ÃãC3ƒ“““““““SCƒ3’ÃÃãÆ7W'&VçEöWö6…öf–ÆUö–çFVw&—G•öæ÷E÷FV×÷&Åö6ö×&&–Æ—G£c3BÃãSCC““““““ƒ“c3“BÃÃãÆ7W'&VçEöWö6…öf–ÆUö–çFVw&—G•öæ÷E÷FV×÷&Åö6ö×&&–Æ—G£c3RÃãC#SsSs‚ÃÃãÆ7W'&VçEöWö6…öf–ÆUö–çFVw&—G•öæ÷E÷FV×÷&Åö6ö×&&–Æ—G£c3bÃã3CC“bÃÃãÆ7W'&VçEöWö6…öf–ÆUö–çFVw&—G•öæ÷E÷FV×÷&Åö6ö×&&–Æ—G£c3rÂÓã#CcC3c3#bÃÃãÆ7W'&VçEöWö6…öf–ÆUö–çFVw&—G•öæ÷E÷FV×÷&Åö6ö×&&–Æ—G£c3‚ÂÓã3s“c““““““c33RÃÃãÆ7W'&VçEöWö6…öf–ÆUö–çFVw&—G•öæ÷E÷FV×÷&Åö6ö×&&–Æ—G£c3’Ãã#“““““““““sC3ƒƒbÃÃãÆ7W'&VçEöWö6…öf–ÆUö–çFVw&—G•öæ÷E÷FV×÷&Åö6ö×&&–Æ—G£cCÂÓã3#ƒ““““““c“s2ÃÃãÆ7W'&VçEöWö6…öf–ÆUö–çFVw&—G•öæ÷E÷FV×÷&Åö6ö×&&–Æ—G£cCÂÓãCscCC“SBÃÃãÆ7W'&VçEöWö6…öf–ÆUö–çFVw&—G•öæ÷E÷FV×÷&Åö6ö×&&–Æ—G£cC"Ãã#3SS###rÃÃãÆ7W'&VçEöWö6…öf–ÆUö–çFVw&—G•öæ÷E÷FV×÷&Åö6ö×&&–Æ—G£cC2Ãã#sƒ3“BÃÃãÆ7W'&VçEöWö6…öf–ÆUö–çFVw&—G•öæ÷E÷FV×÷&Åö6ö×&&–Æ—G£cCBÃã3c#csbÃÃãÆ7W'&VçEöWö6…öf–ÆUö–çFVw&—G•öæ÷E÷FV×÷&Åö6ö×&&–Æ—G£cCRÃã#s“““““““3#“CC‚ÃÃãÆ7W'&VçEöWö6…öf–ÆUö–çFVw&—G•öæ÷E÷FV×÷&Åö6ö×&&–Æ—G£cCbÂÓã#C3“““““““#C“s"ÃÃãÆ7W'&VçEöWö6…öf–ÆUö–çFVw&—G•öæ÷E÷FV×÷&Åö6ö×&&–Æ—G£cCrÃãC“SS3crÃÃãÆ7W'&VçEöWö6…öf–ÆUö–çFVw&—G•öæ÷E÷FV×÷&Åö6ö×&&–Æ—G£cC‚ÃãCCc#SssC"ÃÃãÆ7W'&VçEöWö6…öf–ÆUö–çFVw&—G•öæ÷E÷FV×÷&Åö6ö×&&–Æ—G£cC’ÃãCcc3c“ƒ“bÃÃãÆ7W'&VçEöWö6…öf–ÆUö–çFVw&—G•öæ÷E÷FV×÷&Åö6ö×&&–Æ—G£cSÃã3C3CcSrÃÃãÆ7W'&VçEöWö6…öf–ÆUö–çFVw&—G•öæ÷E÷FV×÷&Åö6ö×&&–Æ—G£cSÃãS““““““c3ƒcCc‚ÃÃãÆ7W'&VçEöWö6…öf–ÆUö–çFVw&—G•öæ÷E÷FV×÷&Åö6ö×&&–Æ—G£cS"Ãã##C3csc3‚ÃÃãÆ7W'&VçEöWö6…öf–ÆUö–çFVw&—G•öæ÷E÷FV×÷&Åö6ö×&&–Æ—G£cS2Ãã##c#C#CBÃÃãÆ7W'&VçEöWö6…öf–ÆUö–çFVw&—G•öæ÷E÷FV×÷&Åö6ö×&&–Æ—G£cSBÃã“c“C“sƒ"ÃÃãÆ7W'&VçEöWö6…öf–ÆUö–çFVw&—G•öæ÷E÷FV×÷&Åö6ö×&&–Æ—G£cSRÃãCC““““““““cƒÃÃãÆ7W'&VçEöWö6…öf–ÆUö–çFVw&—G•öæ÷E÷FV×÷&Åö6ö×&&–Æ—G£cSbÃã#Ssƒ“““““““cƒƒrÃÃãÆ7W'&VçEöWö6…öf–ÆUö–çFVw&—G•öæ÷E÷FV×÷&Åö6ö×&&–Æ—G£cSrÃã#SSC““““““s##“2ÃÃãÆ7W'&VçEöWö6…öf–ÆUö–çFVw&—G•öæ÷E÷FV×÷&Åö6ö×&&–Æ—G£cS‚Ãã##Sss““““““33“##rÃÃãÆ7W'&VçEöWö6…öf–ÆUö–çFVw&—G•öæ÷E÷FV×÷&Åö6ö×&&–Æ—G£cS’Ãã#CSCC3C#3rÃÃãÆ7W'&VçEöWö6…öf–ÆUö–çFVw&—G•öæ÷E÷FV×÷&Åö6ö×&&–Æ—G£ccÂÓãCcc“““““““##rÃÃãÆ7W'&VçEöWö6…öf–ÆUö–çFVw&—G•öæ÷E÷FV×÷&Åö6ö×&&–Æ—G£ccÃãƒ3C“““““““33cC32ÃÃãÆ7W'&VçEöWö6…öf–ÆUö–çFVw&—G•öæ÷E÷FV×÷&Åö6ö×&&–Æ—G£cc"ÂÓã3s“““““““““3RÃÃãÆ7W'&VçEöWö6…öf–ÆUö–çFVw&—G•öæ÷E÷FV×÷&Åö6ö×&&–Æ—G£cc2ÂÓã##S3““““““ss3c’ÃÃãÆ7W'&VçEöWö6…öf–ÆUö–çFVw&—G•öæ÷E÷FV×÷&Åö6ö×&&–Æ—G£ccBÃãsS““““““3“cS2ÃÃãÆ7W'&VçEöWö6…öf–ÆUö–çFVw&—G•öæ÷E÷FV×÷&Åö6ö×&&–Æ—G£ccRÂÓã#““““““““cƒ33S2ÃÃãÆ7W'&VçEöWö6…öf–ÆUö–çFVw&—G•öæ÷E÷FV×÷&Åö6ö×&&–Æ—G£ccbÂÓãC3#““““““ƒs“3“BÃÃãÆ7W'&VçEöWö6…öf–ÆUö–çFVw&—G•öæ÷E÷FV×÷&Åö6ö×&&–Æ—G£ccrÃã3c3cSƒ2ÃÃãÆ7W'&VçEöWö6…öf–ÆUö–çFVw&—G•öæ÷E÷FV×÷&Åö6ö×&&–Æ—G£cc‚ÃãsSCƒ““’ÃÃãÆ7W'&VçEöWö6…öf–ÆUö–çFVw&—G•öæ÷E÷FV×÷&Åö6ö×&&–Æ—G£cc’Ãã3Sc“““““““sS“CrÃÃãÆ7W'&VçEöWö6…öf–ÆUö–çFVw&—G•öæ÷E÷FV×÷&Åö6ö×&&–Æ—G£csÂÓã3ƒ3sSssC"ÃÃãÆ7W'&VçEöWö6…öf–ÆUö–çFVw&—G•öæ÷E÷FV×÷&Åö6ö×&&–Æ—G£csÂÓã3c#““““““ƒ3“BÃÃãÆ7W'&VçEöWö6…öf–ÆUö–çFVw&—G•öæ÷E÷FV×÷&Åö6ö×&&–Æ—G£cs"ÂÓã#C#““““““cS#"ÃÃãÆ7W'&VçEöWö6…öf–ÆUö–çFVw&—G•öæ÷E÷FV×÷&Åö6ö×&&–Æ—G£cs2ÂÓãC“C““““““csƒc“BÃÃãÆ7W'&VçEöWö6…öf–ÆUö–çFVw&—G•öæ÷E÷FV×÷&Åö6ö×&&–Æ—G£csBÂÓã3C#S#s“3“rÃÃãÆ7W'&VçEöWö6…öf–ÆUö–çFVw&—G•öæ÷E÷FV×÷&Åö6ö×&&–Æ—G£csRÃã3Sƒ3“““““““s3CSs2ÃÃãÆ7W'&VçEöWö6…öf–ÆUö–çFVw&—G•öæ÷E÷FV×÷&Åö6ö×&&–Æ—G£csbÂÓã3c#““““““ss“#scSRÃÃãÆ7W'&VçEöWö6…öf–ÆUö–çFVw&—G•öæ÷E÷FV×÷&Åö6ö×&&–Æ—G£csrÂÓã“c“cƒ#c"ÃÃãÆ7W'&VçEöWö6…öf–ÆUö–çFVw&—G•öæ÷E÷FV×÷&Åö6ö×&&–Æ—G£cs‚ÃãC3CsS3C“#RÃÃãÆ7W'&VçEöWö6…öf–ÆUö–çFVw&—G•öæ÷E÷FV×÷&Åö6ö×&&–Æ—G£cs’Ãã#ƒ“ƒ““““““ƒ3“S‚ÃÃãÆ7W'&VçEöWö6…öf–ÆUö–çFVw&—G•öæ÷E÷FV×÷&Åö6ö×&&–Æ—G£cƒÂÓãCcsc#3“ƒbÃÃãÆ7W'&VçEöWö6…öf–ÆUö–çFVw&—G•öæ÷E÷FV×÷&Åö6ö×&&–Æ—G£cƒÂÓãCcssccSC2ÃÃãÆ7W'&VçEöWö6…öf–ÆUö–çFVw&—G•öæ÷E÷FV×÷&Åö6ö×&&–Æ—G£cƒ"ÂÓã3CcScbÃÃãÆ7W'&VçEöWö6…öf–ÆUö–çFVw&—G•öæ÷E÷FV×÷&Åö6ö×&&–Æ—G£cƒ2ÂÓã#S#““““““ccS’ÃÃãÆ7W'&VçEöWö6…öf–ÆUö–çFVw&—G•öæ÷E÷FV×÷&Åö6ö×&&–Æ—G£cƒBÂÓãCssSƒ““““““C“cSBÃÃãÆ7W'&VçEöWö6…öf–ÆUö–çFVw&—G•öæ÷E÷FV×÷&Åö6ö×&&–Æ—G£cƒRÂÓãCc#““““““c3“Ss‚ÃÃãÆ7W'&VçEöWö6…öf–ÆUö–çFVw&—G•öæ÷E÷FV×÷&Åö6ö×&&–Æ—G£cƒbÃã“ccCCRÃÃãÆ7W'&VçEöWö6…öf–ÆUö–çFVw&—G•öæ÷E÷FV×÷&Åö6ö×&&–Æ—G